EquipmentID,Date,Vibration_mms,BearingTemp_C,Pressure_bar
1001,2024-01-01,2.122,49.52,6.697
1001,2024-01-02,2.209,47.67,6.843
1001,2024-01-03,2.102,49.48,6.675
1001,2024-01-04,2.312,49.07,7.016
1001,2024-01-05,2.568,48.86,6.556
1001,2024-01-06,2.202,49.1,6.702
1001,2024-01-07,2.176,48.64,6.376
1001,2024-01-08,2.398,48.57,6.476
1001,2024-01-09,2.371,47.49,6.863
1001,2024-01-10,2.321,49.15,6.522
1001,2024-01-11,2.114,51.02,6.743
1001,2024-01-12,2.294,51.16,6.654
1001,2024-01-13,2.439,50.5,6.507
1001,2024-01-14,2.031,49.88,6.611
1001,2024-01-15,2.209,48.5,6.586
1001,2024-01-16,1.92,50.62,6.59
1001,2024-01-17,2.042,49.12,6.777
1001,2024-01-18,1.932,49.11,6.761
1001,2024-01-19,2.253,48.89,6.577
1001,2024-01-20,2.047,49.27,6.527
1001,2024-01-21,2.354,48.74,6.706
1001,2024-01-22,2.331,49.09,6.649
1001,2024-01-23,2.263,48.09,6.818
1001,2024-01-24,1.797,48.8,7.062
1001,2024-01-25,2.192,51.46,6.79
1001,2024-01-26,2.29,49.11,6.658
1001,2024-01-27,2.323,48.94,6.638
1001,2024-01-28,,,
1001,2024-01-29,2.205,49.89,6.528
1001,2024-01-30,2.104,48.06,6.513
1001,2024-01-31,2.138,48.97,6.604
1001,2024-02-01,2.512,50.1,6.599
1001,2024-02-02,2.139,49.45,6.775
1001,2024-02-03,2.294,49.3,6.604
1001,2024-02-04,2.477,50.73,6.634
1001,2024-02-05,2.183,48.5,6.481
1001,2024-02-06,2.278,49.26,6.91
1001,2024-02-07,2.322,48.66,6.74
1001,2024-02-08,2.313,50.67,6.932
1001,2024-02-09,2.055,47.23,6.783
1001,2024-02-10,2.315,48.51,6.887
1001,2024-02-11,2.572,48.65,6.626
1001,2024-02-12,1.991,49.84,6.771
1001,2024-02-13,2.472,49.78,7.069
1001,2024-02-14,2.324,50.57,6.48
1001,2024-02-15,2.172,47.6,6.84
1001,2024-02-16,2.7,49.93,6.918
1001,2024-02-17,2.453,48.88,6.727
1001,2024-02-18,2.06,48.51,6.778
1001,2024-02-19,2.315,49.72,6.855
1001,2024-02-20,2.415,48.26,6.563
1001,2024-02-21,2.262,47.1,6.726
1001,2024-02-22,2.437,48.81,6.53
1001,2024-02-23,2.287,47.68,6.56
1001,2024-02-24,2.434,48.53,6.569
1001,2024-02-25,2.588,49.55,6.642
1001,2024-02-26,2.165,49.49,6.686
1001,2024-02-27,2.341,50.76,6.733
1001,2024-02-28,2.207,48.98,6.446
1001,2024-02-29,2.326,47.64,6.968
1001,2024-03-01,2.063,48.42,6.841
1001,2024-03-02,2.184,48.26,6.775
1001,2024-03-03,2.261,47.96,6.609
1001,2024-03-04,2.48,49.61,6.65
1001,2024-03-05,2.529,48.53,6.748
1001,2024-03-06,2.035,47.2,6.727
1001,2024-03-07,2.141,49.87,6.405
1001,2024-03-08,2.429,49.07,6.777
1001,2024-03-09,1.902,49.53,7.112
1001,2024-03-10,2.207,49.28,6.38
1001,2024-03-11,2.281,49.81,6.816
1001,2024-03-12,2.551,49.22,6.72
1001,2024-03-13,2.438,50.41,6.646
1001,2024-03-14,2.235,49.6,6.875
1001,2024-03-15,2.226,49.57,6.481
1001,2024-03-16,2.25,49.59,6.689
1001,2024-03-17,2.605,47.72,6.889
1001,2024-03-18,2.214,49.01,6.633
1001,2024-03-19,2.239,48.92,6.599
1001,2024-03-20,2.371,49.39,6.681
1001,2024-03-21,2.276,47.82,6.595
1001,2024-03-22,2.261,50.81,6.902
1001,2024-03-23,2.077,49.28,6.524
1001,2024-03-24,2.298,47.97,6.798
1001,2024-03-25,2.211,47.47,6.471
1001,2024-03-26,2.533,48.9,6.767
1001,2024-03-27,2.431,49.09,6.647
1001,2024-03-28,2.295,48.46,6.265
1001,2024-03-29,2.434,49.27,6.663
1001,2024-03-30,2.232,48.54,6.499
1001,2024-03-31,2.511,49.73,6.595
1001,2024-04-01,2.299,48.45,6.901
1001,2024-04-02,2.417,49.14,6.491
1001,2024-04-03,2.042,50.16,6.5
1001,2024-04-04,2.369,51.75,6.886
1001,2024-04-05,1.962,48.17,6.681
1001,2024-04-06,1.893,48.71,6.901
1001,2024-04-07,2.239,48.34,6.713
1001,2024-04-08,2.12,49.96,6.527
1001,2024-04-09,2.333,48.03,6.653
1001,2024-04-10,2.749,49.18,6.664
1001,2024-04-11,2.311,49.2,6.655
1001,2024-04-12,2.342,49.27,6.629
1001,2024-04-13,2.395,49.38,6.587
1001,2024-04-14,,,
1001,2024-04-15,2.562,49.74,6.451
1001,2024-04-16,2.678,49.99,6.357
1001,2024-04-17,2.814,50.28,6.247
1001,2024-04-18,2.972,50.62,6.119
1001,2024-04-19,3.15,51.0,5.974
1001,2024-04-20,3.35,51.43,5.812
1001,2024-04-21,3.57,51.91,5.634
1001,2024-04-22,3.811,52.43,5.438
1001,2024-04-23,4.074,52.99,5.225
1001,2024-04-24,4.357,53.6,4.995
1001,2024-04-25,4.662,54.25,4.749
1001,2024-04-26,4.987,54.95,4.485
1001,2024-04-27,5.333,55.7,4.204
1001,2024-04-28,5.701,56.49,3.906
1001,2024-04-29,6.089,57.32,3.591
1001,2024-04-30,6.498,58.2,3.259
1001,2024-05-01,,,
1001,2024-05-02,2.373,50.34,6.667
1001,2024-05-03,1.874,48.7,6.992
1001,2024-05-04,2.469,50.12,6.767
1001,2024-05-05,1.951,48.58,6.609
1001,2024-05-06,2.451,49.02,6.776
1001,2024-05-07,,,
1001,2024-05-08,2.456,49.94,6.532
1001,2024-05-09,2.326,48.68,6.675
1001,2024-05-10,1.993,49.09,6.638
1001,2024-05-11,2.55,49.5,6.36
1001,2024-05-12,2.588,50.39,6.637
1001,2024-05-13,2.287,48.69,6.62
1001,2024-05-14,2.245,47.44,6.596
1001,2024-05-15,2.268,48.9,6.41
1001,2024-05-16,2.105,49.19,6.609
1001,2024-05-17,2.52,49.29,6.657
1001,2024-05-18,2.191,50.49,6.679
1001,2024-05-19,2.29,49.49,6.488
1001,2024-05-20,2.141,49.99,6.761
1001,2024-05-21,2.175,48.08,6.476
1001,2024-05-22,2.045,50.05,6.629
1001,2024-05-23,2.551,51.27,6.865
1001,2024-05-24,,,
1001,2024-05-25,2.493,49.43,6.585
1001,2024-05-26,2.303,49.33,6.829
1001,2024-05-27,2.161,50.96,6.604
1001,2024-05-28,2.235,48.25,6.618
1001,2024-05-29,2.188,49.07,6.698
1001,2024-05-30,2.302,49.64,6.825
1001,2024-05-31,2.225,49.92,6.324
1001,2024-06-01,2.24,48.74,6.536
1001,2024-06-02,2.024,49.49,6.508
1001,2024-06-03,2.139,48.9,6.496
1001,2024-06-04,2.631,49.3,6.532
1001,2024-06-05,2.166,49.05,6.534
1001,2024-06-06,,,
1001,2024-06-07,2.368,49.16,6.527
1001,2024-06-08,2.582,50.05,6.682
1001,2024-06-09,2.009,48.21,6.725
1001,2024-06-10,2.258,48.94,6.551
1001,2024-06-11,2.174,49.84,6.684
1001,2024-06-12,1.948,48.11,6.915
1001,2024-06-13,2.447,49.36,6.713
1001,2024-06-14,2.295,48.12,6.566
1001,2024-06-15,2.314,50.31,6.654
1001,2024-06-16,2.15,51.49,6.523
1001,2024-06-17,2.391,51.2,6.705
1001,2024-06-18,2.192,48.96,6.796
1001,2024-06-19,2.271,49.92,6.538
1001,2024-06-20,2.078,49.3,6.631
1001,2024-06-21,2.057,49.28,6.834
1001,2024-06-22,2.567,50.73,6.587
1001,2024-06-23,2.199,47.86,6.692
1001,2024-06-24,2.358,50.23,6.507
1001,2024-06-25,2.293,49.13,6.538
1001,2024-06-26,2.212,50.59,6.585
1001,2024-06-27,2.198,49.36,6.99
1001,2024-06-28,2.426,48.51,6.602
1001,2024-06-29,2.24,49.45,6.584
1001,2024-06-30,2.27,49.91,6.579
1001,2024-07-01,,,
1001,2024-07-02,2.535,49.67,6.762
1001,2024-07-03,2.436,48.66,6.692
1001,2024-07-04,2.377,47.04,6.972
1001,2024-07-05,2.187,50.08,6.696
1001,2024-07-06,2.024,49.88,6.881
1001,2024-07-07,2.49,49.33,6.705
1001,2024-07-08,2.493,49.25,6.754
1001,2024-07-09,2.272,50.21,6.447
1001,2024-07-10,2.408,48.72,6.644
1001,2024-07-11,2.456,48.47,6.653
1001,2024-07-12,2.466,48.99,6.627
1001,2024-07-13,2.484,50.37,6.341
1001,2024-07-14,2.209,47.79,6.796
1001,2024-07-15,2.603,50.37,6.605
1001,2024-07-16,2.051,48.54,6.598
1001,2024-07-17,2.472,48.08,6.625
1001,2024-07-18,,,
1001,2024-07-19,2.475,49.08,6.725
1001,2024-07-20,2.676,47.88,6.473
1001,2024-07-21,2.597,48.82,6.524
1001,2024-07-22,2.071,50.11,6.707
1001,2024-07-23,1.962,50.37,6.685
1001,2024-07-24,2.463,48.75,6.607
1001,2024-07-25,2.097,49.58,6.577
1001,2024-07-26,2.298,49.89,6.538
1001,2024-07-27,2.468,48.53,6.655
1001,2024-07-28,1.971,49.53,6.841
1001,2024-07-29,,,
1001,2024-07-30,2.352,48.64,6.892
1001,2024-07-31,2.309,48.69,6.79
1001,2024-08-01,2.251,49.24,6.596
1001,2024-08-02,2.308,49.21,6.781
1001,2024-08-03,2.128,48.61,6.444
1001,2024-08-04,1.997,48.75,6.404
1001,2024-08-05,2.267,50.29,6.47
1001,2024-08-06,2.106,49.39,6.602
1001,2024-08-07,1.971,50.06,6.615
1001,2024-08-08,2.401,50.38,6.586
1001,2024-08-09,2.288,49.77,6.678
1001,2024-08-10,2.381,51.45,6.343
1001,2024-08-11,2.102,48.35,6.738
1001,2024-08-12,2.168,49.99,6.451
1001,2024-08-13,2.1,48.86,6.564
1001,2024-08-14,2.123,51.03,6.602
1001,2024-08-15,2.339,50.88,6.49
1001,2024-08-16,,,
1001,2024-08-17,2.371,48.21,6.513
1001,2024-08-18,2.368,49.84,6.662
1001,2024-08-19,2.705,49.97,6.752
1001,2024-08-20,2.022,49.91,6.748
1001,2024-08-21,2.478,49.11,6.514
1001,2024-08-22,2.282,49.63,6.545
1001,2024-08-23,2.297,49.83,6.525
1001,2024-08-24,2.01,49.1,6.731
1001,2024-08-25,2.208,50.21,6.358
1001,2024-08-26,2.449,46.92,6.849
1001,2024-08-27,2.284,49.81,6.591
1001,2024-08-28,2.316,48.14,6.546
1001,2024-08-29,2.242,50.14,6.714
1001,2024-08-30,2.531,48.95,6.818
1001,2024-08-31,2.296,48.29,6.715
1001,2024-09-01,1.86,49.55,6.821
1001,2024-09-02,2.162,48.27,6.684
1001,2024-09-03,1.906,48.26,6.848
1001,2024-09-04,1.65,47.61,6.85
1001,2024-09-05,2.194,49.15,6.649
1001,2024-09-06,2.567,49.67,6.879
1001,2024-09-07,2.31,50.2,6.688
1001,2024-09-08,2.066,49.04,6.677
1001,2024-09-09,2.112,50.23,6.525
1001,2024-09-10,2.526,49.2,6.62
1001,2024-09-11,2.332,49.08,6.78
1001,2024-09-12,2.31,49.75,6.467
1001,2024-09-13,2.289,50.24,6.761
1001,2024-09-14,2.308,48.84,6.716
1001,2024-09-15,2.461,48.93,6.705
1001,2024-09-16,2.411,49.02,6.333
1001,2024-09-17,2.343,49.26,6.648
1001,2024-09-18,2.092,48.28,6.761
1001,2024-09-19,2.402,50.21,6.549
1001,2024-09-20,2.163,48.78,6.677
1001,2024-09-21,2.519,49.64,6.307
1001,2024-09-22,2.046,48.35,6.764
1001,2024-09-23,2.273,49.54,6.564
1001,2024-09-24,2.299,49.57,6.794
1001,2024-09-25,2.035,48.76,6.387
1001,2024-09-26,,,
1001,2024-09-27,2.592,49.55,6.628
1001,2024-09-28,2.207,50.95,6.785
1001,2024-09-29,2.454,50.14,6.525
1001,2024-09-30,2.376,48.52,6.571
1001,2024-10-01,1.777,48.8,7.0
1001,2024-10-02,2.35,49.61,6.539
1001,2024-10-03,2.288,49.24,6.558
1001,2024-10-04,2.317,49.23,6.622
1001,2024-10-05,2.085,48.89,6.51
1001,2024-10-06,2.246,47.37,6.842
1001,2024-10-07,2.264,48.95,6.922
1001,2024-10-08,2.538,46.96,6.558
1001,2024-10-09,2.367,49.55,6.405
1001,2024-10-10,2.299,48.45,6.839
1001,2024-10-11,2.606,48.46,6.83
1001,2024-10-12,2.189,48.96,6.787
1001,2024-10-13,2.222,49.45,6.837
1001,2024-10-14,1.937,47.75,6.533
1001,2024-10-15,,,
1001,2024-10-16,2.493,48.11,6.456
1001,2024-10-17,2.483,47.14,6.451
1001,2024-10-18,2.434,48.21,6.811
1001,2024-10-19,2.322,50.77,6.563
1001,2024-10-20,2.343,48.12,7.005
1001,2024-10-21,2.25,49.83,6.675
1001,2024-10-22,2.259,47.81,6.567
1001,2024-10-23,2.311,49.48,6.783
1001,2024-10-24,2.602,48.86,6.934
1001,2024-10-25,2.411,49.12,6.736
1001,2024-10-26,2.288,49.75,6.481
1001,2024-10-27,2.184,50.93,6.719
1001,2024-10-28,2.173,49.37,6.87
1001,2024-10-29,2.621,49.3,6.59
1001,2024-10-30,2.401,48.2,6.547
1001,2024-10-31,2.314,49.76,6.816
1001,2024-11-01,2.231,48.93,6.685
1001,2024-11-02,2.078,50.01,6.498
1001,2024-11-03,2.287,49.13,6.607
1001,2024-11-04,2.475,50.92,6.55
1001,2024-11-05,2.222,47.19,6.708
1001,2024-11-06,2.255,48.88,6.68
1001,2024-11-07,2.256,50.06,6.836
1001,2024-11-08,2.322,48.83,6.77
1001,2024-11-09,1.981,48.39,6.429
1001,2024-11-10,2.253,48.91,6.725
1001,2024-11-11,2.129,47.8,6.798
1001,2024-11-12,2.477,49.3,6.732
1001,2024-11-13,2.146,51.62,6.818
1001,2024-11-14,2.415,50.32,6.581
1001,2024-11-15,2.605,48.07,6.521
1001,2024-11-16,2.237,48.3,6.803
1001,2024-11-17,2.18,48.77,6.504
1001,2024-11-18,2.338,50.18,6.34
1001,2024-11-19,2.3,48.36,6.817
1001,2024-11-20,2.101,48.49,6.555
1001,2024-11-21,2.392,50.06,6.618
1001,2024-11-22,2.703,50.04,6.454
1001,2024-11-23,2.248,48.8,6.465
1001,2024-11-24,2.26,48.06,6.49
1001,2024-11-25,2.091,47.63,6.609
1001,2024-11-26,2.364,48.48,6.719
1001,2024-11-27,2.051,46.95,6.319
1001,2024-11-28,2.079,49.93,6.776
1001,2024-11-29,2.556,48.55,6.486
1001,2024-11-30,2.119,49.66,6.504
1001,2024-12-01,2.516,51.05,6.765
1001,2024-12-02,2.605,50.35,6.652
1001,2024-12-03,2.352,48.03,6.433
1001,2024-12-04,2.411,50.05,6.94
1001,2024-12-05,2.691,50.34,6.534
1001,2024-12-06,2.3,49.18,6.664
1001,2024-12-07,2.311,49.21,6.661
1001,2024-12-08,2.345,49.3,6.655
1001,2024-12-09,2.4,49.45,6.595
1001,2024-12-10,2.596,50.65,6.631
1001,2024-12-11,2.578,49.95,6.552
1001,2024-12-12,2.7,50.28,6.59
1001,2024-12-13,2.844,50.68,6.549
1001,2024-12-14,3.011,51.14,6.534
1001,2024-12-15,3.2,51.67,6.499
1001,2024-12-16,3.411,52.25,6.461
1001,2024-12-17,3.644,52.89,6.418
1001,2024-12-18,3.9,53.6,6.371
1001,2024-12-19,4.177,54.37,6.321
1001,2024-12-20,4.477,55.2,6.266
1001,2024-12-21,4.799,56.09,6.207
1001,2024-12-22,5.144,57.04,6.144
1001,2024-12-23,5.51,58.05,6.077
1001,2024-12-24,5.899,59.13,6.006
1001,2024-12-25,6.31,60.26,5.931
1001,2024-12-26,6.743,61.46,5.852
1001,2024-12-27,1.963,49.53,6.69
1001,2024-12-28,2.378,48.5,6.666
1001,2024-12-29,1.911,51.22,6.517
1001,2024-12-30,2.018,51.49,6.749
1001,2024-12-31,2.471,47.72,6.357
1001,2025-01-01,2.441,49.48,6.599
1001,2025-01-02,2.27,51.69,6.603
1001,2025-01-03,1.958,49.96,6.623
1001,2025-01-04,2.226,49.4,6.71
1001,2025-01-05,2.164,48.97,6.479
1001,2025-01-06,2.427,48.64,6.752
1001,2025-01-07,2.752,48.97,6.637
1001,2025-01-08,2.343,48.63,6.566
1001,2025-01-09,2.144,49.92,6.459
1001,2025-01-10,2.066,48.78,6.486
1001,2025-01-11,2.289,48.74,6.718
1001,2025-01-12,2.265,47.98,6.519
1001,2025-01-13,2.07,49.13,6.673
1001,2025-01-14,,,
1001,2025-01-15,2.07,49.0,6.818
1001,2025-01-16,2.522,50.22,6.898
1001,2025-01-17,2.513,49.54,6.619
1001,2025-01-18,2.517,49.68,6.501
1001,2025-01-19,2.205,49.53,6.817
1001,2025-01-20,2.403,49.24,6.71
1001,2025-01-21,2.274,49.05,6.832
1001,2025-01-22,2.222,48.87,6.665
1001,2025-01-23,2.232,49.94,6.843
1001,2025-01-24,2.04,48.09,6.79
1001,2025-01-25,2.011,50.52,6.771
1001,2025-01-26,2.459,49.21,6.739
1001,2025-01-27,2.262,48.43,6.723
1001,2025-01-28,2.343,48.69,6.698
1001,2025-01-29,2.5,48.5,6.697
1001,2025-01-30,1.953,49.34,6.812
1001,2025-01-31,2.143,48.46,6.587
1001,2025-02-01,2.335,50.32,6.924
1001,2025-02-02,2.378,48.4,6.648
1001,2025-02-03,2.225,46.91,6.811
1001,2025-02-04,2.506,48.45,6.65
1001,2025-02-05,2.342,47.17,6.627
1001,2025-02-06,2.057,49.14,6.968
1001,2025-02-07,2.114,50.24,6.617
1001,2025-02-08,2.461,49.83,6.472
1001,2025-02-09,2.393,47.84,6.556
1001,2025-02-10,,,
1001,2025-02-11,2.57,50.96,6.987
1001,2025-02-12,2.42,49.5,6.695
1001,2025-02-13,2.569,49.18,6.804
1001,2025-02-14,,,
1001,2025-02-15,2.241,51.63,6.716
1001,2025-02-16,2.075,50.47,6.764
1001,2025-02-17,2.807,49.32,6.934
1001,2025-02-18,2.265,49.53,6.559
1001,2025-02-19,2.618,49.79,6.754
1001,2025-02-20,2.171,48.57,6.709
1001,2025-02-21,2.333,48.12,6.51
1001,2025-02-22,1.966,49.23,6.661
1001,2025-02-23,2.224,48.23,6.624
1001,2025-02-24,2.497,49.12,6.315
1001,2025-02-25,2.05,49.27,6.753
1001,2025-02-26,2.515,51.52,6.745
1001,2025-02-27,2.368,48.33,6.598
1001,2025-02-28,2.091,49.06,6.463
1001,2025-03-01,2.2,49.01,6.886
1001,2025-03-02,2.208,49.62,6.703
1001,2025-03-03,2.29,50.22,6.816
1001,2025-03-04,2.193,48.69,6.875
1001,2025-03-05,2.135,48.36,6.585
1001,2025-03-06,2.239,47.54,6.785
1001,2025-03-07,2.095,48.25,6.627
1001,2025-03-08,2.042,49.71,6.654
1001,2025-03-09,2.29,49.22,6.651
1001,2025-03-10,2.477,48.16,6.663
1001,2025-03-11,1.994,48.8,6.831
1001,2025-03-12,2.301,49.21,6.682
1001,2025-03-13,2.17,49.68,6.64
1001,2025-03-14,2.105,48.58,6.622
1001,2025-03-15,2.471,48.93,6.715
1001,2025-03-16,2.196,47.36,6.529
1001,2025-03-17,2.6,48.03,6.588
1001,2025-03-18,2.144,50.8,6.656
1001,2025-03-19,2.377,46.99,6.579
1001,2025-03-20,2.255,48.84,6.646
1001,2025-03-21,2.149,49.4,6.572
1001,2025-03-22,2.418,48.8,6.964
1001,2025-03-23,,,
1001,2025-03-24,2.421,49.12,6.731
1001,2025-03-25,2.291,49.17,6.655
1001,2025-03-26,2.083,49.1,6.992
1001,2025-03-27,2.28,47.3,6.712
1001,2025-03-28,2.31,49.03,6.651
1001,2025-03-29,2.492,48.32,6.709
1001,2025-03-30,2.119,48.63,6.709
1001,2025-03-31,2.292,49.4,6.875
1001,2025-04-01,1.956,49.82,6.661
1001,2025-04-02,2.43,50.07,6.978
1001,2025-04-03,2.084,48.68,6.531
1001,2025-04-04,1.939,50.1,6.768
1001,2025-04-05,2.288,50.35,6.513
1001,2025-04-06,2.521,50.31,6.936
1001,2025-04-07,1.995,50.57,6.614
1001,2025-04-08,2.082,49.03,6.655
1001,2025-04-09,2.151,49.0,6.802
1001,2025-04-10,2.074,50.0,6.852
1001,2025-04-11,2.376,47.81,6.497
1001,2025-04-12,2.139,49.39,6.612
1001,2025-04-13,2.156,48.65,6.454
1001,2025-04-14,2.417,48.81,6.684
1001,2025-04-15,2.149,47.44,6.648
1001,2025-04-16,2.387,48.29,6.611
1001,2025-04-17,2.106,49.16,6.561
1001,2025-04-18,2.058,50.07,6.606
1001,2025-04-19,1.933,50.17,6.552
1001,2025-04-20,2.672,49.1,6.743
1001,2025-04-21,2.236,48.99,6.891
1001,2025-04-22,2.349,48.35,6.374
1001,2025-04-23,2.294,49.58,6.646
1001,2025-04-24,2.332,48.93,6.601
1001,2025-04-25,2.31,49.78,6.737
1001,2025-04-26,2.682,50.93,6.521
1001,2025-04-27,2.092,49.15,6.642
1001,2025-04-28,1.989,47.68,6.508
1001,2025-04-29,2.098,48.32,6.768
1001,2025-04-30,2.033,47.72,6.678
1001,2025-05-01,2.449,47.98,6.639
1001,2025-05-02,2.464,50.48,6.719
1001,2025-05-03,2.108,49.4,6.627
1001,2025-05-04,2.022,47.66,6.43
1001,2025-05-05,2.229,49.83,6.753
1001,2025-05-06,2.578,50.44,6.707
1001,2025-05-07,1.736,48.82,6.64
1001,2025-05-08,2.405,48.5,6.811
1001,2025-05-09,2.085,48.84,6.846
1001,2025-05-10,2.508,49.46,6.5
1001,2025-05-11,2.084,49.82,6.546
1001,2025-05-12,2.243,50.36,6.896
1001,2025-05-13,1.999,50.39,6.876
1001,2025-05-14,2.105,50.36,6.553
1001,2025-05-15,2.577,50.54,6.486
1001,2025-05-16,2.464,49.84,6.568
1001,2025-05-17,2.22,47.65,6.589
1001,2025-05-18,2.126,49.05,6.426
1001,2025-05-19,1.921,49.49,6.668
1001,2025-05-20,2.221,48.79,6.472
1001,2025-05-21,2.294,50.09,6.482
1001,2025-05-22,2.283,48.82,6.801
1001,2025-05-23,2.281,48.25,6.561
1001,2025-05-24,2.076,50.62,6.653
1001,2025-05-25,2.287,49.84,6.758
1001,2025-05-26,2.292,49.4,6.786
1001,2025-05-27,2.558,50.1,6.613
1001,2025-05-28,2.673,50.24,6.67
1001,2025-05-29,2.273,49.52,6.54
1001,2025-05-30,2.147,46.72,6.926
1001,2025-05-31,2.287,48.5,6.761
1001,2025-06-01,2.179,48.72,6.498
1001,2025-06-02,2.152,48.19,6.664
1001,2025-06-03,2.288,49.38,6.771
1001,2025-06-04,2.091,50.37,6.735
1001,2025-06-05,2.421,48.69,6.938
1001,2025-06-06,2.279,48.04,6.869
1001,2025-06-07,2.35,51.21,6.583
1001,2025-06-08,2.263,48.73,6.65
1001,2025-06-09,2.155,47.94,6.471
1001,2025-06-10,2.11,49.42,6.701
1001,2025-06-11,2.253,49.6,6.686
1001,2025-06-12,,,
1001,2025-06-13,2.347,49.97,6.678
1001,2025-06-14,2.299,48.69,6.35
1001,2025-06-15,2.028,48.25,6.563
1001,2025-06-16,2.314,49.36,6.68
1001,2025-06-17,2.032,49.95,6.475
1001,2025-06-18,2.177,48.54,6.533
1001,2025-06-19,2.241,49.51,6.609
1001,2025-06-20,1.885,49.08,6.715
1001,2025-06-21,2.318,52.0,6.639
1001,2025-06-22,2.33,48.47,6.53
1001,2025-06-23,2.268,50.56,6.782
1001,2025-06-24,2.215,49.13,6.583
1001,2025-06-25,2.225,49.05,6.589
1001,2025-06-26,2.105,49.9,6.457
1001,2025-06-27,2.246,50.07,6.546
1001,2025-06-28,2.19,50.44,6.761
1001,2025-06-29,2.318,49.51,6.421
1001,2025-06-30,2.059,48.58,6.653
1001,2025-07-01,2.347,48.64,6.771
1001,2025-07-02,2.329,49.69,6.607
1001,2025-07-03,2.272,49.76,6.699
1001,2025-07-04,2.212,50.58,6.496
1001,2025-07-05,2.411,49.6,6.86
1001,2025-07-06,1.967,50.24,6.829
1001,2025-07-07,2.392,50.69,6.699
1001,2025-07-08,2.349,49.34,6.4
1001,2025-07-09,2.357,47.69,6.507
1001,2025-07-10,2.377,48.0,6.81
1001,2025-07-11,2.169,47.74,6.92
1001,2025-07-12,,,
1001,2025-07-13,2.427,48.33,6.851
1001,2025-07-14,2.386,50.41,6.572
1001,2025-07-15,2.341,49.76,6.635
1001,2025-07-16,1.997,50.89,6.664
1001,2025-07-17,2.408,50.18,6.727
1001,2025-07-18,2.534,49.08,6.434
1001,2025-07-19,2.502,48.98,6.805
1001,2025-07-20,2.347,49.26,6.862
1001,2025-07-21,1.989,49.35,6.491
1001,2025-07-22,2.489,48.65,6.46
1001,2025-07-23,2.271,49.15,6.716
1001,2025-07-24,1.794,50.79,6.565
1001,2025-07-25,2.376,47.48,6.308
1001,2025-07-26,2.002,49.44,6.785
1001,2025-07-27,2.041,48.27,6.687
1001,2025-07-28,2.173,49.36,6.592
1001,2025-07-29,2.555,50.02,6.981
1001,2025-07-30,,,
1001,2025-07-31,2.354,49.95,6.551
1001,2025-08-01,2.65,47.59,6.679
1001,2025-08-02,2.619,50.28,6.508
1001,2025-08-03,2.279,48.57,6.549
1001,2025-08-04,2.252,49.8,6.721
1001,2025-08-05,2.048,49.36,6.58
1001,2025-08-06,2.161,46.59,6.596
1001,2025-08-07,2.385,48.42,6.914
1001,2025-08-08,2.379,49.4,6.792
1001,2025-08-09,2.322,50.73,6.784
1001,2025-08-10,2.499,49.46,6.743
1001,2025-08-11,2.146,49.44,6.736
1001,2025-08-12,2.289,47.77,6.882
1001,2025-08-13,2.446,50.61,6.661
1001,2025-08-14,2.417,50.98,6.942
1001,2025-08-15,2.514,49.21,6.521
1001,2025-08-16,2.379,48.96,6.625
1001,2025-08-17,2.238,47.56,6.457
1001,2025-08-18,2.373,50.06,6.612
1001,2025-08-19,2.1,51.88,6.741
1001,2025-08-20,1.972,49.89,6.881
1001,2025-08-21,2.416,50.44,6.564
1001,2025-08-22,2.289,49.72,6.664
1001,2025-08-23,2.362,48.19,6.61
1001,2025-08-24,1.961,50.51,6.553
1001,2025-08-25,2.227,47.94,6.485
1001,2025-08-26,2.18,48.97,6.673
1001,2025-08-27,2.127,49.46,6.404
1001,2025-08-28,1.849,50.06,6.68
1001,2025-08-29,2.233,49.59,6.667
1001,2025-08-30,2.48,49.56,6.565
1001,2025-08-31,2.376,48.42,6.512
1001,2025-09-01,2.18,47.89,6.456
1001,2025-09-02,2.297,49.24,6.944
1001,2025-09-03,2.451,48.47,6.462
1001,2025-09-04,1.748,47.87,6.897
1001,2025-09-05,2.275,47.91,6.754
1001,2025-09-06,2.409,48.69,6.609
1001,2025-09-07,2.437,47.33,6.49
1001,2025-09-08,2.64,47.83,6.82
1001,2025-09-09,2.527,47.54,6.923
1001,2025-09-10,2.363,49.36,6.523
1001,2025-09-11,2.36,49.59,6.619
1001,2025-09-12,2.457,51.18,6.821
1001,2025-09-13,2.192,47.68,6.714
1001,2025-09-14,2.292,48.5,6.964
1001,2025-09-15,2.481,50.09,6.578
1001,2025-09-16,2.692,48.96,6.745
1001,2025-09-17,2.268,48.85,6.476
1001,2025-09-18,,,
1001,2025-09-19,2.34,48.84,6.554
1001,2025-09-20,2.569,48.02,6.332
1001,2025-09-21,2.294,47.86,6.645
1001,2025-09-22,2.594,49.51,6.643
1001,2025-09-23,2.107,49.48,6.951
1001,2025-09-24,2.263,47.81,6.613
1001,2025-09-25,2.26,48.19,6.662
1001,2025-09-26,2.457,49.71,6.753
1001,2025-09-27,2.509,49.75,6.901
1001,2025-09-28,1.998,48.53,6.654
1001,2025-09-29,2.117,49.8,6.819
1001,2025-09-30,2.367,49.75,6.741
1001,2025-10-01,2.168,47.39,6.619
1001,2025-10-02,1.996,48.87,6.675
1001,2025-10-03,2.508,49.59,6.668
1001,2025-10-04,2.399,48.6,6.526
1001,2025-10-05,2.399,47.04,6.846
1001,2025-10-06,2.205,48.89,6.456
1001,2025-10-07,2.506,49.93,6.839
1001,2025-10-08,2.252,50.76,6.807
1001,2025-10-09,2.519,46.99,6.65
1001,2025-10-10,2.118,51.79,6.549
1001,2025-10-11,2.129,48.05,6.63
1001,2025-10-12,2.341,50.13,6.734
1001,2025-10-13,2.16,50.41,6.775
1001,2025-10-14,2.435,50.16,6.707
1001,2025-10-15,2.352,49.33,6.812
1001,2025-10-16,2.115,48.02,6.58
1001,2025-10-17,2.315,49.8,6.699
1001,2025-10-18,2.23,48.46,6.428
1001,2025-10-19,2.483,46.66,6.778
1001,2025-10-20,2.174,52.01,6.687
1001,2025-10-21,2.212,49.89,6.601
1001,2025-10-22,2.542,51.0,6.838
1001,2025-10-23,2.748,48.27,6.767
1001,2025-10-24,2.7,50.65,6.241
1001,2025-10-25,2.313,50.77,6.67
1001,2025-10-26,2.344,50.73,6.445
1001,2025-10-27,2.607,49.16,6.824
1001,2025-10-28,2.275,47.98,7.037
1001,2025-10-29,2.105,49.0,6.586
1001,2025-10-30,2.323,46.97,6.675
1001,2025-10-31,2.39,47.48,6.626
1001,2025-11-01,2.134,49.27,6.716
1001,2025-11-02,1.971,48.19,6.76
1001,2025-11-03,2.013,49.01,6.857
1001,2025-11-04,2.433,49.07,6.515
1001,2025-11-05,2.148,51.11,6.899
1001,2025-11-06,2.272,50.48,6.524
1001,2025-11-07,2.343,49.13,6.705
1001,2025-11-08,2.424,50.39,6.837
1001,2025-11-09,2.233,48.4,6.771
1001,2025-11-10,2.4,48.84,6.523
1001,2025-11-11,2.122,50.09,6.558
1001,2025-11-12,2.228,47.94,6.594
1001,2025-11-13,2.095,48.9,6.656
1001,2025-11-14,2.526,47.86,6.836
1001,2025-11-15,,,
1001,2025-11-16,2.152,50.81,6.734
1001,2025-11-17,2.23,48.43,6.755
1001,2025-11-18,2.256,49.4,6.747
1001,2025-11-19,2.44,48.28,6.733
1001,2025-11-20,,,
1001,2025-11-21,2.093,47.94,6.737
1001,2025-11-22,2.224,50.63,6.792
1001,2025-11-23,2.807,51.54,6.748
1001,2025-11-24,,,
1001,2025-11-25,2.278,48.46,6.379
1001,2025-11-26,2.442,49.88,6.856
1001,2025-11-27,2.712,48.84,6.624
1001,2025-11-28,2.253,49.98,6.621
1001,2025-11-29,2.227,49.47,6.518
1001,2025-11-30,2.542,49.46,6.383
1001,2025-12-01,2.399,49.78,6.606
1001,2025-12-02,2.434,48.6,6.56
1001,2025-12-03,2.198,48.77,6.738
1001,2025-12-04,2.685,47.46,6.443
1001,2025-12-05,2.642,48.74,6.878
1001,2025-12-06,2.413,47.76,6.704
1001,2025-12-07,2.437,49.03,6.626
1001,2025-12-08,1.895,48.22,6.557
1001,2025-12-09,2.428,49.28,6.545
1001,2025-12-10,2.261,49.63,6.494
1001,2025-12-11,2.387,47.76,6.582
1001,2025-12-12,2.437,48.36,6.664
1001,2025-12-13,2.232,48.23,6.637
1001,2025-12-14,1.962,49.92,6.451
1001,2025-12-15,2.374,50.88,6.624
1001,2025-12-16,2.152,50.03,6.53
1001,2025-12-17,2.234,48.83,6.688
1001,2025-12-18,2.179,50.64,6.943
1001,2025-12-19,2.232,47.66,6.757
1001,2025-12-20,1.838,50.68,6.617
1001,2025-12-21,2.543,48.52,6.42
1001,2025-12-22,2.351,46.4,6.451
1001,2025-12-23,2.522,51.83,6.411
1001,2025-12-24,2.696,50.76,6.772
1001,2025-12-25,2.305,48.15,6.549
1001,2025-12-26,1.94,49.35,6.673
1001,2025-12-27,2.121,48.96,6.57
1001,2025-12-28,2.059,49.28,6.677
1001,2025-12-29,2.2,47.69,6.874
1001,2025-12-30,2.316,48.5,6.561
1001,2025-12-31,1.9,49.65,6.612
1002,2024-01-01,2.767,50.39,6.302
1002,2024-01-02,2.627,49.87,6.122
1002,2024-01-03,2.619,49.04,6.325
1002,2024-01-04,2.673,49.18,6.284
1002,2024-01-05,2.747,50.3,6.226
1002,2024-01-06,2.844,49.63,6.151
1002,2024-01-07,2.962,49.94,6.06
1002,2024-01-08,3.1,50.31,5.952
1002,2024-01-09,3.261,50.73,5.828
1002,2024-01-10,3.442,51.2,5.687
1002,2024-01-11,3.645,51.74,5.529
1002,2024-01-12,3.87,52.33,5.355
1002,2024-01-13,4.116,52.97,5.164
1002,2024-01-14,4.383,53.68,4.956
1002,2024-01-15,2.66,48.36,6.354
1002,2024-01-16,2.715,48.19,6.744
1002,2024-01-17,2.17,49.66,6.472
1002,2024-01-18,2.872,48.86,6.287
1002,2024-01-19,3.032,48.95,6.443
1002,2024-01-20,2.772,47.25,6.175
1002,2024-01-21,2.779,48.84,6.268
1002,2024-01-22,2.295,47.45,6.079
1002,2024-01-23,2.553,49.24,6.574
1002,2024-01-24,,,
1002,2024-01-25,2.459,48.91,6.182
1002,2024-01-26,2.77,50.97,6.35
1002,2024-01-27,2.416,49.46,6.501
1002,2024-01-28,2.55,49.53,6.433
1002,2024-01-29,2.195,49.07,6.416
1002,2024-01-30,2.545,48.74,6.23
1002,2024-01-31,2.594,49.9,6.263
1002,2024-02-01,2.435,50.03,6.373
1002,2024-02-02,2.432,47.63,6.497
1002,2024-02-03,2.954,49.99,6.234
1002,2024-02-04,2.334,49.44,6.19
1002,2024-02-05,2.366,49.89,6.53
1002,2024-02-06,2.415,49.4,6.219
1002,2024-02-07,2.816,47.69,6.52
1002,2024-02-08,2.997,47.76,6.395
1002,2024-02-09,2.643,50.76,6.491
1002,2024-02-10,2.433,49.18,6.62
1002,2024-02-11,2.491,47.51,6.462
1002,2024-02-12,2.789,49.28,6.475
1002,2024-02-13,2.394,48.57,6.221
1002,2024-02-14,2.867,47.09,6.254
1002,2024-02-15,2.86,46.64,6.455
1002,2024-02-16,2.59,47.33,6.589
1002,2024-02-17,2.706,49.2,6.568
1002,2024-02-18,2.726,48.88,6.706
1002,2024-02-19,2.887,48.68,6.405
1002,2024-02-20,2.366,49.22,6.389
1002,2024-02-21,2.813,49.53,6.51
1002,2024-02-22,2.501,46.83,6.362
1002,2024-02-23,2.423,48.63,6.349
1002,2024-02-24,2.597,48.1,6.202
1002,2024-02-25,2.533,47.7,6.507
1002,2024-02-26,2.379,48.38,6.198
1002,2024-02-27,2.257,48.81,6.436
1002,2024-02-28,2.388,48.66,6.146
1002,2024-02-29,2.867,47.48,6.523
1002,2024-03-01,2.969,48.45,6.204
1002,2024-03-02,2.706,50.95,6.485
1002,2024-03-03,,,
1002,2024-03-04,2.473,47.24,6.293
1002,2024-03-05,2.561,49.21,6.535
1002,2024-03-06,2.633,49.53,6.238
1002,2024-03-07,2.59,49.39,6.356
1002,2024-03-08,2.63,49.14,6.287
1002,2024-03-09,2.696,49.93,6.012
1002,2024-03-10,2.79,49.76,6.323
1002,2024-03-11,2.91,50.22,6.303
1002,2024-03-12,3.056,50.79,6.193
1002,2024-03-13,3.229,51.46,6.249
1002,2024-03-14,3.429,52.24,6.215
1002,2024-03-15,3.656,53.11,6.177
1002,2024-03-16,3.909,54.1,6.135
1002,2024-03-17,4.189,55.18,6.088
1002,2024-03-18,4.496,56.37,6.036
1002,2024-03-19,4.829,57.66,5.98
1002,2024-03-20,5.189,59.05,5.92
1002,2024-03-21,5.575,60.55,5.855
1002,2024-03-22,5.988,62.15,5.785
1002,2024-03-23,6.428,63.86,5.711
1002,2024-03-24,6.895,65.66,5.633
1002,2024-03-25,7.388,67.58,5.55
1002,2024-03-26,7.908,69.59,5.463
1002,2024-03-27,2.611,48.48,6.53
1002,2024-03-28,2.486,50.32,6.303
1002,2024-03-29,2.474,46.4,6.199
1002,2024-03-30,2.733,49.81,5.949
1002,2024-03-31,2.612,51.23,6.389
1002,2024-04-01,2.343,48.95,6.219
1002,2024-04-02,2.843,48.91,6.406
1002,2024-04-03,2.776,49.66,6.393
1002,2024-04-04,2.462,50.76,6.151
1002,2024-04-05,2.743,47.74,6.617
1002,2024-04-06,2.429,49.02,6.521
1002,2024-04-07,2.801,48.74,6.486
1002,2024-04-08,2.533,49.49,6.181
1002,2024-04-09,2.416,49.09,6.298
1002,2024-04-10,2.502,49.59,6.277
1002,2024-04-11,2.423,48.51,6.296
1002,2024-04-12,2.615,48.98,6.19
1002,2024-04-13,2.611,48.26,6.424
1002,2024-04-14,2.583,48.27,6.393
1002,2024-04-15,2.465,48.79,6.413
1002,2024-04-16,1.844,48.79,6.283
1002,2024-04-17,2.595,47.76,6.552
1002,2024-04-18,2.197,50.5,6.387
1002,2024-04-19,2.625,48.8,5.948
1002,2024-04-20,2.802,47.55,6.263
1002,2024-04-21,2.631,50.03,6.35
1002,2024-04-22,,,
1002,2024-04-23,2.54,49.44,6.314
1002,2024-04-24,2.55,48.91,6.321
1002,2024-04-25,2.466,49.18,6.259
1002,2024-04-26,2.46,49.1,6.459
1002,2024-04-27,2.392,48.36,6.292
1002,2024-04-28,2.814,48.97,6.268
1002,2024-04-29,2.573,50.96,6.247
1002,2024-04-30,2.768,46.69,6.442
1002,2024-05-01,2.526,49.0,6.279
1002,2024-05-02,2.591,49.37,6.107
1002,2024-05-03,2.542,47.88,6.452
1002,2024-05-04,2.669,47.56,6.253
1002,2024-05-05,2.742,51.09,6.412
1002,2024-05-06,2.624,48.56,6.415
1002,2024-05-07,2.442,51.01,6.539
1002,2024-05-08,2.42,49.47,6.515
1002,2024-05-09,2.908,49.01,6.272
1002,2024-05-10,2.52,49.41,6.334
1002,2024-05-11,,,
1002,2024-05-12,2.869,50.11,6.61
1002,2024-05-13,2.794,49.37,6.425
1002,2024-05-14,2.683,49.08,6.568
1002,2024-05-15,2.496,49.11,6.311
1002,2024-05-16,3.047,50.28,6.051
1002,2024-05-17,2.655,49.75,6.588
1002,2024-05-18,2.686,47.93,6.373
1002,2024-05-19,2.542,48.29,6.379
1002,2024-05-20,2.293,49.26,6.367
1002,2024-05-21,2.309,48.31,6.455
1002,2024-05-22,2.658,48.55,6.439
1002,2024-05-23,2.655,47.97,6.12
1002,2024-05-24,2.528,48.67,6.522
1002,2024-05-25,2.342,49.35,6.279
1002,2024-05-26,2.288,49.93,6.289
1002,2024-05-27,2.511,48.94,6.618
1002,2024-05-28,2.285,51.01,6.497
1002,2024-05-29,2.756,48.85,6.308
1002,2024-05-30,2.807,52.12,6.08
1002,2024-05-31,3.142,49.93,6.383
1002,2024-06-01,2.752,49.43,6.439
1002,2024-06-02,2.458,48.43,6.347
1002,2024-06-03,2.402,46.11,6.172
1002,2024-06-04,1.886,48.78,6.24
1002,2024-06-05,2.457,49.11,6.17
1002,2024-06-06,2.541,50.85,6.391
1002,2024-06-07,2.77,47.55,6.482
1002,2024-06-08,2.699,50.84,6.512
1002,2024-06-09,2.694,48.68,6.249
1002,2024-06-10,2.619,49.65,6.394
1002,2024-06-11,2.709,46.39,6.442
1002,2024-06-12,2.866,49.07,6.282
1002,2024-06-13,2.363,48.59,6.336
1002,2024-06-14,2.485,49.61,6.677
1002,2024-06-15,2.299,49.02,6.389
1002,2024-06-16,2.9,47.79,6.491
1002,2024-06-17,2.836,49.88,6.293
1002,2024-06-18,2.727,49.63,6.365
1002,2024-06-19,2.337,49.53,6.102
1002,2024-06-20,2.611,49.94,6.355
1002,2024-06-21,2.529,50.03,6.538
1002,2024-06-22,2.592,48.91,6.674
1002,2024-06-23,2.539,47.57,6.538
1002,2024-06-24,2.68,47.55,6.462
1002,2024-06-25,2.497,50.28,6.367
1002,2024-06-26,2.747,49.64,6.269
1002,2024-06-27,2.625,49.03,6.335
1002,2024-06-28,2.518,48.5,6.451
1002,2024-06-29,2.576,48.96,6.241
1002,2024-06-30,2.585,48.96,6.357
1002,2024-07-01,2.739,49.03,6.211
1002,2024-07-02,2.657,49.15,6.092
1002,2024-07-03,2.72,51.09,6.207
1002,2024-07-04,2.801,49.55,6.109
1002,2024-07-05,2.899,49.82,6.153
1002,2024-07-06,3.016,50.14,6.287
1002,2024-07-07,3.151,50.51,6.265
1002,2024-07-08,3.303,50.93,6.24
1002,2024-07-09,3.473,51.4,6.212
1002,2024-07-10,3.662,51.91,6.181
1002,2024-07-11,3.868,52.48,6.147
1002,2024-07-12,4.093,53.1,6.11
1002,2024-07-13,4.335,53.76,6.071
1002,2024-07-14,4.595,54.48,6.028
1002,2024-07-15,4.873,55.24,5.982
1002,2024-07-16,5.169,56.06,5.934
1002,2024-07-17,5.483,56.92,5.882
1002,2024-07-18,5.815,57.83,5.828
1002,2024-07-19,,,
1002,2024-07-20,2.426,48.69,6.303
1002,2024-07-21,2.571,47.54,6.34
1002,2024-07-22,2.693,47.98,6.504
1002,2024-07-23,2.585,49.03,6.57
1002,2024-07-24,2.485,49.27,6.474
1002,2024-07-25,2.359,48.84,6.549
1002,2024-07-26,2.61,49.93,6.298
1002,2024-07-27,2.645,49.92,6.313
1002,2024-07-28,2.525,49.25,6.406
1002,2024-07-29,2.422,48.96,6.314
1002,2024-07-30,2.685,48.68,6.283
1002,2024-07-31,3.073,49.48,6.607
1002,2024-08-01,2.516,49.85,6.329
1002,2024-08-02,2.644,48.99,6.214
1002,2024-08-03,2.652,49.38,6.432
1002,2024-08-04,2.063,48.61,6.634
1002,2024-08-05,2.601,47.52,6.371
1002,2024-08-06,2.435,47.93,6.543
1002,2024-08-07,2.853,49.7,6.293
1002,2024-08-08,2.526,49.38,6.285
1002,2024-08-09,2.421,50.52,6.255
1002,2024-08-10,2.533,48.99,6.337
1002,2024-08-11,2.61,49.8,6.634
1002,2024-08-12,2.464,50.25,6.185
1002,2024-08-13,2.566,49.92,6.604
1002,2024-08-14,2.306,48.32,6.207
1002,2024-08-15,2.531,48.75,6.324
1002,2024-08-16,2.731,49.06,6.484
1002,2024-08-17,2.97,47.94,6.453
1002,2024-08-18,2.718,49.4,6.401
1002,2024-08-19,2.631,49.95,6.111
1002,2024-08-20,2.813,48.45,6.413
1002,2024-08-21,2.78,50.9,6.205
1002,2024-08-22,2.909,48.64,6.744
1002,2024-08-23,2.793,48.73,6.327
1002,2024-08-24,2.553,48.69,6.387
1002,2024-08-25,2.628,48.22,6.187
1002,2024-08-26,2.612,49.35,6.287
1002,2024-08-27,2.637,48.95,6.165
1002,2024-08-28,2.616,50.59,6.506
1002,2024-08-29,2.42,49.54,6.319
1002,2024-08-30,2.156,49.47,6.443
1002,2024-08-31,2.442,48.71,6.256
1002,2024-09-01,2.171,47.52,6.284
1002,2024-09-02,2.59,48.84,6.552
1002,2024-09-03,2.577,48.08,6.213
1002,2024-09-04,2.241,49.88,6.088
1002,2024-09-05,2.714,48.9,6.42
1002,2024-09-06,2.75,50.6,6.187
1002,2024-09-07,2.596,49.67,6.293
1002,2024-09-08,2.91,49.77,6.495
1002,2024-09-09,2.951,49.16,6.236
1002,2024-09-10,2.335,49.14,6.49
1002,2024-09-11,2.784,49.58,6.257
1002,2024-09-12,2.665,49.85,6.582
1002,2024-09-13,2.66,48.22,6.557
1002,2024-09-14,2.763,49.42,6.288
1002,2024-09-15,2.432,51.55,6.327
1002,2024-09-16,2.458,48.84,6.234
1002,2024-09-17,2.411,48.67,6.389
1002,2024-09-18,2.425,48.24,6.531
1002,2024-09-19,2.557,47.48,6.142
1002,2024-09-20,2.286,50.12,6.496
1002,2024-09-21,2.367,48.99,6.16
1002,2024-09-22,2.692,49.23,6.23
1002,2024-09-23,2.562,50.78,6.091
1002,2024-09-24,2.653,51.44,6.674
1002,2024-09-25,2.198,48.04,6.367
1002,2024-09-26,2.42,49.99,6.395
1002,2024-09-27,2.465,49.55,6.257
1002,2024-09-28,2.583,49.33,6.519
1002,2024-09-29,2.459,49.41,6.043
1002,2024-09-30,,,
1002,2024-10-01,2.565,50.52,6.69
1002,2024-10-02,2.58,49.55,6.301
1002,2024-10-03,2.579,49.28,6.361
1002,2024-10-04,2.718,50.18,6.46
1002,2024-10-05,2.482,49.83,6.237
1002,2024-10-06,2.801,49.39,6.362
1002,2024-10-07,2.668,49.26,6.503
1002,2024-10-08,,,
1002,2024-10-09,,,
1002,2024-10-10,2.68,48.84,6.306
1002,2024-10-11,2.779,48.08,6.406
1002,2024-10-12,2.765,48.59,6.367
1002,2024-10-13,2.652,47.88,6.577
1002,2024-10-14,2.752,49.04,6.467
1002,2024-10-15,2.6,49.19,6.322
1002,2024-10-16,2.827,46.88,5.992
1002,2024-10-17,2.571,48.95,6.466
1002,2024-10-18,2.161,49.58,6.472
1002,2024-10-19,2.844,49.1,6.221
1002,2024-10-20,2.598,47.98,6.059
1002,2024-10-21,2.342,50.2,6.187
1002,2024-10-22,2.537,48.24,6.498
1002,2024-10-23,2.4,47.7,6.199
1002,2024-10-24,2.996,47.85,6.29
1002,2024-10-25,2.676,48.92,6.392
1002,2024-10-26,2.263,49.92,6.542
1002,2024-10-27,2.686,50.1,6.356
1002,2024-10-28,2.497,49.14,6.344
1002,2024-10-29,2.96,47.74,6.276
1002,2024-10-30,2.366,48.28,6.603
1002,2024-10-31,2.127,48.03,6.519
1002,2024-11-01,2.59,48.75,6.344
1002,2024-11-02,2.507,47.16,6.149
1002,2024-11-03,2.493,49.04,6.24
1002,2024-11-04,2.148,49.58,6.446
1002,2024-11-05,2.662,48.78,6.25
1002,2024-11-06,2.911,49.39,6.493
1002,2024-11-07,2.195,47.99,6.413
1002,2024-11-08,2.811,47.48,6.403
1002,2024-11-09,2.463,48.29,6.457
1002,2024-11-10,3.046,50.09,6.433
1002,2024-11-11,2.664,49.96,6.23
1002,2024-11-12,2.539,48.47,6.31
1002,2024-11-13,2.797,50.14,6.71
1002,2024-11-14,2.682,48.61,6.178
1002,2024-11-15,2.458,50.44,6.288
1002,2024-11-16,2.718,49.41,6.519
1002,2024-11-17,2.474,48.48,6.335
1002,2024-11-18,2.219,49.73,6.237
1002,2024-11-19,2.983,48.16,6.16
1002,2024-11-20,2.506,48.0,6.439
1002,2024-11-21,2.455,47.48,6.512
1002,2024-11-22,2.644,49.19,6.569
1002,2024-11-23,2.264,48.88,6.367
1002,2024-11-24,2.306,48.85,6.515
1002,2024-11-25,2.476,48.52,6.204
1002,2024-11-26,2.472,50.37,6.384
1002,2024-11-27,2.591,48.51,6.257
1002,2024-11-28,2.801,48.21,6.385
1002,2024-11-29,2.482,50.18,6.471
1002,2024-11-30,2.675,50.35,6.519
1002,2024-12-01,2.697,49.27,6.21
1002,2024-12-02,2.36,47.19,6.549
1002,2024-12-03,2.622,48.33,6.288
1002,2024-12-04,2.388,49.54,6.205
1002,2024-12-05,2.789,48.95,6.333
1002,2024-12-06,2.667,50.48,6.139
1002,2024-12-07,2.58,47.56,6.359
1002,2024-12-08,2.308,49.61,6.402
1002,2024-12-09,2.6,48.3,6.329
1002,2024-12-10,,,
1002,2024-12-11,2.718,48.86,6.311
1002,2024-12-12,2.552,49.96,6.359
1002,2024-12-13,2.414,48.28,6.143
1002,2024-12-14,2.761,47.52,6.365
1002,2024-12-15,2.721,47.82,6.231
1002,2024-12-16,2.458,48.32,6.291
1002,2024-12-17,2.809,47.91,6.345
1002,2024-12-18,2.517,50.13,6.387
1002,2024-12-19,2.515,50.27,6.112
1002,2024-12-20,,,
1002,2024-12-21,2.426,47.9,6.313
1002,2024-12-22,2.488,48.81,6.43
1002,2024-12-23,2.544,48.24,6.413
1002,2024-12-24,2.882,50.38,6.493
1002,2024-12-25,2.876,49.25,6.554
1002,2024-12-26,2.525,49.42,6.433
1002,2024-12-27,2.898,48.53,6.356
1002,2024-12-28,2.568,46.92,6.204
1002,2024-12-29,2.652,48.16,6.217
1002,2024-12-30,2.753,47.81,6.289
1002,2024-12-31,2.635,49.3,6.399
1002,2025-01-01,,,
1002,2025-01-02,2.625,48.13,6.359
1002,2025-01-03,2.337,48.54,6.336
1002,2025-01-04,2.837,50.5,6.453
1002,2025-01-05,2.494,47.97,6.39
1002,2025-01-06,2.515,48.01,6.403
1002,2025-01-07,1.978,48.7,6.405
1002,2025-01-08,2.777,48.23,6.277
1002,2025-01-09,2.74,48.5,6.204
1002,2025-01-10,2.736,49.46,6.432
1002,2025-01-11,2.772,50.66,6.421
1002,2025-01-12,2.915,47.15,6.326
1002,2025-01-13,2.567,48.91,6.296
1002,2025-01-14,2.764,48.97,6.7
1002,2025-01-15,2.428,48.85,6.245
1002,2025-01-16,2.506,48.74,6.326
1002,2025-01-17,2.788,48.59,6.399
1002,2025-01-18,2.655,49.93,6.186
1002,2025-01-19,2.31,48.47,6.376
1002,2025-01-20,2.649,48.8,6.628
1002,2025-01-21,2.54,48.93,6.499
1002,2025-01-22,2.413,49.04,6.454
1002,2025-01-23,2.663,48.76,6.448
1002,2025-01-24,2.495,49.93,6.375
1002,2025-01-25,2.262,48.92,6.502
1002,2025-01-26,2.354,49.1,6.335
1002,2025-01-27,2.93,48.88,6.295
1002,2025-01-28,2.273,47.93,6.374
1002,2025-01-29,2.621,48.1,6.495
1002,2025-01-30,2.698,47.88,6.408
1002,2025-01-31,2.704,49.12,6.46
1002,2025-02-01,2.331,48.22,6.055
1002,2025-02-02,2.512,47.87,6.538
1002,2025-02-03,2.605,49.17,6.71
1002,2025-02-04,2.736,49.46,6.559
1002,2025-02-05,2.447,47.17,6.311
1002,2025-02-06,2.344,50.62,6.231
1002,2025-02-07,2.777,48.96,6.4
1002,2025-02-08,2.797,48.83,6.211
1002,2025-02-09,2.65,50.0,6.468
1002,2025-02-10,2.455,49.0,6.28
1002,2025-02-11,2.658,48.33,6.503
1002,2025-02-12,2.598,51.13,6.563
1002,2025-02-13,2.744,47.86,6.054
1002,2025-02-14,2.327,48.83,6.403
1002,2025-02-15,2.6,49.78,6.254
1002,2025-02-16,2.545,47.86,6.147
1002,2025-02-17,2.354,48.83,6.266
1002,2025-02-18,2.619,49.32,6.326
1002,2025-02-19,2.583,51.33,6.514
1002,2025-02-20,2.494,48.04,6.13
1002,2025-02-21,2.656,48.88,6.516
1002,2025-02-22,2.293,49.59,6.661
1002,2025-02-23,,,
1002,2025-02-24,2.663,47.73,6.441
1002,2025-02-25,2.633,49.34,6.357
1002,2025-02-26,,,
1002,2025-02-27,2.336,49.38,6.439
1002,2025-02-28,2.275,50.06,6.416
1002,2025-03-01,2.624,49.94,6.468
1002,2025-03-02,2.667,49.34,6.744
1002,2025-03-03,3.0,49.24,6.468
1002,2025-03-04,2.7,47.83,6.423
1002,2025-03-05,2.402,48.8,6.593
1002,2025-03-06,2.738,49.15,6.157
1002,2025-03-07,2.407,48.53,6.187
1002,2025-03-08,2.279,49.03,6.302
1002,2025-03-09,3.098,48.11,6.26
1002,2025-03-10,2.641,50.46,6.463
1002,2025-03-11,2.719,51.08,6.311
1002,2025-03-12,2.689,48.54,6.62
1002,2025-03-13,2.939,49.33,6.587
1002,2025-03-14,2.633,48.7,6.474
1002,2025-03-15,2.82,50.19,6.301
1002,2025-03-16,2.371,49.37,6.451
1002,2025-03-17,2.298,49.01,6.48
1002,2025-03-18,2.862,48.71,6.199
1002,2025-03-19,2.871,49.06,6.411
1002,2025-03-20,2.678,47.93,6.465
1002,2025-03-21,2.622,49.61,6.391
1002,2025-03-22,2.61,48.22,6.594
1002,2025-03-23,2.439,49.47,6.541
1002,2025-03-24,,,
1002,2025-03-25,2.708,50.03,6.377
1002,2025-03-26,2.678,48.91,6.233
1002,2025-03-27,2.652,49.95,6.446
1002,2025-03-28,2.786,48.01,6.229
1002,2025-03-29,2.677,49.54,6.497
1002,2025-03-30,2.725,48.71,6.417
1002,2025-03-31,2.343,49.12,6.504
1002,2025-04-01,2.678,49.0,6.337
1002,2025-04-02,3.014,49.87,6.14
1002,2025-04-03,2.473,46.91,6.624
1002,2025-04-04,2.551,49.25,6.333
1002,2025-04-05,2.755,47.44,6.565
1002,2025-04-06,2.768,50.14,6.423
1002,2025-04-07,2.701,46.96,6.46
1002,2025-04-08,2.253,47.93,6.633
1002,2025-04-09,2.677,47.26,6.41
1002,2025-04-10,2.34,50.57,6.569
1002,2025-04-11,2.411,47.64,6.136
1002,2025-04-12,2.686,49.04,6.489
1002,2025-04-13,2.517,48.39,6.322
1002,2025-04-14,2.738,47.13,6.339
1002,2025-04-15,3.206,48.59,6.36
1002,2025-04-16,2.732,49.59,6.411
1002,2025-04-17,2.721,48.75,6.607
1002,2025-04-18,2.397,49.87,6.081
1002,2025-04-19,2.448,48.57,6.365
1002,2025-04-20,2.364,48.94,6.251
1002,2025-04-21,2.47,48.55,6.534
1002,2025-04-22,2.358,49.27,6.295
1002,2025-04-23,2.444,50.83,6.427
1002,2025-04-24,2.535,49.29,6.299
1002,2025-04-25,2.376,49.12,6.459
1002,2025-04-26,2.293,48.31,6.511
1002,2025-04-27,2.304,48.18,6.299
1002,2025-04-28,2.667,50.39,6.366
1002,2025-04-29,2.588,47.82,6.146
1002,2025-04-30,2.782,48.02,6.404
1002,2025-05-01,2.785,48.83,6.487
1002,2025-05-02,2.508,48.5,6.275
1002,2025-05-03,2.71,50.89,6.527
1002,2025-05-04,2.288,46.56,6.048
1002,2025-05-05,3.033,49.29,6.081
1002,2025-05-06,2.815,49.64,6.15
1002,2025-05-07,2.533,47.81,6.286
1002,2025-05-08,2.344,48.29,6.361
1002,2025-05-09,,,
1002,2025-05-10,2.202,50.56,6.349
1002,2025-05-11,2.42,48.01,6.467
1002,2025-05-12,2.726,47.35,6.288
1002,2025-05-13,2.591,49.9,6.169
1002,2025-05-14,2.478,50.45,6.172
1002,2025-05-15,2.766,48.6,6.676
1002,2025-05-16,2.369,46.72,6.006
1002,2025-05-17,2.633,50.38,6.332
1002,2025-05-18,2.477,48.73,6.577
1002,2025-05-19,2.407,50.05,6.431
1002,2025-05-20,2.669,48.89,6.234
1002,2025-05-21,2.378,48.55,6.359
1002,2025-05-22,2.957,48.48,6.488
1002,2025-05-23,2.459,50.4,6.54
1002,2025-05-24,2.974,50.36,6.224
1002,2025-05-25,2.358,46.79,6.473
1002,2025-05-26,2.698,47.99,6.397
1002,2025-05-27,2.336,50.71,6.524
1002,2025-05-28,2.308,48.56,6.567
1002,2025-05-29,2.608,47.57,6.307
1002,2025-05-30,2.712,48.93,6.141
1002,2025-05-31,2.321,48.82,6.418
1002,2025-06-01,2.813,48.83,6.625
1002,2025-06-02,2.417,48.45,6.462
1002,2025-06-03,2.603,48.62,6.393
1002,2025-06-04,2.652,48.47,6.719
1002,2025-06-05,2.695,49.26,6.203
1002,2025-06-06,2.217,48.12,6.494
1002,2025-06-07,2.9,48.64,6.273
1002,2025-06-08,2.689,48.79,6.366
1002,2025-06-09,,,
1002,2025-06-10,2.372,49.3,6.586
1002,2025-06-11,2.238,48.82,6.218
1002,2025-06-12,2.304,49.47,6.278
1002,2025-06-13,2.685,49.34,6.12
1002,2025-06-14,2.508,50.02,6.432
1002,2025-06-15,2.35,49.44,6.29
1002,2025-06-16,,,
1002,2025-06-17,2.889,50.28,6.198
1002,2025-06-18,2.51,48.89,6.305
1002,2025-06-19,2.459,48.52,6.515
1002,2025-06-20,2.846,49.81,6.333
1002,2025-06-21,2.669,49.45,6.453
1002,2025-06-22,2.585,48.84,6.438
1002,2025-06-23,,,
1002,2025-06-24,2.266,47.1,6.125
1002,2025-06-25,2.342,49.28,6.506
1002,2025-06-26,2.48,49.7,6.384
1002,2025-06-27,2.532,49.73,6.506
1002,2025-06-28,2.648,47.64,6.057
1002,2025-06-29,2.687,49.97,6.11
1002,2025-06-30,2.621,48.4,6.037
1002,2025-07-01,,,
1002,2025-07-02,2.375,49.35,6.515
1002,2025-07-03,2.145,48.13,6.444
1002,2025-07-04,2.472,48.34,6.354
1002,2025-07-05,2.386,46.86,6.378
1002,2025-07-06,2.446,48.01,6.473
1002,2025-07-07,2.576,48.93,6.313
1002,2025-07-08,2.593,49.37,6.356
1002,2025-07-09,2.643,49.18,6.349
1002,2025-07-10,,,
1002,2025-07-11,2.843,49.91,6.301
1002,2025-07-12,2.993,50.47,6.3
1002,2025-07-13,3.177,51.14,6.275
1002,2025-07-14,3.394,51.94,6.244
1002,2025-07-15,3.644,52.87,6.21
1002,2025-07-16,3.928,53.91,6.17
1002,2025-07-17,4.244,55.08,6.126
1002,2025-07-18,4.595,56.37,6.077
1002,2025-07-19,4.978,57.78,6.023
1002,2025-07-20,5.395,59.32,5.892
1002,2025-07-21,5.846,60.98,5.902
1002,2025-07-22,6.33,62.76,5.834
1002,2025-07-23,6.847,64.67,5.762
1002,2025-07-24,7.397,66.7,5.685
1002,2025-07-25,7.981,68.85,5.604
1002,2025-07-26,8.598,71.13,5.517
1002,2025-07-27,9.249,73.52,5.427
1002,2025-07-28,2.587,46.77,6.428
1002,2025-07-29,2.541,49.22,6.241
1002,2025-07-30,2.833,49.52,6.469
1002,2025-07-31,2.432,48.2,6.115
1002,2025-08-01,2.368,48.56,6.178
1002,2025-08-02,2.735,47.96,6.143
1002,2025-08-03,2.717,49.69,6.192
1002,2025-08-04,2.795,47.41,6.49
1002,2025-08-05,2.362,48.62,6.159
1002,2025-08-06,2.793,50.88,6.186
1002,2025-08-07,2.673,48.98,6.216
1002,2025-08-08,2.929,49.4,6.388
1002,2025-08-09,2.327,48.78,6.308
1002,2025-08-10,2.62,47.76,6.488
1002,2025-08-11,2.521,48.9,6.252
1002,2025-08-12,2.258,49.34,6.165
1002,2025-08-13,2.433,47.91,6.283
1002,2025-08-14,2.802,49.27,6.364
1002,2025-08-15,2.483,50.18,6.219
1002,2025-08-16,2.432,50.0,6.4
1002,2025-08-17,2.75,47.35,6.63
1002,2025-08-18,2.774,47.96,6.27
1002,2025-08-19,2.774,47.32,6.364
1002,2025-08-20,2.418,50.0,6.56
1002,2025-08-21,2.565,49.54,6.26
1002,2025-08-22,2.782,49.63,6.23
1002,2025-08-23,2.598,48.97,6.193
1002,2025-08-24,2.662,49.1,6.35
1002,2025-08-25,2.77,49.32,6.34
1002,2025-08-26,2.92,49.62,6.325
1002,2025-08-27,3.114,50.01,6.306
1002,2025-08-28,3.351,50.48,6.283
1002,2025-08-29,3.63,51.04,6.256
1002,2025-08-30,3.953,51.68,6.146
1002,2025-08-31,4.318,52.41,6.189
1002,2025-09-01,4.727,53.23,6.149
1002,2025-09-02,5.179,54.13,6.105
1002,2025-09-03,5.673,55.12,6.057
1002,2025-09-04,,,
1002,2025-09-05,6.792,57.35,5.948
1002,2025-09-06,7.416,58.6,5.887
1002,2025-09-07,8.082,59.93,5.822
1002,2025-09-08,8.792,61.35,5.753
1002,2025-09-09,9.545,62.86,5.68
1002,2025-09-10,10.341,64.45,5.602
1002,2025-09-11,11.179,66.12,5.521
1002,2025-09-12,2.489,49.09,6.207
1002,2025-09-13,2.247,47.93,6.194
1002,2025-09-14,2.43,47.67,6.459
1002,2025-09-15,,,
1002,2025-09-16,2.753,50.13,6.42
1002,2025-09-17,2.491,49.12,6.186
1002,2025-09-18,2.418,50.39,6.368
1002,2025-09-19,2.308,48.8,6.1
1002,2025-09-20,2.341,48.62,6.281
1002,2025-09-21,2.563,47.54,6.278
1002,2025-09-22,2.533,48.35,6.44
1002,2025-09-23,2.803,50.37,6.38
1002,2025-09-24,2.451,49.26,6.326
1002,2025-09-25,2.788,49.66,6.478
1002,2025-09-26,2.628,49.64,6.381
1002,2025-09-27,2.575,48.92,6.433
1002,2025-09-28,2.175,48.73,6.467
1002,2025-09-29,2.318,49.05,6.342
1002,2025-09-30,2.725,49.6,6.308
1002,2025-10-01,2.856,49.39,6.401
1002,2025-10-02,2.618,49.42,6.29
1002,2025-10-03,2.729,49.08,6.41
1002,2025-10-04,2.495,48.16,6.518
1002,2025-10-05,2.502,48.67,6.48
1002,2025-10-06,2.444,47.99,6.295
1002,2025-10-07,2.771,49.94,6.159
1002,2025-10-08,2.645,46.83,6.344
1002,2025-10-09,2.529,48.71,6.333
1002,2025-10-10,2.511,51.32,6.518
1002,2025-10-11,2.688,48.59,6.294
1002,2025-10-12,2.641,47.8,6.32
1002,2025-10-13,2.41,48.91,6.462
1002,2025-10-14,2.92,50.22,6.28
1002,2025-10-15,2.628,48.77,6.328
1002,2025-10-16,2.578,49.54,6.608
1002,2025-10-17,,,
1002,2025-10-18,2.781,48.56,6.446
1002,2025-10-19,2.559,52.08,6.392
1002,2025-10-20,2.684,49.0,6.207
1002,2025-10-21,2.362,48.39,6.435
1002,2025-10-22,2.448,48.44,6.36
1002,2025-10-23,2.124,49.31,6.385
1002,2025-10-24,2.82,49.34,6.274
1002,2025-10-25,2.197,49.7,6.35
1002,2025-10-26,2.713,49.07,6.324
1002,2025-10-27,2.41,47.5,6.399
1002,2025-10-28,2.381,49.46,6.565
1002,2025-10-29,2.537,48.62,6.406
1002,2025-10-30,2.63,48.64,6.103
1002,2025-10-31,2.699,47.45,6.206
1002,2025-11-01,2.931,48.36,6.114
1002,2025-11-02,2.648,48.2,6.233
1002,2025-11-03,2.753,48.89,6.435
1002,2025-11-04,2.457,47.48,6.412
1002,2025-11-05,2.719,48.98,6.262
1002,2025-11-06,2.607,49.05,6.391
1002,2025-11-07,2.484,47.81,6.238
1002,2025-11-08,2.557,48.31,6.139
1002,2025-11-09,2.564,48.07,6.141
1002,2025-11-10,2.615,49.84,6.223
1002,2025-11-11,2.657,46.4,6.564
1002,2025-11-12,2.475,48.59,6.151
1002,2025-11-13,2.428,47.27,6.538
1002,2025-11-14,2.726,48.5,6.55
1002,2025-11-15,2.237,49.78,6.324
1002,2025-11-16,2.453,48.3,6.344
1002,2025-11-17,2.887,49.07,6.26
1002,2025-11-18,2.035,48.09,6.348
1002,2025-11-19,2.438,50.87,6.45
1002,2025-11-20,2.714,49.84,6.353
1002,2025-11-21,2.246,50.06,6.5
1002,2025-11-22,3.096,47.6,6.529
1002,2025-11-23,2.059,47.83,6.403
1002,2025-11-24,2.864,50.01,6.4
1002,2025-11-25,2.888,48.74,6.342
1002,2025-11-26,2.76,48.67,6.403
1002,2025-11-27,2.532,49.26,6.184
1002,2025-11-28,2.648,47.68,6.412
1002,2025-11-29,2.397,49.7,6.382
1002,2025-11-30,2.738,48.95,6.222
1002,2025-12-01,2.352,49.41,6.673
1002,2025-12-02,2.576,48.93,6.205
1002,2025-12-03,2.776,49.44,6.221
1002,2025-12-04,2.615,49.02,6.335
1002,2025-12-05,2.663,49.88,6.061
1002,2025-12-06,2.73,50.06,6.232
1002,2025-12-07,2.816,49.84,6.123
1002,2025-12-08,2.922,49.78,6.148
1002,2025-12-09,3.047,50.08,6.073
1002,2025-12-10,3.191,50.44,5.985
1002,2025-12-11,3.354,50.84,5.886
1002,2025-12-12,3.536,51.29,5.775
1002,2025-12-13,3.738,51.78,5.652
1002,2025-12-14,3.958,52.32,5.518
1002,2025-12-15,4.198,52.91,5.372
1002,2025-12-16,4.458,53.55,5.214
1002,2025-12-17,4.736,54.23,5.045
1002,2025-12-18,5.033,54.96,4.864
1002,2025-12-19,5.35,55.74,4.671
1002,2025-12-20,5.686,56.56,4.467
1002,2025-12-21,6.041,57.43,4.251
1002,2025-12-22,6.416,58.35,4.023
1002,2025-12-23,2.346,51.0,6.482
1002,2025-12-24,2.692,48.98,6.146
1002,2025-12-25,2.764,48.05,6.336
1002,2025-12-26,3.0,49.91,6.174
1002,2025-12-27,2.834,50.62,6.369
1002,2025-12-28,,,
1002,2025-12-29,2.534,50.49,6.554
1002,2025-12-30,2.654,48.65,6.428
1002,2025-12-31,2.571,50.42,6.229
1003,2024-01-01,1.841,49.83,5.799
1003,2024-01-02,1.529,49.59,5.909
1003,2024-01-03,,,
1003,2024-01-04,1.856,50.63,5.754
1003,2024-01-05,2.163,50.67,5.492
1003,2024-01-06,2.061,50.5,5.838
1003,2024-01-07,2.012,49.61,5.66
1003,2024-01-08,1.495,51.8,5.481
1003,2024-01-09,1.833,51.56,5.657
1003,2024-01-10,1.948,49.41,5.908
1003,2024-01-11,1.931,49.7,5.93
1003,2024-01-12,1.935,51.0,5.858
1003,2024-01-13,1.806,49.02,5.593
1003,2024-01-14,2.204,50.21,6.128
1003,2024-01-15,2.147,49.86,5.575
1003,2024-01-16,1.833,49.11,5.739
1003,2024-01-17,1.656,49.58,5.533
1003,2024-01-18,2.263,48.24,5.948
1003,2024-01-19,1.742,49.27,5.817
1003,2024-01-20,2.091,47.82,5.884
1003,2024-01-21,2.234,52.09,5.764
1003,2024-01-22,1.663,51.32,5.74
1003,2024-01-23,1.91,51.04,5.777
1003,2024-01-24,1.783,50.12,5.467
1003,2024-01-25,1.955,50.81,5.9
1003,2024-01-26,1.916,51.09,5.888
1003,2024-01-27,2.241,50.83,5.692
1003,2024-01-28,1.97,50.73,5.749
1003,2024-01-29,1.864,49.8,5.745
1003,2024-01-30,2.077,50.24,5.737
1003,2024-01-31,1.904,49.93,5.712
1003,2024-02-01,1.955,50.08,5.672
1003,2024-02-02,2.3,50.29,5.616
1003,2024-02-03,2.117,50.56,5.525
1003,2024-02-04,2.229,50.9,5.454
1003,2024-02-05,2.361,51.29,5.349
1003,2024-02-06,2.513,51.74,5.228
1003,2024-02-07,2.686,52.26,5.091
1003,2024-02-08,2.879,52.83,4.938
1003,2024-02-09,3.092,53.47,4.768
1003,2024-02-10,3.325,54.17,4.583
1003,2024-02-11,3.579,54.92,4.381
1003,2024-02-12,3.853,55.74,4.163
1003,2024-02-13,4.147,56.62,3.929
1003,2024-02-14,,,
1003,2024-02-15,4.796,58.56,3.412
1003,2024-02-16,5.152,59.62,3.13
1003,2024-02-17,5.527,60.74,2.831
1003,2024-02-18,5.923,61.92,2.517
1003,2024-02-19,1.847,50.59,5.754
1003,2024-02-20,1.615,50.3,5.918
1003,2024-02-21,2.006,50.53,5.757
1003,2024-02-22,1.806,49.95,5.61
1003,2024-02-23,1.86,48.98,5.913
1003,2024-02-24,1.834,49.58,5.78
1003,2024-02-25,1.735,49.73,5.77
1003,2024-02-26,,,
1003,2024-02-27,1.968,51.43,5.902
1003,2024-02-28,1.575,50.23,5.875
1003,2024-02-29,1.616,49.05,5.787
1003,2024-03-01,1.792,49.08,5.52
1003,2024-03-02,1.711,49.62,5.692
1003,2024-03-03,1.904,51.19,5.768
1003,2024-03-04,2.054,50.14,6.022
1003,2024-03-05,1.902,49.75,5.81
1003,2024-03-06,1.891,49.04,5.739
1003,2024-03-07,1.857,50.69,5.932
1003,2024-03-08,2.024,50.09,5.736
1003,2024-03-09,1.483,49.75,5.748
1003,2024-03-10,1.925,49.91,5.776
1003,2024-03-11,1.665,51.49,5.528
1003,2024-03-12,1.605,49.64,5.896
1003,2024-03-13,1.853,51.49,5.817
1003,2024-03-14,1.775,51.05,5.71
1003,2024-03-15,1.969,49.86,5.582
1003,2024-03-16,2.072,50.69,5.785
1003,2024-03-17,1.387,49.68,5.963
1003,2024-03-18,1.838,48.98,5.657
1003,2024-03-19,2.244,49.54,5.594
1003,2024-03-20,2.026,48.9,5.816
1003,2024-03-21,2.141,50.32,5.514
1003,2024-03-22,1.872,49.82,5.42
1003,2024-03-23,1.565,50.37,5.686
1003,2024-03-24,1.627,50.63,5.65
1003,2024-03-25,1.994,46.68,5.712
1003,2024-03-26,2.044,50.12,5.67
1003,2024-03-27,1.706,48.0,5.803
1003,2024-03-28,1.798,49.97,5.72
1003,2024-03-29,1.904,48.93,5.663
1003,2024-03-30,1.502,49.91,5.685
1003,2024-03-31,1.782,51.17,5.848
1003,2024-04-01,2.176,48.1,5.897
1003,2024-04-02,2.289,50.0,5.889
1003,2024-04-03,1.83,49.73,5.858
1003,2024-04-04,2.218,47.91,5.259
1003,2024-04-05,1.747,50.45,5.603
1003,2024-04-06,1.69,49.84,5.706
1003,2024-04-07,1.404,49.3,5.784
1003,2024-04-08,2.043,49.08,5.511
1003,2024-04-09,1.777,53.02,5.967
1003,2024-04-10,2.32,49.41,5.799
1003,2024-04-11,1.918,48.0,5.66
1003,2024-04-12,1.89,48.87,5.778
1003,2024-04-13,1.491,49.44,5.702
1003,2024-04-14,2.152,49.42,5.64
1003,2024-04-15,1.78,49.73,5.83
1003,2024-04-16,1.82,48.76,5.686
1003,2024-04-17,1.411,50.35,5.542
1003,2024-04-18,2.037,49.32,5.658
1003,2024-04-19,2.05,48.44,5.737
1003,2024-04-20,1.731,48.99,5.592
1003,2024-04-21,1.871,49.42,5.943
1003,2024-04-22,1.931,50.65,5.59
1003,2024-04-23,2.045,50.29,6.017
1003,2024-04-24,1.873,49.47,5.888
1003,2024-04-25,2.197,49.82,5.613
1003,2024-04-26,1.804,50.02,5.774
1003,2024-04-27,1.731,51.84,5.931
1003,2024-04-28,1.759,49.19,5.725
1003,2024-04-29,,,
1003,2024-04-30,1.691,50.53,5.771
1003,2024-05-01,2.054,48.85,6.053
1003,2024-05-02,1.906,49.99,5.531
1003,2024-05-03,1.689,49.97,5.838
1003,2024-05-04,1.923,49.34,5.756
1003,2024-05-05,1.449,50.37,5.737
1003,2024-05-06,1.864,50.83,5.696
1003,2024-05-07,1.958,50.94,5.707
1003,2024-05-08,1.992,49.89,5.712
1003,2024-05-09,1.969,49.99,5.672
1003,2024-05-10,2.051,52.16,5.605
1003,2024-05-11,2.227,50.33,5.541
1003,2024-05-12,2.285,50.56,5.452
1003,2024-05-13,2.437,50.83,5.346
1003,2024-05-14,,,
1003,2024-05-15,2.811,51.5,5.086
1003,2024-05-16,3.033,51.89,4.931
1003,2024-05-17,3.279,52.33,4.761
1003,2024-05-18,3.548,52.81,4.573
1003,2024-05-19,3.84,53.34,4.37
1003,2024-05-20,4.156,53.9,4.151
1003,2024-05-21,4.495,54.51,3.915
1003,2024-05-22,4.858,55.15,3.662
1003,2024-05-23,5.244,55.84,3.394
1003,2024-05-24,5.653,56.58,3.109
1003,2024-05-25,6.086,57.35,2.808
1003,2024-05-26,6.542,58.16,2.491
1003,2024-05-27,1.99,51.51,5.823
1003,2024-05-28,1.89,51.08,5.535
1003,2024-05-29,2.318,48.84,5.55
1003,2024-05-30,1.869,51.32,5.862
1003,2024-05-31,1.956,49.09,5.522
1003,2024-06-01,1.483,49.75,5.971
1003,2024-06-02,1.738,51.65,5.715
1003,2024-06-03,1.716,48.73,5.793
1003,2024-06-04,1.848,50.65,5.767
1003,2024-06-05,1.923,50.09,5.819
1003,2024-06-06,1.704,49.65,5.714
1003,2024-06-07,2.2,48.93,5.701
1003,2024-06-08,1.64,50.23,5.737
1003,2024-06-09,1.763,49.34,5.913
1003,2024-06-10,1.901,50.85,5.926
1003,2024-06-11,1.603,51.03,5.947
1003,2024-06-12,1.968,48.43,5.811
1003,2024-06-13,1.98,49.3,5.726
1003,2024-06-14,1.795,49.49,5.504
1003,2024-06-15,2.236,48.62,5.853
1003,2024-06-16,1.87,48.69,5.882
1003,2024-06-17,1.91,49.89,5.696
1003,2024-06-18,1.661,49.6,5.877
1003,2024-06-19,1.518,48.15,5.949
1003,2024-06-20,1.727,49.27,5.77
1003,2024-06-21,1.789,50.32,5.915
1003,2024-06-22,1.762,48.6,5.802
1003,2024-06-23,2.007,48.88,5.496
1003,2024-06-24,1.376,51.39,5.685
1003,2024-06-25,1.627,51.12,5.695
1003,2024-06-26,1.488,48.18,5.836
1003,2024-06-27,2.122,48.45,5.627
1003,2024-06-28,1.74,50.18,5.69
1003,2024-06-29,1.751,48.61,5.612
1003,2024-06-30,1.633,49.55,5.75
1003,2024-07-01,2.034,49.35,5.767
1003,2024-07-02,1.771,50.37,5.902
1003,2024-07-03,1.898,47.28,5.876
1003,2024-07-04,1.446,47.6,5.781
1003,2024-07-05,2.088,48.58,5.792
1003,2024-07-06,1.933,50.82,5.773
1003,2024-07-07,1.964,49.65,5.773
1003,2024-07-08,2.101,48.1,5.988
1003,2024-07-09,1.815,50.3,5.383
1003,2024-07-10,1.82,50.51,5.73
1003,2024-07-11,1.998,49.56,5.803
1003,2024-07-12,1.939,49.47,5.926
1003,2024-07-13,1.805,50.24,5.592
1003,2024-07-14,1.863,51.01,5.808
1003,2024-07-15,1.753,49.96,5.886
1003,2024-07-16,1.997,50.34,5.689
1003,2024-07-17,2.041,49.76,5.47
1003,2024-07-18,1.855,49.42,5.702
1003,2024-07-19,2.23,48.89,5.576
1003,2024-07-20,1.546,50.06,5.854
1003,2024-07-21,1.807,49.5,5.629
1003,2024-07-22,2.197,49.56,6.023
1003,2024-07-23,1.77,50.73,5.778
1003,2024-07-24,1.533,50.29,5.635
1003,2024-07-25,2.134,50.68,5.681
1003,2024-07-26,1.963,48.23,5.592
1003,2024-07-27,1.615,50.36,5.815
1003,2024-07-28,2.009,49.22,5.98
1003,2024-07-29,1.649,49.0,5.724
1003,2024-07-30,1.586,48.95,5.895
1003,2024-07-31,1.824,51.02,5.615
1003,2024-08-01,1.758,50.63,5.802
1003,2024-08-02,1.634,49.09,6.102
1003,2024-08-03,1.781,48.67,5.545
1003,2024-08-04,1.653,49.82,5.941
1003,2024-08-05,1.866,49.35,5.932
1003,2024-08-06,1.85,51.46,5.474
1003,2024-08-07,2.004,48.34,5.541
1003,2024-08-08,1.763,47.98,5.61
1003,2024-08-09,1.587,49.55,5.902
1003,2024-08-10,1.59,49.82,5.692
1003,2024-08-11,1.864,49.94,5.731
1003,2024-08-12,2.162,50.56,5.738
1003,2024-08-13,2.024,51.88,5.716
1003,2024-08-14,1.962,50.1,5.681
1003,2024-08-15,2.043,50.33,5.631
1003,2024-08-16,2.137,50.62,5.567
1003,2024-08-17,2.257,50.98,5.489
1003,2024-08-18,2.399,51.41,5.397
1003,2024-08-19,2.562,51.9,5.291
1003,2024-08-20,2.748,52.45,5.17
1003,2024-08-21,2.955,53.07,5.035
1003,2024-08-22,3.184,53.76,4.886
1003,2024-08-23,,,
1003,2024-08-24,3.708,55.32,4.546
1003,2024-08-25,4.003,56.21,4.354
1003,2024-08-26,4.32,57.15,4.148
1003,2024-08-27,4.658,58.17,3.928
1003,2024-08-28,5.018,59.24,3.694
1003,2024-08-29,5.4,60.39,3.446
1003,2024-08-30,5.804,61.6,3.183
1003,2024-08-31,6.23,62.87,2.906
1003,2024-09-01,1.694,49.57,5.741
1003,2024-09-02,1.926,48.7,5.579
1003,2024-09-03,1.613,50.79,5.59
1003,2024-09-04,2.163,50.19,5.62
1003,2024-09-05,2.074,49.21,5.775
1003,2024-09-06,,,
1003,2024-09-07,1.743,50.37,5.901
1003,2024-09-08,1.59,47.93,5.78
1003,2024-09-09,1.574,50.55,5.774
1003,2024-09-10,1.943,49.94,5.804
1003,2024-09-11,1.98,49.41,5.736
1003,2024-09-12,1.925,49.39,5.799
1003,2024-09-13,1.908,51.55,5.872
1003,2024-09-14,1.742,51.34,5.872
1003,2024-09-15,1.927,51.63,5.673
1003,2024-09-16,1.559,48.66,5.489
1003,2024-09-17,1.856,49.15,5.633
1003,2024-09-18,2.15,50.71,5.797
1003,2024-09-19,2.12,48.6,5.381
1003,2024-09-20,1.762,49.08,5.683
1003,2024-09-21,,,
1003,2024-09-22,2.131,51.66,5.67
1003,2024-09-23,2.213,50.87,5.586
1003,2024-09-24,1.554,50.26,6.017
1003,2024-09-25,1.769,50.02,5.962
1003,2024-09-26,1.902,49.39,5.715
1003,2024-09-27,2.099,49.41,5.952
1003,2024-09-28,1.686,50.42,5.949
1003,2024-09-29,1.984,49.09,5.584
1003,2024-09-30,1.794,51.03,6.156
1003,2024-10-01,2.332,49.31,5.613
1003,2024-10-02,1.941,48.93,5.714
1003,2024-10-03,1.828,51.1,5.589
1003,2024-10-04,1.787,49.66,5.765
1003,2024-10-05,2.067,50.36,5.556
1003,2024-10-06,1.991,49.39,5.752
1003,2024-10-07,1.637,47.55,5.916
1003,2024-10-08,1.898,50.35,5.785
1003,2024-10-09,1.586,48.46,5.713
1003,2024-10-10,1.703,50.89,5.985
1003,2024-10-11,1.595,48.25,5.618
1003,2024-10-12,1.589,47.94,5.898
1003,2024-10-13,1.717,50.11,5.707
1003,2024-10-14,1.658,50.23,5.785
1003,2024-10-15,1.961,49.91,5.757
1003,2024-10-16,2.015,48.59,5.772
1003,2024-10-17,1.807,50.69,5.745
1003,2024-10-18,1.63,48.34,5.635
1003,2024-10-19,2.016,49.34,5.667
1003,2024-10-20,1.448,49.02,5.818
1003,2024-10-21,1.467,49.43,5.736
1003,2024-10-22,2.001,50.66,5.578
1003,2024-10-23,1.987,49.17,5.646
1003,2024-10-24,2.051,50.37,5.648
1003,2024-10-25,1.811,50.5,5.743
1003,2024-10-26,1.602,48.09,5.778
1003,2024-10-27,1.753,48.64,5.765
1003,2024-10-28,1.969,49.42,5.653
1003,2024-10-29,,,
1003,2024-10-30,1.714,50.11,5.546
1003,2024-10-31,1.575,47.87,5.318
1003,2024-11-01,1.621,50.53,5.743
1003,2024-11-02,2.024,50.55,5.503
1003,2024-11-03,1.946,49.64,5.609
1003,2024-11-04,1.622,48.42,5.57
1003,2024-11-05,1.638,49.81,5.845
1003,2024-11-06,1.742,49.27,5.569
1003,2024-11-07,1.965,50.37,5.791
1003,2024-11-08,1.62,49.72,5.677
1003,2024-11-09,1.821,50.53,5.564
1003,2024-11-10,1.424,49.37,5.513
1003,2024-11-11,1.602,51.25,5.819
1003,2024-11-12,1.939,47.5,5.807
1003,2024-11-13,2.035,48.79,5.865
1003,2024-11-14,,,
1003,2024-11-15,1.7,48.29,5.789
1003,2024-11-16,2.015,50.54,5.791
1003,2024-11-17,1.777,48.59,5.73
1003,2024-11-18,1.746,49.9,5.764
1003,2024-11-19,1.959,48.89,5.695
1003,2024-11-20,1.894,49.36,5.614
1003,2024-11-21,2.078,49.98,6.047
1003,2024-11-22,2.014,49.7,5.468
1003,2024-11-23,1.739,49.42,5.786
1003,2024-11-24,1.831,51.96,5.814
1003,2024-11-25,1.843,49.81,5.77
1003,2024-11-26,1.583,48.83,5.603
1003,2024-11-27,1.66,50.73,5.718
1003,2024-11-28,2.05,50.63,5.678
1003,2024-11-29,1.536,51.03,5.585
1003,2024-11-30,2.055,51.59,5.739
1003,2024-12-01,1.912,48.87,5.685
1003,2024-12-02,1.827,50.86,5.663
1003,2024-12-03,1.963,50.94,5.848
1003,2024-12-04,1.951,49.81,5.587
1003,2024-12-05,2.098,50.05,5.812
1003,2024-12-06,1.775,46.8,5.654
1003,2024-12-07,1.809,49.23,5.809
1003,2024-12-08,,,
1003,2024-12-09,2.233,48.02,5.781
1003,2024-12-10,2.045,49.27,5.598
1003,2024-12-11,1.67,50.09,5.629
1003,2024-12-12,1.788,50.38,5.616
1003,2024-12-13,1.714,51.44,5.771
1003,2024-12-14,1.858,48.04,5.856
1003,2024-12-15,1.898,49.85,5.906
1003,2024-12-16,2.316,50.66,5.669
1003,2024-12-17,1.489,48.49,5.757
1003,2024-12-18,2.062,49.77,5.502
1003,2024-12-19,1.943,51.69,5.412
1003,2024-12-20,1.715,51.12,5.614
1003,2024-12-21,1.826,50.34,5.644
1003,2024-12-22,1.756,47.19,5.511
1003,2024-12-23,1.866,49.67,5.477
1003,2024-12-24,2.058,50.19,5.823
1003,2024-12-25,1.551,49.5,5.623
1003,2024-12-26,2.119,49.74,5.491
1003,2024-12-27,1.781,52.89,6.09
1003,2024-12-28,2.158,49.59,5.769
1003,2024-12-29,1.939,48.84,5.695
1003,2024-12-30,2.104,50.05,5.844
1003,2024-12-31,1.97,49.49,5.629
1003,2025-01-01,2.074,49.5,5.98
1003,2025-01-02,1.868,49.72,5.512
1003,2025-01-03,1.69,50.58,5.546
1003,2025-01-04,1.991,50.04,5.721
1003,2025-01-05,1.999,48.6,5.627
1003,2025-01-06,2.278,49.67,5.953
1003,2025-01-07,1.455,50.28,5.502
1003,2025-01-08,1.817,49.34,5.632
1003,2025-01-09,2.07,50.95,5.777
1003,2025-01-10,1.605,50.58,5.825
1003,2025-01-11,1.811,48.81,5.891
1003,2025-01-12,2.282,50.12,5.792
1003,2025-01-13,2.141,51.79,6.07
1003,2025-01-14,1.681,51.37,5.67
1003,2025-01-15,2.143,49.75,5.767
1003,2025-01-16,2.095,50.7,5.868
1003,2025-01-17,2.013,49.13,5.693
1003,2025-01-18,1.934,48.36,5.696
1003,2025-01-19,1.905,50.36,5.67
1003,2025-01-20,1.683,50.05,5.643
1003,2025-01-21,1.754,50.32,5.571
1003,2025-01-22,2.004,49.78,5.657
1003,2025-01-23,1.886,50.13,5.508
1003,2025-01-24,2.228,49.29,5.796
1003,2025-01-25,1.791,50.28,5.501
1003,2025-01-26,1.377,50.64,6.048
1003,2025-01-27,1.791,49.75,5.993
1003,2025-01-28,1.913,50.62,5.904
1003,2025-01-29,1.935,48.03,5.707
1003,2025-01-30,1.871,49.02,5.651
1003,2025-01-31,1.693,51.25,5.921
1003,2025-02-01,2.157,51.57,5.765
1003,2025-02-02,1.725,50.06,5.822
1003,2025-02-03,2.001,49.7,5.631
1003,2025-02-04,1.801,48.54,5.897
1003,2025-02-05,1.618,50.17,5.618
1003,2025-02-06,2.141,50.58,5.754
1003,2025-02-07,1.356,48.32,5.479
1003,2025-02-08,1.688,50.36,5.64
1003,2025-02-09,1.945,50.3,5.813
1003,2025-02-10,1.787,50.25,5.67
1003,2025-02-11,2.009,48.68,5.671
1003,2025-02-12,1.839,50.35,5.855
1003,2025-02-13,1.768,48.31,5.727
1003,2025-02-14,2.291,51.29,5.923
1003,2025-02-15,1.815,49.94,5.376
1003,2025-02-16,,,
1003,2025-02-17,1.642,51.15,5.813
1003,2025-02-18,1.709,50.96,5.506
1003,2025-02-19,1.989,49.15,5.543
1003,2025-02-20,1.972,52.01,5.868
1003,2025-02-21,1.86,48.8,5.578
1003,2025-02-22,1.719,50.12,5.642
1003,2025-02-23,1.997,50.99,5.826
1003,2025-02-24,1.519,47.53,5.687
1003,2025-02-25,1.791,50.81,5.808
1003,2025-02-26,1.809,49.74,5.607
1003,2025-02-27,1.691,49.79,5.781
1003,2025-02-28,1.891,48.73,5.899
1003,2025-03-01,1.726,50.14,5.785
1003,2025-03-02,1.699,48.7,5.409
1003,2025-03-03,2.221,48.84,5.834
1003,2025-03-04,2.009,49.36,5.745
1003,2025-03-05,2.101,48.58,5.601
1003,2025-03-06,1.871,51.38,5.945
1003,2025-03-07,2.054,48.48,5.476
1003,2025-03-08,2.017,49.05,6.017
1003,2025-03-09,2.104,49.49,5.642
1003,2025-03-10,2.335,49.81,5.972
1003,2025-03-11,1.816,50.6,5.73
1003,2025-03-12,1.913,50.62,5.538
1003,2025-03-13,1.851,49.5,5.751
1003,2025-03-14,1.158,49.42,5.786
1003,2025-03-15,1.582,49.84,5.818
1003,2025-03-16,1.866,50.63,5.895
1003,2025-03-17,1.989,50.5,5.603
1003,2025-03-18,1.747,49.29,5.81
1003,2025-03-19,2.089,47.75,5.847
1003,2025-03-20,2.119,51.95,5.696
1003,2025-03-21,1.78,50.76,5.597
1003,2025-03-22,2.147,50.07,5.594
1003,2025-03-23,2.213,50.15,5.849
1003,2025-03-24,1.956,49.28,5.856
1003,2025-03-25,1.667,48.8,5.613
1003,2025-03-26,2.157,49.47,5.537
1003,2025-03-27,1.83,49.58,5.922
1003,2025-03-28,1.788,49.18,5.504
1003,2025-03-29,1.886,48.35,5.76
1003,2025-03-30,1.756,49.49,5.616
1003,2025-03-31,2.078,50.38,5.474
1003,2025-04-01,2.019,49.31,5.755
1003,2025-04-02,,,
1003,2025-04-03,1.98,47.73,5.951
1003,2025-04-04,1.705,49.6,6.076
1003,2025-04-05,1.832,49.68,5.708
1003,2025-04-06,2.039,48.58,5.889
1003,2025-04-07,1.782,48.08,5.892
1003,2025-04-08,2.448,50.22,5.658
1003,2025-04-09,1.815,49.0,5.607
1003,2025-04-10,1.747,50.29,5.977
1003,2025-04-11,2.094,49.38,5.682
1003,2025-04-12,2.013,50.43,5.732
1003,2025-04-13,1.858,49.47,5.693
1003,2025-04-14,1.818,48.3,5.716
1003,2025-04-15,1.949,49.72,5.646
1003,2025-04-16,2.031,49.48,5.848
1003,2025-04-17,2.016,50.46,5.924
1003,2025-04-18,1.803,49.35,5.681
1003,2025-04-19,1.95,49.41,5.53
1003,2025-04-20,,,
1003,2025-04-21,2.017,50.97,5.514
1003,2025-04-22,1.247,50.56,5.641
1003,2025-04-23,1.686,50.84,5.92
1003,2025-04-24,1.709,50.26,6.083
1003,2025-04-25,1.818,50.58,5.792
1003,2025-04-26,1.9,50.68,5.577
1003,2025-04-27,2.048,50.21,5.853
1003,2025-04-28,1.987,49.87,5.401
1003,2025-04-29,1.838,49.95,5.633
1003,2025-04-30,1.868,52.21,5.964
1003,2025-05-01,2.216,49.82,5.848
1003,2025-05-02,,,
1003,2025-05-03,1.925,49.44,5.488
1003,2025-05-04,2.177,49.77,5.864
1003,2025-05-05,1.933,50.05,5.729
1003,2025-05-06,1.455,48.67,5.648
1003,2025-05-07,1.939,47.82,5.798
1003,2025-05-08,1.786,50.1,5.651
1003,2025-05-09,1.841,48.2,5.449
1003,2025-05-10,2.074,50.06,5.857
1003,2025-05-11,1.958,49.95,5.64
1003,2025-05-12,1.811,50.96,5.587
1003,2025-05-13,2.042,51.48,5.537
1003,2025-05-14,1.951,50.17,5.774
1003,2025-05-15,1.885,49.25,5.616
1003,2025-05-16,1.924,48.63,5.829
1003,2025-05-17,1.914,49.01,5.696
1003,2025-05-18,,,
1003,2025-05-19,1.772,47.74,5.679
1003,2025-05-20,1.869,49.88,5.639
1003,2025-05-21,1.673,49.79,5.442
1003,2025-05-22,1.612,50.45,5.572
1003,2025-05-23,2.124,49.47,5.844
1003,2025-05-24,1.816,49.91,6.192
1003,2025-05-25,1.859,49.07,5.55
1003,2025-05-26,1.837,49.34,5.581
1003,2025-05-27,1.868,48.03,5.787
1003,2025-05-28,1.868,49.93,5.808
1003,2025-05-29,1.877,51.35,5.635
1003,2025-05-30,1.703,49.97,5.748
1003,2025-05-31,2.05,50.17,5.496
1003,2025-06-01,1.725,48.82,5.692
1003,2025-06-02,2.071,51.24,5.871
1003,2025-06-03,1.48,49.04,5.98
1003,2025-06-04,1.651,50.61,5.711
1003,2025-06-05,2.062,49.91,5.698
1003,2025-06-06,1.834,48.85,5.804
1003,2025-06-07,1.73,50.83,5.902
1003,2025-06-08,1.939,49.82,5.809
1003,2025-06-09,1.655,49.98,5.624
1003,2025-06-10,1.879,50.26,5.79
1003,2025-06-11,1.421,49.78,5.881
1003,2025-06-12,1.773,49.43,5.63
1003,2025-06-13,1.734,50.27,5.537
1003,2025-06-14,1.972,49.4,5.813
1003,2025-06-15,2.039,49.87,5.791
1003,2025-06-16,1.693,49.14,5.881
1003,2025-06-17,2.186,48.31,5.75
1003,2025-06-18,1.745,49.13,5.64
1003,2025-06-19,1.453,49.31,5.671
1003,2025-06-20,1.388,49.82,5.583
1003,2025-06-21,2.172,50.99,5.595
1003,2025-06-22,1.846,48.12,5.653
1003,2025-06-23,1.734,49.93,5.665
1003,2025-06-24,1.714,47.59,5.903
1003,2025-06-25,1.645,48.76,5.554
1003,2025-06-26,2.134,49.3,5.73
1003,2025-06-27,1.847,47.55,5.649
1003,2025-06-28,2.222,47.95,5.959
1003,2025-06-29,1.824,49.96,5.776
1003,2025-06-30,1.394,49.88,5.681
1003,2025-07-01,2.033,49.69,5.859
1003,2025-07-02,1.79,49.0,5.747
1003,2025-07-03,1.816,51.96,5.666
1003,2025-07-04,2.177,49.64,5.966
1003,2025-07-05,1.811,48.94,5.843
1003,2025-07-06,2.096,51.48,5.995
1003,2025-07-07,1.863,50.42,5.91
1003,2025-07-08,1.713,49.43,5.853
1003,2025-07-09,1.965,51.0,5.757
1003,2025-07-10,,,
1003,2025-07-11,2.109,50.45,5.843
1003,2025-07-12,2.056,50.04,5.748
1003,2025-07-13,1.876,48.78,5.838
1003,2025-07-14,1.986,50.78,5.737
1003,2025-07-15,1.977,49.97,5.635
1003,2025-07-16,1.809,48.8,5.588
1003,2025-07-17,2.043,49.04,5.842
1003,2025-07-18,1.818,50.76,5.931
1003,2025-07-19,1.987,49.44,5.695
1003,2025-07-20,1.674,49.85,5.806
1003,2025-07-21,1.884,50.46,5.944
1003,2025-07-22,1.947,49.93,5.614
1003,2025-07-23,1.706,48.28,5.687
1003,2025-07-24,1.781,50.44,5.571
1003,2025-07-25,1.758,50.74,5.914
1003,2025-07-26,2.01,50.67,5.777
1003,2025-07-27,1.72,51.42,5.669
1003,2025-07-28,1.952,50.17,5.492
1003,2025-07-29,2.17,50.58,5.712
1003,2025-07-30,1.936,51.39,5.887
1003,2025-07-31,1.542,49.51,5.694
1003,2025-08-01,,,
1003,2025-08-02,2.073,51.54,5.834
1003,2025-08-03,,,
1003,2025-08-04,,,
1003,2025-08-05,1.989,50.66,5.828
1003,2025-08-06,1.949,48.92,5.623
1003,2025-08-07,1.813,50.94,5.615
1003,2025-08-08,1.763,50.13,5.776
1003,2025-08-09,1.814,50.22,5.724
1003,2025-08-10,1.878,49.96,5.704
1003,2025-08-11,1.97,51.16,5.77
1003,2025-08-12,1.95,50.36,5.772
1003,2025-08-13,1.806,49.11,5.601
1003,2025-08-14,1.879,50.29,5.64
1003,2025-08-15,1.943,50.53,5.806
1003,2025-08-16,1.541,49.08,5.906
1003,2025-08-17,1.712,49.37,5.941
1003,2025-08-18,1.706,49.42,5.613
1003,2025-08-19,1.825,49.2,5.902
1003,2025-08-20,1.811,50.15,5.852
1003,2025-08-21,1.815,50.82,5.735
1003,2025-08-22,1.692,51.7,5.812
1003,2025-08-23,2.001,51.0,5.863
1003,2025-08-24,1.922,50.83,6.005
1003,2025-08-25,1.538,50.95,5.582
1003,2025-08-26,1.869,51.14,5.829
1003,2025-08-27,1.641,49.43,5.719
1003,2025-08-28,2.207,50.5,5.709
1003,2025-08-29,1.776,50.13,5.91
1003,2025-08-30,1.788,49.68,5.861
1003,2025-08-31,1.884,49.35,5.589
1003,2025-09-01,1.827,49.3,5.698
1003,2025-09-02,1.855,49.54,5.774
1003,2025-09-03,2.176,48.57,5.53
1003,2025-09-04,1.912,50.33,5.868
1003,2025-09-05,,,
1003,2025-09-06,2.093,49.91,5.764
1003,2025-09-07,1.672,50.14,5.79
1003,2025-09-08,2.205,50.53,6.008
1003,2025-09-09,2.005,49.21,5.745
1003,2025-09-10,2.059,49.7,5.687
1003,2025-09-11,1.695,48.2,5.998
1003,2025-09-12,2.031,47.59,5.665
1003,2025-09-13,1.95,47.86,5.662
1003,2025-09-14,1.76,51.34,5.534
1003,2025-09-15,2.324,47.98,5.901
1003,2025-09-16,1.981,50.28,5.781
1003,2025-09-17,1.82,51.28,5.81
1003,2025-09-18,1.906,49.35,5.765
1003,2025-09-19,2.05,51.43,5.72
1003,2025-09-20,2.094,51.65,5.624
1003,2025-09-21,1.984,50.75,5.624
1003,2025-09-22,2.111,52.18,5.804
1003,2025-09-23,2.162,50.43,5.759
1003,2025-09-24,1.621,49.08,5.982
1003,2025-09-25,1.771,50.33,5.628
1003,2025-09-26,1.68,49.36,5.668
1003,2025-09-27,1.887,48.51,5.589
1003,2025-09-28,2.156,48.53,5.945
1003,2025-09-29,1.998,52.12,5.557
1003,2025-09-30,1.659,49.27,5.855
1003,2025-10-01,1.809,49.79,5.954
1003,2025-10-02,2.073,49.15,5.72
1003,2025-10-03,1.761,49.95,5.848
1003,2025-10-04,1.848,49.57,5.425
1003,2025-10-05,1.929,49.4,5.683
1003,2025-10-06,1.503,48.6,5.495
1003,2025-10-07,2.024,48.4,5.766
1003,2025-10-08,,,
1003,2025-10-09,1.982,50.11,5.627
1003,2025-10-10,1.672,51.89,5.881
1003,2025-10-11,1.714,50.87,5.793
1003,2025-10-12,1.748,51.64,5.663
1003,2025-10-13,1.918,50.3,5.665
1003,2025-10-14,1.882,49.73,5.523
1003,2025-10-15,1.893,48.5,5.713
1003,2025-10-16,2.226,49.82,6.055
1003,2025-10-17,2.129,47.68,5.635
1003,2025-10-18,1.724,49.52,5.803
1003,2025-10-19,1.737,51.45,5.659
1003,2025-10-20,2.211,50.15,5.86
1003,2025-10-21,1.804,50.95,5.806
1003,2025-10-22,2.144,49.44,5.706
1003,2025-10-23,2.188,48.45,5.476
1003,2025-10-24,1.759,49.35,5.665
1003,2025-10-25,1.814,49.43,5.919
1003,2025-10-26,1.884,51.03,5.705
1003,2025-10-27,1.695,51.8,5.834
1003,2025-10-28,1.672,49.09,5.67
1003,2025-10-29,1.788,49.47,5.464
1003,2025-10-30,2.038,49.68,5.804
1003,2025-10-31,1.778,49.48,5.788
1003,2025-11-01,1.827,48.58,5.655
1003,2025-11-02,1.775,49.92,5.686
1003,2025-11-03,1.595,50.19,5.784
1003,2025-11-04,2.165,50.22,5.653
1003,2025-11-05,1.399,48.62,5.792
1003,2025-11-06,1.737,49.72,5.711
1003,2025-11-07,1.98,48.09,5.392
1003,2025-11-08,1.589,50.74,5.72
1003,2025-11-09,1.989,48.81,5.653
1003,2025-11-10,2.118,49.56,5.617
1003,2025-11-11,1.696,49.38,5.801
1003,2025-11-12,1.909,49.25,5.669
1003,2025-11-13,1.646,48.77,5.821
1003,2025-11-14,1.969,48.07,5.903
1003,2025-11-15,1.885,51.57,5.762
1003,2025-11-16,1.911,50.09,5.512
1003,2025-11-17,2.141,50.1,5.633
1003,2025-11-18,1.962,51.93,5.743
1003,2025-11-19,2.137,49.96,5.703
1003,2025-11-20,2.032,50.39,5.622
1003,2025-11-21,2.163,50.42,5.718
1003,2025-11-22,2.332,51.02,5.704
1003,2025-11-23,2.538,51.19,5.686
1003,2025-11-24,2.782,51.7,5.664
1003,2025-11-25,3.063,52.27,5.619
1003,2025-11-26,3.381,52.93,5.612
1003,2025-11-27,3.737,53.66,5.581
1003,2025-11-28,4.13,54.47,5.546
1003,2025-11-29,4.561,55.36,5.431
1003,2025-11-30,5.029,56.33,5.468
1003,2025-12-01,5.535,57.37,5.424
1003,2025-12-02,6.078,58.49,5.376
1003,2025-12-03,,,
1003,2025-12-04,7.277,60.96,5.271
1003,2025-12-05,7.932,62.31,5.214
1003,2025-12-06,8.625,63.74,5.153
1003,2025-12-07,9.356,65.24,5.089
1003,2025-12-08,1.701,49.39,5.712
1003,2025-12-09,1.976,48.0,5.832
1003,2025-12-10,1.685,48.9,5.608
1003,2025-12-11,1.924,49.52,5.655
1003,2025-12-12,1.676,49.83,5.811
1003,2025-12-13,2.309,49.89,6.005
1003,2025-12-14,1.977,49.7,5.738
1003,2025-12-15,2.259,51.98,6.076
1003,2025-12-16,1.665,50.27,6.151
1003,2025-12-17,2.0,48.62,5.552
1003,2025-12-18,1.676,49.23,5.738
1003,2025-12-19,1.983,49.18,5.601
1003,2025-12-20,2.003,49.66,5.721
1003,2025-12-21,1.548,49.23,5.663
1003,2025-12-22,1.64,48.98,5.732
1003,2025-12-23,1.634,51.49,5.885
1003,2025-12-24,1.566,49.88,5.881
1003,2025-12-25,1.721,49.5,5.781
1003,2025-12-26,1.675,49.59,5.743
1003,2025-12-27,1.578,49.62,5.76
1003,2025-12-28,1.886,51.23,5.761
1003,2025-12-29,1.976,50.32,5.827
1003,2025-12-30,1.604,50.96,5.743
1003,2025-12-31,1.755,46.72,5.817
1004,2024-01-01,1.947,46.94,6.546
1004,2024-01-02,2.203,48.32,6.586
1004,2024-01-03,2.302,46.6,6.539
1004,2024-01-04,1.964,45.8,6.443
1004,2024-01-05,2.047,47.13,6.779
1004,2024-01-06,2.261,46.12,6.702
1004,2024-01-07,1.79,47.41,6.586
1004,2024-01-08,1.783,45.95,6.709
1004,2024-01-09,2.122,46.88,6.617
1004,2024-01-10,2.218,46.79,6.532
1004,2024-01-11,2.073,46.97,6.582
1004,2024-01-12,1.714,46.51,6.958
1004,2024-01-13,2.172,46.22,6.714
1004,2024-01-14,1.905,46.95,6.721
1004,2024-01-15,2.297,46.44,6.512
1004,2024-01-16,,,
1004,2024-01-17,2.22,46.74,6.899
1004,2024-01-18,2.295,44.82,6.632
1004,2024-01-19,2.064,46.95,6.726
1004,2024-01-20,2.332,48.36,6.753
1004,2024-01-21,2.414,47.3,6.663
1004,2024-01-22,2.246,47.59,6.799
1004,2024-01-23,2.431,47.45,6.603
1004,2024-01-24,2.044,46.55,6.642
1004,2024-01-25,2.349,45.71,6.478
1004,2024-01-26,2.221,47.79,6.954
1004,2024-01-27,1.973,48.03,6.614
1004,2024-01-28,2.152,47.56,6.585
1004,2024-01-29,2.063,47.42,6.771
1004,2024-01-30,2.059,47.39,6.498
1004,2024-01-31,2.185,46.98,6.569
1004,2024-02-01,2.378,47.27,6.456
1004,2024-02-02,2.105,47.02,6.572
1004,2024-02-03,2.193,47.32,6.513
1004,2024-02-04,1.877,46.09,6.648
1004,2024-02-05,2.189,46.4,6.551
1004,2024-02-06,2.396,47.56,6.482
1004,2024-02-07,2.328,46.68,6.526
1004,2024-02-08,2.262,44.67,6.552
1004,2024-02-09,2.064,47.13,6.495
1004,2024-02-10,1.975,44.8,6.705
1004,2024-02-11,2.149,48.85,6.667
1004,2024-02-12,1.903,47.7,6.59
1004,2024-02-13,1.924,47.66,6.396
1004,2024-02-14,2.355,46.37,6.644
1004,2024-02-15,1.986,45.92,6.384
1004,2024-02-16,2.524,46.8,6.596
1004,2024-02-17,1.885,47.03,6.576
1004,2024-02-18,2.253,46.27,6.484
1004,2024-02-19,1.936,47.16,6.449
1004,2024-02-20,2.203,47.67,6.468
1004,2024-02-21,1.962,47.59,6.867
1004,2024-02-22,2.176,46.01,6.531
1004,2024-02-23,2.137,44.93,6.539
1004,2024-02-24,2.079,47.01,6.708
1004,2024-02-25,2.269,46.38,6.63
1004,2024-02-26,2.467,47.44,6.722
1004,2024-02-27,2.051,48.59,6.391
1004,2024-02-28,2.343,48.59,6.411
1004,2024-02-29,2.185,47.29,7.051
1004,2024-03-01,2.162,48.08,6.563
1004,2024-03-02,2.602,48.59,6.527
1004,2024-03-03,1.738,47.06,6.592
1004,2024-03-04,2.033,47.28,6.713
1004,2024-03-05,1.809,47.83,6.397
1004,2024-03-06,2.106,46.98,6.61
1004,2024-03-07,2.123,46.54,6.565
1004,2024-03-08,2.923,46.3,6.666
1004,2024-03-09,2.237,47.02,6.594
1004,2024-03-10,2.524,46.42,6.492
1004,2024-03-11,2.425,47.78,6.444
1004,2024-03-12,2.081,46.7,6.217
1004,2024-03-13,2.263,48.42,6.711
1004,2024-03-14,2.499,48.18,6.356
1004,2024-03-15,2.202,45.84,6.511
1004,2024-03-16,2.209,48.06,6.565
1004,2024-03-17,2.268,47.14,6.508
1004,2024-03-18,2.214,48.33,6.555
1004,2024-03-19,2.269,47.51,6.538
1004,2024-03-20,2.346,47.62,6.526
1004,2024-03-21,2.445,47.9,6.503
1004,2024-03-22,2.566,48.26,6.476
1004,2024-03-23,2.709,48.67,6.444
1004,2024-03-24,2.874,49.15,6.407
1004,2024-03-25,3.061,49.69,6.365
1004,2024-03-26,3.27,50.3,6.318
1004,2024-03-27,3.501,50.97,6.267
1004,2024-03-28,3.754,51.71,6.21
1004,2024-03-29,4.029,52.51,6.148
1004,2024-03-30,4.326,53.37,6.082
1004,2024-03-31,4.645,54.3,6.01
1004,2024-04-01,4.986,55.29,5.934
1004,2024-04-02,5.349,56.34,5.852
1004,2024-04-03,5.734,57.46,5.766
1004,2024-04-04,6.14,58.64,5.675
1004,2024-04-05,6.569,59.89,5.579
1004,2024-04-06,2.033,46.32,6.628
1004,2024-04-07,1.997,48.4,6.561
1004,2024-04-08,2.033,46.59,6.556
1004,2024-04-09,2.179,47.99,6.48
1004,2024-04-10,2.712,46.14,6.505
1004,2024-04-11,1.747,47.34,6.613
1004,2024-04-12,2.163,46.69,6.649
1004,2024-04-13,2.119,47.93,6.661
1004,2024-04-14,2.356,46.77,6.712
1004,2024-04-15,2.093,46.22,6.74
1004,2024-04-16,2.17,47.48,6.309
1004,2024-04-17,2.43,47.13,6.494
1004,2024-04-18,2.207,47.19,6.537
1004,2024-04-19,2.254,47.78,6.476
1004,2024-04-20,2.318,47.43,6.451
1004,2024-04-21,2.401,47.77,6.387
1004,2024-04-22,2.503,47.83,6.309
1004,2024-04-23,2.623,48.09,6.217
1004,2024-04-24,2.762,48.39,6.11
1004,2024-04-25,2.919,48.73,5.99
1004,2024-04-26,3.095,49.11,5.855
1004,2024-04-27,3.289,49.53,5.706
1004,2024-04-28,3.502,49.99,5.542
1004,2024-04-29,3.733,50.49,5.365
1004,2024-04-30,3.983,51.03,5.173
1004,2024-05-01,4.251,51.61,4.967
1004,2024-05-02,4.538,52.23,4.747
1004,2024-05-03,4.843,52.89,4.513
1004,2024-05-04,5.167,53.59,4.264
1004,2024-05-05,5.509,54.33,4.001
1004,2024-05-06,5.87,55.11,3.724
1004,2024-05-07,2.073,48.38,6.708
1004,2024-05-08,2.315,46.78,6.58
1004,2024-05-09,2.205,46.71,6.537
1004,2024-05-10,2.408,46.7,6.725
1004,2024-05-11,,,
1004,2024-05-12,2.572,45.12,6.71
1004,2024-05-13,2.122,47.34,6.884
1004,2024-05-14,1.92,47.49,6.673
1004,2024-05-15,2.19,47.13,6.704
1004,2024-05-16,2.613,49.28,6.64
1004,2024-05-17,2.265,48.18,6.605
1004,2024-05-18,1.92,47.8,6.609
1004,2024-05-19,2.073,46.23,6.579
1004,2024-05-20,2.43,47.54,6.725
1004,2024-05-21,1.885,46.72,6.337
1004,2024-05-22,2.129,47.12,6.531
1004,2024-05-23,2.106,47.27,6.663
1004,2024-05-24,2.595,46.62,6.448
1004,2024-05-25,2.106,47.67,6.554
1004,2024-05-26,2.425,48.62,6.469
1004,2024-05-27,2.03,48.06,6.632
1004,2024-05-28,2.005,47.28,6.693
1004,2024-05-29,2.364,45.26,6.778
1004,2024-05-30,2.288,48.11,6.641
1004,2024-05-31,1.821,48.1,6.466
1004,2024-06-01,2.291,46.9,6.605
1004,2024-06-02,2.292,46.64,6.651
1004,2024-06-03,2.042,47.71,6.771
1004,2024-06-04,2.208,46.32,6.261
1004,2024-06-05,2.218,47.84,6.622
1004,2024-06-06,2.067,46.07,6.307
1004,2024-06-07,2.048,46.22,6.672
1004,2024-06-08,2.031,47.1,6.633
1004,2024-06-09,2.11,45.72,6.641
1004,2024-06-10,1.9,47.09,6.696
1004,2024-06-11,2.155,47.59,6.624
1004,2024-06-12,1.867,45.85,6.476
1004,2024-06-13,2.179,47.96,6.619
1004,2024-06-14,2.147,46.56,6.741
1004,2024-06-15,1.958,47.61,6.552
1004,2024-06-16,2.333,47.29,6.573
1004,2024-06-17,2.548,46.66,6.395
1004,2024-06-18,2.427,46.6,6.735
1004,2024-06-19,1.892,45.49,6.497
1004,2024-06-20,2.417,46.44,6.463
1004,2024-06-21,2.207,46.37,6.505
1004,2024-06-22,2.153,48.64,6.446
1004,2024-06-23,2.045,48.05,6.533
1004,2024-06-24,2.162,45.81,6.752
1004,2024-06-25,2.439,47.85,6.683
1004,2024-06-26,2.272,47.31,6.773
1004,2024-06-27,2.081,46.74,6.782
1004,2024-06-28,2.031,47.53,6.441
1004,2024-06-29,2.081,47.84,6.638
1004,2024-06-30,2.28,46.56,6.784
1004,2024-07-01,2.534,46.84,6.898
1004,2024-07-02,1.954,47.25,6.366
1004,2024-07-03,2.163,46.18,6.365
1004,2024-07-04,2.087,47.27,6.636
1004,2024-07-05,2.014,47.02,6.521
1004,2024-07-06,2.242,46.46,6.427
1004,2024-07-07,2.273,46.31,6.623
1004,2024-07-08,1.882,47.39,6.456
1004,2024-07-09,1.958,47.92,6.244
1004,2024-07-10,2.4,47.41,6.565
1004,2024-07-11,2.226,46.3,6.587
1004,2024-07-12,2.267,47.8,6.66
1004,2024-07-13,2.064,47.26,6.703
1004,2024-07-14,2.088,47.66,6.595
1004,2024-07-15,2.254,48.19,6.535
1004,2024-07-16,2.065,46.26,6.473
1004,2024-07-17,1.943,46.97,6.333
1004,2024-07-18,,,
1004,2024-07-19,,,
1004,2024-07-20,1.959,48.98,6.662
1004,2024-07-21,2.373,47.98,6.862
1004,2024-07-22,2.303,45.45,6.547
1004,2024-07-23,1.992,47.5,6.313
1004,2024-07-24,2.165,46.58,6.687
1004,2024-07-25,2.155,48.18,6.717
1004,2024-07-26,2.289,47.18,6.401
1004,2024-07-27,2.295,46.94,6.337
1004,2024-07-28,1.905,47.24,6.59
1004,2024-07-29,1.896,47.46,6.67
1004,2024-07-30,2.367,47.13,6.408
1004,2024-07-31,2.186,46.9,6.52
1004,2024-08-01,2.246,46.97,6.457
1004,2024-08-02,2.23,47.58,6.399
1004,2024-08-03,2.467,46.05,6.38
1004,2024-08-04,1.924,47.1,6.588
1004,2024-08-05,2.379,46.99,6.515
1004,2024-08-06,2.001,46.65,6.472
1004,2024-08-07,2.308,47.79,6.194
1004,2024-08-08,2.429,45.9,6.818
1004,2024-08-09,1.89,46.76,6.433
1004,2024-08-10,2.243,46.31,6.548
1004,2024-08-11,2.109,47.61,6.405
1004,2024-08-12,2.106,46.67,6.622
1004,2024-08-13,2.172,47.15,6.351
1004,2024-08-14,1.955,47.46,6.581
1004,2024-08-15,1.973,45.61,6.541
1004,2024-08-16,2.294,47.53,6.699
1004,2024-08-17,2.331,46.41,6.41
1004,2024-08-18,2.051,46.87,6.474
1004,2024-08-19,1.876,47.0,6.534
1004,2024-08-20,2.622,47.86,6.867
1004,2024-08-21,2.381,47.79,6.356
1004,2024-08-22,2.235,48.75,6.609
1004,2024-08-23,1.96,47.27,6.473
1004,2024-08-24,2.048,46.66,6.612
1004,2024-08-25,2.211,46.64,6.661
1004,2024-08-26,1.974,47.72,6.587
1004,2024-08-27,2.48,48.6,6.605
1004,2024-08-28,2.19,47.42,6.607
1004,2024-08-29,2.241,46.57,6.483
1004,2024-08-30,1.96,47.36,6.536
1004,2024-08-31,1.984,47.34,6.329
1004,2024-09-01,2.008,47.14,6.516
1004,2024-09-02,2.218,46.41,6.457
1004,2024-09-03,2.111,44.73,6.53
1004,2024-09-04,2.106,46.6,6.672
1004,2024-09-05,2.226,48.09,6.621
1004,2024-09-06,2.208,47.3,6.634
1004,2024-09-07,2.456,45.04,6.724
1004,2024-09-08,2.125,47.11,6.225
1004,2024-09-09,1.964,45.38,6.628
1004,2024-09-10,2.161,48.96,6.563
1004,2024-09-11,2.452,47.28,6.552
1004,2024-09-12,2.054,45.98,6.379
1004,2024-09-13,2.173,47.85,6.645
1004,2024-09-14,2.093,46.37,6.731
1004,2024-09-15,2.243,47.63,6.713
1004,2024-09-16,2.214,47.13,6.554
1004,2024-09-17,2.004,46.0,6.657
1004,2024-09-18,2.119,47.73,6.698
1004,2024-09-19,2.349,45.85,6.827
1004,2024-09-20,,,
1004,2024-09-21,2.345,47.16,6.586
1004,2024-09-22,2.333,46.14,6.579
1004,2024-09-23,2.098,45.41,6.59
1004,2024-09-24,2.092,48.61,6.598
1004,2024-09-25,2.346,48.46,6.495
1004,2024-09-26,1.933,45.93,6.676
1004,2024-09-27,2.152,48.64,6.467
1004,2024-09-28,1.798,47.26,6.451
1004,2024-09-29,2.089,46.9,6.617
1004,2024-09-30,2.025,47.02,6.484
1004,2024-10-01,1.927,46.85,6.531
1004,2024-10-02,2.278,48.44,6.268
1004,2024-10-03,2.019,47.25,6.679
1004,2024-10-04,2.091,45.38,6.565
1004,2024-10-05,2.113,49.06,6.547
1004,2024-10-06,2.019,47.93,6.632
1004,2024-10-07,2.443,46.09,6.596
1004,2024-10-08,2.067,46.77,6.465
1004,2024-10-09,2.202,46.26,6.853
1004,2024-10-10,1.907,47.15,6.501
1004,2024-10-11,2.071,47.47,6.705
1004,2024-10-12,2.1,47.33,6.827
1004,2024-10-13,2.103,46.55,6.477
1004,2024-10-14,2.049,46.36,6.579
1004,2024-10-15,2.192,47.9,6.448
1004,2024-10-16,2.47,47.01,6.716
1004,2024-10-17,2.138,49.21,6.518
1004,2024-10-18,2.136,46.35,6.408
1004,2024-10-19,2.087,47.84,6.754
1004,2024-10-20,2.662,47.15,6.697
1004,2024-10-21,2.481,46.4,6.438
1004,2024-10-22,2.273,48.38,6.735
1004,2024-10-23,2.302,47.22,6.593
1004,2024-10-24,2.024,46.27,6.954
1004,2024-10-25,2.134,46.81,6.811
1004,2024-10-26,2.205,48.06,6.486
1004,2024-10-27,2.187,45.96,6.527
1004,2024-10-28,1.996,48.39,6.44
1004,2024-10-29,2.011,47.74,6.584
1004,2024-10-30,2.265,46.84,6.572
1004,2024-10-31,2.225,48.37,6.671
1004,2024-11-01,1.75,48.74,6.578
1004,2024-11-02,2.182,47.66,6.355
1004,2024-11-03,,,
1004,2024-11-04,2.037,48.83,6.768
1004,2024-11-05,2.211,48.5,6.731
1004,2024-11-06,1.879,46.24,6.542
1004,2024-11-07,2.327,46.91,6.546
1004,2024-11-08,,,
1004,2024-11-09,1.918,46.72,6.568
1004,2024-11-10,2.102,45.7,6.325
1004,2024-11-11,2.629,47.95,6.693
1004,2024-11-12,2.044,47.18,6.471
1004,2024-11-13,1.916,47.2,6.586
1004,2024-11-14,2.255,48.42,6.203
1004,2024-11-15,2.209,46.58,6.599
1004,2024-11-16,2.489,47.05,6.757
1004,2024-11-17,1.915,47.36,6.245
1004,2024-11-18,1.852,46.7,6.783
1004,2024-11-19,2.102,47.0,6.633
1004,2024-11-20,2.238,47.82,6.46
1004,2024-11-21,2.234,47.1,6.338
1004,2024-11-22,2.377,48.35,6.732
1004,2024-11-23,1.871,46.4,6.602
1004,2024-11-24,2.002,47.29,6.65
1004,2024-11-25,2.138,45.77,6.526
1004,2024-11-26,2.329,46.99,6.451
1004,2024-11-27,2.258,46.45,6.69
1004,2024-11-28,2.082,48.38,6.428
1004,2024-11-29,,,
1004,2024-11-30,2.337,47.58,6.326
1004,2024-12-01,2.35,48.84,6.432
1004,2024-12-02,2.696,48.46,6.357
1004,2024-12-03,2.129,47.78,6.753
1004,2024-12-04,2.483,46.46,6.314
1004,2024-12-05,1.927,45.75,6.402
1004,2024-12-06,2.058,47.08,6.66
1004,2024-12-07,2.032,46.77,6.598
1004,2024-12-08,2.073,46.5,6.879
1004,2024-12-09,1.993,46.83,6.829
1004,2024-12-10,2.058,45.55,6.653
1004,2024-12-11,2.154,48.51,6.664
1004,2024-12-12,2.076,46.03,6.303
1004,2024-12-13,2.294,46.47,6.439
1004,2024-12-14,2.148,47.64,6.518
1004,2024-12-15,2.164,45.57,6.54
1004,2024-12-16,2.453,47.97,6.368
1004,2024-12-17,2.226,47.99,6.431
1004,2024-12-18,2.195,46.81,6.443
1004,2024-12-19,2.161,46.09,6.717
1004,2024-12-20,2.177,46.66,6.626
1004,2024-12-21,2.277,45.36,6.517
1004,2024-12-22,2.007,48.41,6.525
1004,2024-12-23,2.389,47.16,6.607
1004,2024-12-24,2.472,46.41,6.465
1004,2024-12-25,2.39,46.25,6.527
1004,2024-12-26,2.068,47.65,6.318
1004,2024-12-27,1.852,48.52,6.661
1004,2024-12-28,2.079,45.9,6.703
1004,2024-12-29,2.195,46.56,6.617
1004,2024-12-30,2.327,45.44,6.633
1004,2024-12-31,2.129,47.74,6.617
1004,2025-01-01,2.105,47.25,6.858
1004,2025-01-02,2.462,49.24,6.594
1004,2025-01-03,2.033,46.99,6.375
1004,2025-01-04,2.373,46.69,6.414
1004,2025-01-05,2.342,46.43,6.667
1004,2025-01-06,1.904,47.91,6.718
1004,2025-01-07,,,
1004,2025-01-08,2.055,47.82,6.685
1004,2025-01-09,1.979,47.34,6.592
1004,2025-01-10,,,
1004,2025-01-11,1.857,46.25,6.463
1004,2025-01-12,,,
1004,2025-01-13,2.088,48.87,6.509
1004,2025-01-14,2.218,46.68,6.369
1004,2025-01-15,1.956,47.61,6.579
1004,2025-01-16,2.102,48.76,6.54
1004,2025-01-17,2.111,46.52,6.285
1004,2025-01-18,1.862,46.87,6.67
1004,2025-01-19,1.839,45.95,6.674
1004,2025-01-20,2.251,46.96,6.365
1004,2025-01-21,2.193,47.03,6.585
1004,2025-01-22,1.982,46.71,6.668
1004,2025-01-23,2.145,46.4,6.523
1004,2025-01-24,2.294,45.6,6.687
1004,2025-01-25,2.523,45.83,6.591
1004,2025-01-26,1.991,46.18,6.719
1004,2025-01-27,2.285,47.71,6.591
1004,2025-01-28,2.579,46.62,6.54
1004,2025-01-29,2.177,46.3,6.638
1004,2025-01-30,2.452,47.73,6.677
1004,2025-01-31,1.658,47.64,6.6
1004,2025-02-01,2.448,46.39,6.499
1004,2025-02-02,2.162,46.51,6.45
1004,2025-02-03,1.797,47.73,6.51
1004,2025-02-04,2.317,47.45,6.481
1004,2025-02-05,2.37,46.31,6.593
1004,2025-02-06,2.401,47.33,6.588
1004,2025-02-07,2.4,47.08,6.551
1004,2025-02-08,2.159,48.16,6.563
1004,2025-02-09,2.018,46.28,6.588
1004,2025-02-10,2.074,47.95,6.789
1004,2025-02-11,2.158,47.52,6.737
1004,2025-02-12,2.244,46.14,6.48
1004,2025-02-13,2.07,48.11,6.624
1004,2025-02-14,2.174,47.97,6.516
1004,2025-02-15,2.336,45.85,6.549
1004,2025-02-16,2.228,48.99,6.528
1004,2025-02-17,2.614,46.01,6.473
1004,2025-02-18,2.588,46.23,6.366
1004,2025-02-19,1.939,46.8,6.207
1004,2025-02-20,2.053,47.84,6.592
1004,2025-02-21,1.908,47.66,6.734
1004,2025-02-22,1.936,47.01,6.432
1004,2025-02-23,2.272,48.41,6.636
1004,2025-02-24,1.97,47.49,6.507
1004,2025-02-25,1.959,48.44,6.603
1004,2025-02-26,2.111,49.8,6.446
1004,2025-02-27,2.322,47.29,6.529
1004,2025-02-28,2.095,44.64,6.546
1004,2025-03-01,2.094,46.67,6.218
1004,2025-03-02,2.345,46.07,6.594
1004,2025-03-03,2.257,47.19,6.542
1004,2025-03-04,2.254,47.2,6.203
1004,2025-03-05,2.351,45.93,6.656
1004,2025-03-06,1.966,46.0,6.557
1004,2025-03-07,2.207,46.85,6.592
1004,2025-03-08,2.04,46.92,6.614
1004,2025-03-09,2.366,44.6,6.502
1004,2025-03-10,2.325,48.04,6.406
1004,2025-03-11,1.959,47.13,6.497
1004,2025-03-12,2.427,47.1,6.5
1004,2025-03-13,1.935,47.39,6.883
1004,2025-03-14,2.394,46.12,6.829
1004,2025-03-15,2.205,47.06,6.491
1004,2025-03-16,1.993,48.11,6.502
1004,2025-03-17,1.945,48.14,6.608
1004,2025-03-18,2.105,47.55,6.643
1004,2025-03-19,2.16,46.84,6.461
1004,2025-03-20,2.025,46.31,6.416
1004,2025-03-21,2.275,48.38,6.842
1004,2025-03-22,1.889,47.61,6.715
1004,2025-03-23,2.163,46.7,6.336
1004,2025-03-24,2.165,45.0,6.305
1004,2025-03-25,1.796,46.26,6.441
1004,2025-03-26,2.225,45.23,6.593
1004,2025-03-27,1.916,48.31,6.641
1004,2025-03-28,1.673,47.29,6.512
1004,2025-03-29,2.044,46.38,6.326
1004,2025-03-30,2.119,46.84,6.593
1004,2025-03-31,2.342,49.63,6.648
1004,2025-04-01,2.069,48.29,6.561
1004,2025-04-02,2.454,45.8,6.489
1004,2025-04-03,2.448,46.98,6.644
1004,2025-04-04,2.379,45.91,6.552
1004,2025-04-05,2.425,45.42,6.398
1004,2025-04-06,2.233,47.27,6.574
1004,2025-04-07,2.055,49.46,6.372
1004,2025-04-08,2.292,48.63,6.701
1004,2025-04-09,2.355,47.15,6.629
1004,2025-04-10,2.211,46.74,6.415
1004,2025-04-11,2.116,47.3,6.591
1004,2025-04-12,1.855,48.12,6.743
1004,2025-04-13,2.297,45.67,6.248
1004,2025-04-14,2.234,45.27,6.54
1004,2025-04-15,1.908,48.95,6.801
1004,2025-04-16,2.184,47.38,6.334
1004,2025-04-17,,,
1004,2025-04-18,2.143,47.34,6.352
1004,2025-04-19,2.319,48.56,6.551
1004,2025-04-20,2.313,46.5,6.21
1004,2025-04-21,1.873,47.59,6.323
1004,2025-04-22,2.105,48.63,6.482
1004,2025-04-23,2.26,48.11,6.581
1004,2025-04-24,2.345,46.65,6.616
1004,2025-04-25,2.442,47.99,6.623
1004,2025-04-26,1.786,46.45,6.729
1004,2025-04-27,2.151,45.7,6.663
1004,2025-04-28,2.305,47.62,6.669
1004,2025-04-29,2.406,48.49,6.417
1004,2025-04-30,2.497,47.94,6.538
1004,2025-05-01,1.98,45.86,7.027
1004,2025-05-02,2.091,47.96,6.893
1004,2025-05-03,1.956,47.78,6.682
1004,2025-05-04,2.326,46.65,6.669
1004,2025-05-05,1.903,44.65,6.706
1004,2025-05-06,2.398,48.11,6.501
1004,2025-05-07,2.349,47.98,6.848
1004,2025-05-08,,,
1004,2025-05-09,1.735,45.39,6.548
1004,2025-05-10,2.03,45.63,6.88
1004,2025-05-11,2.312,48.11,6.255
1004,2025-05-12,1.884,47.9,6.614
1004,2025-05-13,2.117,47.6,6.307
1004,2025-05-14,2.144,46.86,6.464
1004,2025-05-15,2.34,47.5,6.547
1004,2025-05-16,2.22,46.57,6.509
1004,2025-05-17,2.218,46.79,6.586
1004,2025-05-18,2.077,46.24,6.447
1004,2025-05-19,2.165,47.36,6.545
1004,2025-05-20,2.138,46.69,6.386
1004,2025-05-21,2.308,48.05,6.503
1004,2025-05-22,2.129,47.82,6.356
1004,2025-05-23,2.368,46.3,6.657
1004,2025-05-24,1.829,48.93,6.369
1004,2025-05-25,2.401,45.99,6.663
1004,2025-05-26,2.13,47.55,6.499
1004,2025-05-27,2.387,48.18,6.516
1004,2025-05-28,2.181,48.38,6.735
1004,2025-05-29,2.333,44.91,6.577
1004,2025-05-30,2.459,48.1,6.28
1004,2025-05-31,2.054,48.32,6.634
1004,2025-06-01,2.18,48.54,6.132
1004,2025-06-02,2.13,44.89,6.6
1004,2025-06-03,,,
1004,2025-06-04,1.844,47.01,6.353
1004,2025-06-05,2.13,46.66,6.572
1004,2025-06-06,2.115,48.44,6.515
1004,2025-06-07,2.009,46.43,6.858
1004,2025-06-08,2.125,48.33,6.496
1004,2025-06-09,1.859,47.67,6.848
1004,2025-06-10,2.44,45.65,6.766
1004,2025-06-11,2.252,46.11,6.47
1004,2025-06-12,2.536,46.64,6.439
1004,2025-06-13,1.991,47.2,6.756
1004,2025-06-14,1.933,48.1,6.54
1004,2025-06-15,2.22,46.92,6.584
1004,2025-06-16,1.834,48.01,6.523
1004,2025-06-17,2.208,45.53,6.381
1004,2025-06-18,2.025,44.06,6.505
1004,2025-06-19,2.098,46.77,6.418
1004,2025-06-20,2.214,47.56,6.333
1004,2025-06-21,2.173,46.74,6.517
1004,2025-06-22,2.531,46.1,6.826
1004,2025-06-23,2.288,47.53,6.801
1004,2025-06-24,,,
1004,2025-06-25,2.357,47.0,6.581
1004,2025-06-26,1.899,46.38,6.637
1004,2025-06-27,2.18,46.26,6.763
1004,2025-06-28,1.917,49.07,6.608
1004,2025-06-29,2.0,47.06,6.489
1004,2025-06-30,2.423,47.72,6.502
1004,2025-07-01,2.053,48.33,6.729
1004,2025-07-02,2.036,48.18,6.948
1004,2025-07-03,2.052,46.18,6.467
1004,2025-07-04,2.101,48.06,6.255
1004,2025-07-05,2.448,47.95,6.681
1004,2025-07-06,1.93,47.59,6.549
1004,2025-07-07,1.919,48.11,6.581
1004,2025-07-08,2.277,46.54,6.745
1004,2025-07-09,1.848,47.03,6.571
1004,2025-07-10,2.09,46.58,6.363
1004,2025-07-11,2.386,47.86,6.268
1004,2025-07-12,2.163,46.45,6.554
1004,2025-07-13,2.068,47.5,6.388
1004,2025-07-14,2.022,46.01,6.604
1004,2025-07-15,1.981,46.98,6.37
1004,2025-07-16,2.046,46.74,6.508
1004,2025-07-17,2.189,46.99,6.341
1004,2025-07-18,2.408,47.24,6.506
1004,2025-07-19,2.353,46.92,6.494
1004,2025-07-20,2.05,46.89,6.65
1004,2025-07-21,2.017,45.03,6.761
1004,2025-07-22,2.299,48.21,6.533
1004,2025-07-23,1.803,46.48,6.432
1004,2025-07-24,2.075,46.86,6.853
1004,2025-07-25,2.097,46.28,6.615
1004,2025-07-26,1.942,48.1,6.652
1004,2025-07-27,1.964,46.2,6.652
1004,2025-07-28,2.23,47.61,6.778
1004,2025-07-29,1.834,48.28,6.712
1004,2025-07-30,,,
1004,2025-07-31,2.032,48.29,6.676
1004,2025-08-01,2.176,47.72,6.432
1004,2025-08-02,1.889,45.91,6.47
1004,2025-08-03,,,
1004,2025-08-04,2.099,48.29,6.575
1004,2025-08-05,2.108,47.94,6.564
1004,2025-08-06,2.088,47.91,6.607
1004,2025-08-07,2.026,47.18,6.565
1004,2025-08-08,1.965,46.59,6.497
1004,2025-08-09,2.385,48.19,6.318
1004,2025-08-10,2.199,48.38,6.686
1004,2025-08-11,2.137,46.07,6.649
1004,2025-08-12,2.355,48.02,6.43
1004,2025-08-13,2.018,47.36,6.636
1004,2025-08-14,2.282,48.0,6.62
1004,2025-08-15,2.162,47.39,6.572
1004,2025-08-16,1.982,48.22,6.286
1004,2025-08-17,2.307,48.14,6.381
1004,2025-08-18,1.862,48.0,6.471
1004,2025-08-19,2.286,45.74,6.803
1004,2025-08-20,1.983,47.94,6.433
1004,2025-08-21,2.237,47.17,6.509
1004,2025-08-22,2.429,46.0,6.395
1004,2025-08-23,2.268,47.82,6.487
1004,2025-08-24,2.038,45.76,6.612
1004,2025-08-25,2.151,48.01,6.251
1004,2025-08-26,2.084,48.81,6.136
1004,2025-08-27,1.925,46.62,6.66
1004,2025-08-28,1.938,48.04,6.566
1004,2025-08-29,,,
1004,2025-08-30,2.261,47.77,6.706
1004,2025-08-31,1.808,45.78,6.706
1004,2025-09-01,2.17,47.73,6.247
1004,2025-09-02,2.255,47.26,6.536
1004,2025-09-03,2.213,47.86,6.525
1004,2025-09-04,2.267,47.4,6.461
1004,2025-09-05,2.358,48.21,6.406
1004,2025-09-06,2.44,47.91,6.317
1004,2025-09-07,2.559,48.27,6.208
1004,2025-09-08,2.699,48.69,6.079
1004,2025-09-09,2.861,49.17,5.931
1004,2025-09-10,3.044,49.72,5.762
1004,2025-09-11,3.249,50.33,5.574
1004,2025-09-12,3.476,51.01,5.366
1004,2025-09-13,3.724,51.75,5.138
1004,2025-09-14,3.994,52.56,4.89
1004,2025-09-15,4.286,53.43,4.622
1004,2025-09-16,4.599,54.37,4.335
1004,2025-09-17,4.933,55.37,4.027
1004,2025-09-18,5.289,56.43,3.7
1004,2025-09-19,5.667,57.56,3.353
1004,2025-09-20,6.066,58.75,2.986
1004,2025-09-21,6.487,60.01,2.6
1004,2025-09-22,2.164,46.66,6.577
1004,2025-09-23,2.132,45.38,6.596
1004,2025-09-24,2.165,47.34,6.653
1004,2025-09-25,1.894,46.5,6.501
1004,2025-09-26,1.616,49.01,6.726
1004,2025-09-27,,,
1004,2025-09-28,2.431,47.13,6.733
1004,2025-09-29,1.873,46.52,6.633
1004,2025-09-30,2.021,47.38,6.663
1004,2025-10-01,2.21,46.58,6.452
1004,2025-10-02,2.339,46.25,6.499
1004,2025-10-03,2.279,47.08,6.367
1004,2025-10-04,2.402,46.34,6.517
1004,2025-10-05,2.141,48.44,6.535
1004,2025-10-06,2.232,45.99,6.686
1004,2025-10-07,2.232,47.07,6.372
1004,2025-10-08,2.066,46.46,7.046
1004,2025-10-09,2.387,45.78,6.543
1004,2025-10-10,2.273,48.77,6.75
1004,2025-10-11,2.343,45.07,6.717
1004,2025-10-12,2.074,48.57,6.183
1004,2025-10-13,2.353,45.75,6.522
1004,2025-10-14,1.944,47.23,6.782
1004,2025-10-15,2.228,49.36,6.197
1004,2025-10-16,1.638,45.05,6.676
1004,2025-10-17,1.953,45.79,6.424
1004,2025-10-18,2.295,48.43,6.491
1004,2025-10-19,2.062,47.31,6.595
1004,2025-10-20,2.185,46.6,6.281
1004,2025-10-21,1.833,47.11,6.59
1004,2025-10-22,2.454,46.19,6.464
1004,2025-10-23,2.267,47.26,6.449
1004,2025-10-24,2.145,48.61,6.666
1004,2025-10-25,2.232,46.77,7.087
1004,2025-10-26,2.215,47.28,6.612
1004,2025-10-27,2.428,48.32,6.644
1004,2025-10-28,,,
1004,2025-10-29,1.862,46.56,6.452
1004,2025-10-30,2.1,47.44,6.6
1004,2025-10-31,2.402,46.59,6.789
1004,2025-11-01,2.262,46.51,6.589
1004,2025-11-02,2.068,46.75,6.694
1004,2025-11-03,2.27,46.52,6.527
1004,2025-11-04,2.173,45.44,6.939
1004,2025-11-05,2.27,45.19,6.313
1004,2025-11-06,1.84,46.42,6.648
1004,2025-11-07,1.975,47.27,6.642
1004,2025-11-08,2.281,48.33,6.6
1004,2025-11-09,2.107,46.62,6.393
1004,2025-11-10,2.219,46.98,6.39
1004,2025-11-11,2.534,47.79,6.525
1004,2025-11-12,2.089,47.87,6.575
1004,2025-11-13,2.198,47.03,6.378
1004,2025-11-14,2.041,47.09,6.4
1004,2025-11-15,2.028,48.98,6.644
1004,2025-11-16,2.136,46.81,6.715
1004,2025-11-17,1.866,46.66,6.476
1004,2025-11-18,1.739,45.55,6.455
1004,2025-11-19,2.417,47.56,6.451
1004,2025-11-20,2.13,46.88,6.932
1004,2025-11-21,2.37,49.01,6.633
1004,2025-11-22,2.174,46.81,6.55
1004,2025-11-23,2.179,47.94,6.711
1004,2025-11-24,2.281,48.05,6.904
1004,2025-11-25,2.291,48.75,6.735
1004,2025-11-26,1.915,45.86,6.345
1004,2025-11-27,2.386,48.67,6.547
1004,2025-11-28,1.961,47.15,6.499
1004,2025-11-29,2.19,47.04,6.508
1004,2025-11-30,2.65,46.84,6.377
1004,2025-12-01,2.166,46.75,6.501
1004,2025-12-02,2.476,46.8,6.397
1004,2025-12-03,2.083,44.86,6.61
1004,2025-12-04,2.27,47.64,6.566
1004,2025-12-05,2.16,47.2,6.347
1004,2025-12-06,2.232,46.21,6.303
1004,2025-12-07,1.983,47.08,6.487
1004,2025-12-08,1.971,49.39,6.657
1004,2025-12-09,2.216,47.51,6.634
1004,2025-12-10,1.845,46.76,6.549
1004,2025-12-11,1.986,48.81,6.063
1004,2025-12-12,2.276,46.36,6.485
1004,2025-12-13,2.03,46.99,6.448
1004,2025-12-14,,,
1004,2025-12-15,1.934,46.91,6.376
1004,2025-12-16,2.179,47.85,6.494
1004,2025-12-17,2.079,47.71,6.459
1004,2025-12-18,2.18,46.43,6.967
1004,2025-12-19,2.114,47.01,6.665
1004,2025-12-20,2.512,47.22,6.53
1004,2025-12-21,2.065,46.74,6.552
1004,2025-12-22,1.768,47.1,6.541
1004,2025-12-23,2.173,46.43,6.587
1004,2025-12-24,2.151,46.42,6.498
1004,2025-12-25,2.181,47.18,6.556
1004,2025-12-26,1.837,46.13,6.713
1004,2025-12-27,2.372,47.55,6.684
1004,2025-12-28,2.145,46.95,6.605
1004,2025-12-29,2.142,46.24,6.759
1004,2025-12-30,1.842,46.54,6.593
1004,2025-12-31,2.243,46.67,6.411
1005,2024-01-01,,,
1005,2024-01-02,2.46,46.85,6.913
1005,2024-01-03,2.501,48.95,6.909
1005,2024-01-04,2.705,48.29,6.89
1005,2024-01-05,2.662,47.68,6.883
1005,2024-01-06,2.464,46.59,6.785
1005,2024-01-07,2.346,47.18,6.973
1005,2024-01-08,2.189,46.97,6.775
1005,2024-01-09,2.419,48.08,7.184
1005,2024-01-10,2.418,45.92,6.914
1005,2024-01-11,2.659,46.9,6.883
1005,2024-01-12,2.196,46.1,7.038
1005,2024-01-13,2.728,48.19,6.904
1005,2024-01-14,2.446,48.69,6.931
1005,2024-01-15,2.677,46.79,6.909
1005,2024-01-16,2.245,47.42,6.806
1005,2024-01-17,2.509,48.29,6.776
1005,2024-01-18,2.684,46.59,6.81
1005,2024-01-19,,,
1005,2024-01-20,2.144,47.93,6.821
1005,2024-01-21,2.373,47.39,6.855
1005,2024-01-22,2.546,46.68,6.848
1005,2024-01-23,2.159,48.35,7.025
1005,2024-01-24,2.149,47.12,7.222
1005,2024-01-25,2.486,45.11,6.775
1005,2024-01-26,2.248,47.23,7.002
1005,2024-01-27,2.576,46.83,6.936
1005,2024-01-28,2.203,48.77,6.871
1005,2024-01-29,2.071,46.87,6.995
1005,2024-01-30,2.283,46.68,6.722
1005,2024-01-31,2.738,47.32,7.045
1005,2024-02-01,2.266,47.13,6.951
1005,2024-02-02,2.438,45.48,6.764
1005,2024-02-03,2.489,47.01,7.162
1005,2024-02-04,2.249,46.56,7.048
1005,2024-02-05,2.658,48.29,7.096
1005,2024-02-06,2.475,49.29,6.694
1005,2024-02-07,2.528,45.77,6.876
1005,2024-02-08,2.102,45.92,6.837
1005,2024-02-09,2.089,46.05,7.014
1005,2024-02-10,1.887,46.23,7.125
1005,2024-02-11,2.401,46.2,6.625
1005,2024-02-12,2.393,46.94,6.92
1005,2024-02-13,2.584,47.98,6.898
1005,2024-02-14,2.737,45.59,7.071
1005,2024-02-15,2.389,45.35,6.911
1005,2024-02-16,2.386,45.05,6.722
1005,2024-02-17,2.53,47.99,6.887
1005,2024-02-18,2.746,48.22,6.758
1005,2024-02-19,2.275,45.35,6.798
1005,2024-02-20,2.565,45.26,6.924
1005,2024-02-21,2.39,47.02,6.844
1005,2024-02-22,2.373,47.98,6.96
1005,2024-02-23,2.603,47.9,6.684
1005,2024-02-24,2.281,47.08,7.273
1005,2024-02-25,2.226,47.57,7.111
1005,2024-02-26,2.573,47.22,7.027
1005,2024-02-27,2.435,46.33,6.719
1005,2024-02-28,2.387,48.8,6.586
1005,2024-02-29,2.413,46.89,6.785
1005,2024-03-01,2.539,45.78,6.882
1005,2024-03-02,2.366,46.42,7.26
1005,2024-03-03,2.593,45.35,7.118
1005,2024-03-04,2.523,46.91,6.837
1005,2024-03-05,2.736,47.99,7.103
1005,2024-03-06,2.693,45.62,7.105
1005,2024-03-07,2.611,48.02,6.92
1005,2024-03-08,2.399,48.98,7.104
1005,2024-03-09,2.464,47.27,6.968
1005,2024-03-10,2.321,45.73,6.817
1005,2024-03-11,3.011,46.04,6.737
1005,2024-03-12,2.396,46.56,6.898
1005,2024-03-13,2.551,45.61,7.07
1005,2024-03-14,2.712,45.64,6.709
1005,2024-03-15,2.167,46.63,6.67
1005,2024-03-16,2.275,46.71,7.002
1005,2024-03-17,2.361,47.5,6.501
1005,2024-03-18,2.241,45.69,7.197
1005,2024-03-19,2.186,48.76,6.85
1005,2024-03-20,2.337,47.95,7.03
1005,2024-03-21,2.699,47.78,7.203
1005,2024-03-22,2.585,46.24,6.695
1005,2024-03-23,2.447,48.63,6.756
1005,2024-03-24,2.446,46.55,7.261
1005,2024-03-25,2.108,48.71,6.874
1005,2024-03-26,2.58,47.96,6.898
1005,2024-03-27,2.526,45.99,6.952
1005,2024-03-28,2.224,46.44,7.079
1005,2024-03-29,2.482,48.76,7.121
1005,2024-03-30,2.402,47.89,6.934
1005,2024-03-31,2.337,46.74,6.866
1005,2024-04-01,2.243,47.09,6.912
1005,2024-04-02,2.306,47.09,6.964
1005,2024-04-03,2.252,46.12,7.118
1005,2024-04-04,2.533,46.69,6.938
1005,2024-04-05,2.514,46.23,7.196
1005,2024-04-06,2.505,46.46,6.786
1005,2024-04-07,2.404,47.36,6.999
1005,2024-04-08,2.359,45.93,7.187
1005,2024-04-09,2.849,47.62,7.115
1005,2024-04-10,2.068,47.0,6.968
1005,2024-04-11,2.68,47.65,6.782
1005,2024-04-12,2.512,47.78,6.808
1005,2024-04-13,2.455,48.14,6.893
1005,2024-04-14,2.339,47.52,6.965
1005,2024-04-15,2.397,47.6,6.879
1005,2024-04-16,2.204,46.71,6.694
1005,2024-04-17,2.163,47.46,6.804
1005,2024-04-18,2.419,45.99,6.997
1005,2024-04-19,2.11,46.64,7.045
1005,2024-04-20,2.609,47.64,6.703
1005,2024-04-21,2.664,46.84,6.861
1005,2024-04-22,1.753,47.34,6.661
1005,2024-04-23,2.131,45.83,6.831
1005,2024-04-24,2.496,48.26,7.461
1005,2024-04-25,2.484,46.31,6.927
1005,2024-04-26,2.464,47.29,6.864
1005,2024-04-27,2.526,46.87,6.827
1005,2024-04-28,2.591,47.82,6.732
1005,2024-04-29,2.615,46.51,6.632
1005,2024-04-30,2.799,45.89,6.911
1005,2024-05-01,2.447,44.99,6.875
1005,2024-05-02,2.614,46.58,7.144
1005,2024-05-03,2.117,45.69,6.666
1005,2024-05-04,2.415,47.43,6.984
1005,2024-05-05,2.198,48.34,7.123
1005,2024-05-06,2.72,44.66,6.617
1005,2024-05-07,2.909,45.6,7.018
1005,2024-05-08,2.55,47.2,6.67
1005,2024-05-09,2.182,48.13,6.997
1005,2024-05-10,2.419,47.2,7.144
1005,2024-05-11,2.448,47.22,6.917
1005,2024-05-12,2.482,47.4,6.961
1005,2024-05-13,2.66,47.47,6.811
1005,2024-05-14,2.633,48.54,6.962
1005,2024-05-15,1.912,47.5,7.091
1005,2024-05-16,2.715,45.65,6.889
1005,2024-05-17,2.343,46.42,6.896
1005,2024-05-18,2.33,47.1,6.977
1005,2024-05-19,2.725,46.08,7.044
1005,2024-05-20,2.389,46.63,6.666
1005,2024-05-21,2.168,46.36,6.927
1005,2024-05-22,2.177,46.19,6.812
1005,2024-05-23,2.454,47.59,6.994
1005,2024-05-24,2.624,46.5,7.076
1005,2024-05-25,,,
1005,2024-05-26,2.408,46.17,7.116
1005,2024-05-27,2.349,46.93,6.765
1005,2024-05-28,2.767,49.01,6.855
1005,2024-05-29,2.351,47.15,6.766
1005,2024-05-30,2.734,48.38,6.926
1005,2024-05-31,2.489,47.39,6.932
1005,2024-06-01,2.49,44.73,6.887
1005,2024-06-02,2.395,47.27,6.731
1005,2024-06-03,2.502,46.03,6.906
1005,2024-06-04,2.35,45.53,6.85
1005,2024-06-05,2.307,45.81,7.01
1005,2024-06-06,2.415,48.69,6.876
1005,2024-06-07,2.312,45.3,7.096
1005,2024-06-08,,,
1005,2024-06-09,2.46,48.05,6.632
1005,2024-06-10,2.39,47.56,6.891
1005,2024-06-11,,,
1005,2024-06-12,2.397,46.78,7.066
1005,2024-06-13,2.79,46.37,7.138
1005,2024-06-14,2.441,46.69,6.913
1005,2024-06-15,2.324,47.65,6.986
1005,2024-06-16,2.383,46.31,6.696
1005,2024-06-17,2.575,46.57,6.572
1005,2024-06-18,2.402,48.36,6.832
1005,2024-06-19,2.412,45.03,6.878
1005,2024-06-20,2.391,46.51,6.685
1005,2024-06-21,2.475,47.36,6.931
1005,2024-06-22,2.521,45.63,6.966
1005,2024-06-23,2.531,46.25,7.016
1005,2024-06-24,2.447,46.8,6.917
1005,2024-06-25,2.459,47.04,6.911
1005,2024-06-26,2.496,46.91,6.861
1005,2024-06-27,2.603,47.68,6.86
1005,2024-06-28,2.664,47.92,6.815
1005,2024-06-29,2.75,47.49,6.757
1005,2024-06-30,2.884,47.8,6.688
1005,2024-07-01,3.041,48.17,6.605
1005,2024-07-02,3.223,48.59,6.509
1005,2024-07-03,3.429,49.06,6.401
1005,2024-07-04,3.66,49.59,6.28
1005,2024-07-05,3.914,50.18,6.146
1005,2024-07-06,4.193,50.82,5.999
1005,2024-07-07,4.497,51.52,5.84
1005,2024-07-08,4.824,52.28,5.668
1005,2024-07-09,5.176,53.09,5.483
1005,2024-07-10,5.552,53.96,5.285
1005,2024-07-11,5.952,54.88,5.075
1005,2024-07-12,6.376,55.86,4.851
1005,2024-07-13,6.825,56.89,4.616
1005,2024-07-14,7.298,57.99,4.367
1005,2024-07-15,2.155,46.65,7.004
1005,2024-07-16,2.379,47.38,6.679
1005,2024-07-17,2.414,46.42,7.213
1005,2024-07-18,2.406,47.12,6.742
1005,2024-07-19,2.408,46.19,7.079
1005,2024-07-20,2.539,46.98,6.837
1005,2024-07-21,2.256,47.89,6.966
1005,2024-07-22,2.619,46.39,6.818
1005,2024-07-23,2.108,47.56,7.301
1005,2024-07-24,2.454,45.99,7.077
1005,2024-07-25,2.519,46.51,7.197
1005,2024-07-26,2.284,46.64,7.039
1005,2024-07-27,2.123,48.14,7.026
1005,2024-07-28,2.569,46.11,6.942
1005,2024-07-29,2.307,48.11,6.883
1005,2024-07-30,2.598,46.8,6.917
1005,2024-07-31,2.595,46.84,6.915
1005,2024-08-01,2.535,47.8,6.897
1005,2024-08-02,2.644,47.58,6.708
1005,2024-08-03,2.797,47.59,6.873
1005,2024-08-04,2.994,48.03,6.872
1005,2024-08-05,3.234,48.58,6.848
1005,2024-08-06,3.519,49.22,6.828
1005,2024-08-07,3.847,49.97,6.8
1005,2024-08-08,4.218,50.81,6.762
1005,2024-08-09,4.634,51.75,6.734
1005,2024-08-10,,,
1005,2024-08-11,5.596,53.93,6.654
1005,2024-08-12,6.142,55.17,6.608
1005,2024-08-13,,,
1005,2024-08-14,7.367,57.94,6.505
1005,2024-08-15,8.045,59.48,6.449
1005,2024-08-16,8.766,61.11,6.388
1005,2024-08-17,9.532,62.85,6.324
1005,2024-08-18,,,
1005,2024-08-19,11.194,66.61,6.185
1005,2024-08-20,3.033,47.01,7.146
1005,2024-08-21,2.239,46.12,7.012
1005,2024-08-22,2.249,48.62,7.067
1005,2024-08-23,2.629,45.6,6.94
1005,2024-08-24,2.668,46.91,7.069
1005,2024-08-25,2.022,46.96,6.827
1005,2024-08-26,2.492,44.66,6.812
1005,2024-08-27,2.616,45.43,6.85
1005,2024-08-28,2.198,45.9,7.164
1005,2024-08-29,2.577,47.67,7.161
1005,2024-08-30,2.337,47.83,6.828
1005,2024-08-31,2.243,47.48,7.1
1005,2024-09-01,2.372,47.12,6.897
1005,2024-09-02,2.35,44.65,7.087
1005,2024-09-03,,,
1005,2024-09-04,2.886,46.36,7.069
1005,2024-09-05,2.351,48.06,6.905
1005,2024-09-06,2.293,48.24,6.878
1005,2024-09-07,2.611,49.14,6.919
1005,2024-09-08,2.427,47.59,6.946
1005,2024-09-09,2.706,47.7,6.833
1005,2024-09-10,2.388,45.83,6.712
1005,2024-09-11,2.511,46.96,7.183
1005,2024-09-12,2.46,45.62,6.862
1005,2024-09-13,2.474,47.78,6.643
1005,2024-09-14,2.4,45.67,6.573
1005,2024-09-15,2.421,46.66,6.491
1005,2024-09-16,2.774,46.04,6.828
1005,2024-09-17,2.306,46.4,7.132
1005,2024-09-18,2.333,47.34,6.671
1005,2024-09-19,2.373,46.3,6.873
1005,2024-09-20,,,
1005,2024-09-21,2.521,45.86,7.093
1005,2024-09-22,2.627,48.29,6.979
1005,2024-09-23,2.175,46.22,6.973
1005,2024-09-24,2.493,47.9,7.131
1005,2024-09-25,2.406,49.04,7.177
1005,2024-09-26,2.384,44.4,7.082
1005,2024-09-27,2.474,45.87,6.834
1005,2024-09-28,2.051,46.66,6.719
1005,2024-09-29,2.495,48.06,6.762
1005,2024-09-30,2.47,46.38,6.653
1005,2024-10-01,2.158,47.26,7.202
1005,2024-10-02,2.422,46.13,6.894
1005,2024-10-03,2.749,47.44,6.943
1005,2024-10-04,2.364,45.64,6.954
1005,2024-10-05,2.559,47.72,7.235
1005,2024-10-06,2.397,43.83,6.836
1005,2024-10-07,2.28,44.95,7.106
1005,2024-10-08,2.259,48.72,6.97
1005,2024-10-09,2.362,47.04,6.9
1005,2024-10-10,2.699,45.96,6.627
1005,2024-10-11,2.603,49.11,7.065
1005,2024-10-12,2.301,47.94,6.809
1005,2024-10-13,2.639,48.02,6.853
1005,2024-10-14,2.416,46.44,6.958
1005,2024-10-15,2.304,47.5,6.938
1005,2024-10-16,2.527,47.38,7.097
1005,2024-10-17,2.261,45.18,6.82
1005,2024-10-18,2.13,47.47,6.949
1005,2024-10-19,2.698,46.68,6.967
1005,2024-10-20,2.079,48.18,6.928
1005,2024-10-21,2.549,48.2,7.029
1005,2024-10-22,2.139,46.21,6.884
1005,2024-10-23,2.436,46.25,7.11
1005,2024-10-24,2.402,47.06,6.814
1005,2024-10-25,2.354,47.53,6.702
1005,2024-10-26,2.009,46.45,6.917
1005,2024-10-27,2.42,46.75,7.106
1005,2024-10-28,2.434,47.49,6.844
1005,2024-10-29,2.264,47.3,6.827
1005,2024-10-30,2.428,48.05,6.87
1005,2024-10-31,2.638,47.11,6.949
1005,2024-11-01,2.3,45.96,6.897
1005,2024-11-02,2.492,45.07,6.972
1005,2024-11-03,2.214,47.69,6.658
1005,2024-11-04,2.517,46.52,7.155
1005,2024-11-05,2.568,46.51,7.014
1005,2024-11-06,2.932,46.57,6.791
1005,2024-11-07,2.621,45.26,7.136
1005,2024-11-08,2.527,46.46,6.993
1005,2024-11-09,2.72,44.21,7.151
1005,2024-11-10,2.245,46.45,6.742
1005,2024-11-11,2.654,45.95,7.18
1005,2024-11-12,2.334,48.74,6.931
1005,2024-11-13,2.32,47.32,6.606
1005,2024-11-14,2.658,46.64,7.04
1005,2024-11-15,2.488,47.03,6.877
1005,2024-11-16,2.704,47.61,6.767
1005,2024-11-17,2.156,46.09,6.891
1005,2024-11-18,2.496,46.63,6.624
1005,2024-11-19,2.339,46.5,7.014
1005,2024-11-20,2.389,49.41,6.89
1005,2024-11-21,2.066,46.94,6.882
1005,2024-11-22,2.627,44.85,7.142
1005,2024-11-23,2.484,47.68,6.929
1005,2024-11-24,,,
1005,2024-11-25,2.177,45.88,6.777
1005,2024-11-26,2.271,50.43,6.914
1005,2024-11-27,2.718,46.8,7.088
1005,2024-11-28,2.423,47.89,6.834
1005,2024-11-29,2.377,46.28,6.763
1005,2024-11-30,2.54,46.58,7.066
1005,2024-12-01,2.446,45.6,6.933
1005,2024-12-02,2.489,45.78,6.92
1005,2024-12-03,,,
1005,2024-12-04,2.509,48.04,6.736
1005,2024-12-05,2.617,45.68,6.954
1005,2024-12-06,2.209,47.24,6.649
1005,2024-12-07,2.456,47.2,6.877
1005,2024-12-08,2.374,46.19,7.014
1005,2024-12-09,2.465,46.91,7.098
1005,2024-12-10,2.436,46.76,6.727
1005,2024-12-11,2.319,46.35,7.053
1005,2024-12-12,2.376,46.91,7.045
1005,2024-12-13,2.631,46.91,6.905
1005,2024-12-14,2.336,45.81,7.304
1005,2024-12-15,2.2,45.52,6.924
1005,2024-12-16,2.562,45.98,6.788
1005,2024-12-17,2.636,46.98,6.989
1005,2024-12-18,2.392,48.28,6.636
1005,2024-12-19,2.47,48.37,7.165
1005,2024-12-20,2.281,47.18,7.076
1005,2024-12-21,2.406,47.83,6.862
1005,2024-12-22,2.663,46.98,7.019
1005,2024-12-23,2.603,47.99,7.006
1005,2024-12-24,2.475,46.99,7.222
1005,2024-12-25,2.392,47.26,6.829
1005,2024-12-26,2.126,46.56,6.724
1005,2024-12-27,2.508,46.85,6.609
1005,2024-12-28,2.536,48.81,6.878
1005,2024-12-29,2.653,45.62,6.681
1005,2024-12-30,2.841,46.86,6.897
1005,2024-12-31,2.52,46.24,6.987
1005,2025-01-01,2.634,47.84,6.855
1005,2025-01-02,2.228,48.73,6.778
1005,2025-01-03,2.683,46.53,7.108
1005,2025-01-04,2.617,43.99,6.893
1005,2025-01-05,2.714,47.49,6.959
1005,2025-01-06,2.579,47.49,7.071
1005,2025-01-07,2.536,45.11,6.722
1005,2025-01-08,2.736,46.6,6.781
1005,2025-01-09,2.317,46.78,7.309
1005,2025-01-10,2.573,44.46,6.899
1005,2025-01-11,2.659,47.55,6.763
1005,2025-01-12,2.294,47.31,6.884
1005,2025-01-13,2.222,47.1,6.835
1005,2025-01-14,2.532,45.75,6.734
1005,2025-01-15,2.472,46.11,6.86
1005,2025-01-16,2.567,46.2,6.92
1005,2025-01-17,2.574,47.35,6.921
1005,2025-01-18,2.298,45.83,7.007
1005,2025-01-19,2.514,48.37,6.656
1005,2025-01-20,2.669,47.24,6.692
1005,2025-01-21,2.379,44.59,7.045
1005,2025-01-22,2.393,48.59,6.855
1005,2025-01-23,2.229,47.01,7.111
1005,2025-01-24,2.608,46.28,6.97
1005,2025-01-25,2.83,46.95,6.706
1005,2025-01-26,2.182,44.95,7.006
1005,2025-01-27,2.598,47.04,6.767
1005,2025-01-28,2.625,44.3,6.964
1005,2025-01-29,2.34,45.79,7.113
1005,2025-01-30,2.377,48.25,7.25
1005,2025-01-31,2.246,48.16,6.913
1005,2025-02-01,2.297,46.49,7.031
1005,2025-02-02,2.482,45.84,6.97
1005,2025-02-03,2.577,47.81,7.046
1005,2025-02-04,2.473,46.79,6.53
1005,2025-02-05,2.617,47.06,6.864
1005,2025-02-06,2.49,47.49,6.968
1005,2025-02-07,2.222,45.73,6.996
1005,2025-02-08,2.733,47.67,6.807
1005,2025-02-09,2.681,44.65,7.051
1005,2025-02-10,2.312,48.36,7.094
1005,2025-02-11,2.796,45.21,6.934
1005,2025-02-12,2.542,46.19,6.889
1005,2025-02-13,2.476,46.15,6.869
1005,2025-02-14,2.825,47.6,6.945
1005,2025-02-15,1.964,47.62,7.106
1005,2025-02-16,2.138,47.21,7.155
1005,2025-02-17,2.59,47.4,6.851
1005,2025-02-18,2.403,47.33,6.78
1005,2025-02-19,2.267,46.76,6.801
1005,2025-02-20,2.745,44.85,7.075
1005,2025-02-21,2.546,44.44,6.958
1005,2025-02-22,2.203,44.44,6.97
1005,2025-02-23,2.323,46.79,6.998
1005,2025-02-24,2.616,46.6,6.982
1005,2025-02-25,2.8,46.69,6.905
1005,2025-02-26,2.061,47.07,6.763
1005,2025-02-27,2.501,46.59,6.828
1005,2025-02-28,2.378,45.79,6.942
1005,2025-03-01,,,
1005,2025-03-02,2.42,44.86,6.867
1005,2025-03-03,2.14,48.1,6.86
1005,2025-03-04,2.348,47.78,7.134
1005,2025-03-05,2.768,45.42,6.852
1005,2025-03-06,2.553,46.55,6.958
1005,2025-03-07,2.605,47.29,6.875
1005,2025-03-08,2.57,48.5,6.791
1005,2025-03-09,2.522,46.2,6.69
1005,2025-03-10,2.643,47.01,6.841
1005,2025-03-11,2.226,48.04,6.797
1005,2025-03-12,2.383,45.02,7.054
1005,2025-03-13,2.62,46.07,6.747
1005,2025-03-14,2.311,46.79,6.86
1005,2025-03-15,2.368,46.08,7.024
1005,2025-03-16,2.689,49.04,6.906
1005,2025-03-17,2.753,47.74,7.0
1005,2025-03-18,2.447,47.03,6.917
1005,2025-03-19,2.461,46.84,6.669
1005,2025-03-20,2.568,47.73,6.86
1005,2025-03-21,2.571,47.49,6.776
1005,2025-03-22,2.667,47.51,6.88
1005,2025-03-23,2.791,47.92,6.859
1005,2025-03-24,2.942,48.41,6.833
1005,2025-03-25,3.121,49.0,6.803
1005,2025-03-26,3.327,49.67,6.768
1005,2025-03-27,3.561,50.44,6.728
1005,2025-03-28,3.822,51.29,6.684
1005,2025-03-29,4.11,52.23,6.635
1005,2025-03-30,4.427,53.27,6.581
1005,2025-03-31,4.77,54.39,6.522
1005,2025-04-01,5.141,55.6,6.459
1005,2025-04-02,5.54,56.91,6.392
1005,2025-04-03,5.966,58.3,6.319
1005,2025-04-04,6.42,59.78,6.242
1005,2025-04-05,6.901,61.36,6.16
1005,2025-04-06,7.41,63.02,6.074
1005,2025-04-07,7.946,64.77,5.983
1005,2025-04-08,2.36,46.29,7.048
1005,2025-04-09,2.617,47.24,6.922
1005,2025-04-10,2.143,48.59,6.848
1005,2025-04-11,2.616,46.98,6.929
1005,2025-04-12,2.457,46.13,6.958
1005,2025-04-13,2.509,47.18,6.973
1005,2025-04-14,1.991,45.54,7.198
1005,2025-04-15,2.784,47.06,6.793
1005,2025-04-16,2.117,46.51,6.979
1005,2025-04-17,2.286,47.82,7.029
1005,2025-04-18,2.581,46.93,6.935
1005,2025-04-19,2.337,47.92,6.887
1005,2025-04-20,2.376,49.22,6.767
1005,2025-04-21,2.019,46.59,6.833
1005,2025-04-22,2.37,45.95,7.031
1005,2025-04-23,2.497,47.3,7.145
1005,2025-04-24,2.588,46.73,6.823
1005,2025-04-25,2.399,46.97,6.995
1005,2025-04-26,2.499,46.19,7.002
1005,2025-04-27,2.541,47.4,7.077
1005,2025-04-28,2.324,46.89,6.96
1005,2025-04-29,2.309,44.57,6.991
1005,2025-04-30,2.84,46.57,7.059
1005,2025-05-01,2.289,47.17,6.746
1005,2025-05-02,2.697,48.05,6.93
1005,2025-05-03,2.47,46.22,6.655
1005,2025-05-04,2.744,45.98,6.623
1005,2025-05-05,2.331,48.02,6.798
1005,2025-05-06,2.557,46.18,6.689
1005,2025-05-07,2.521,46.93,7.0
1005,2025-05-08,2.412,47.31,7.074
1005,2025-05-09,2.517,47.59,6.877
1005,2025-05-10,2.306,46.83,6.902
1005,2025-05-11,2.447,46.8,6.887
1005,2025-05-12,2.455,47.87,6.883
1005,2025-05-13,2.605,46.93,6.883
1005,2025-05-14,2.519,47.1,6.84
1005,2025-05-15,2.574,48.9,6.779
1005,2025-05-16,2.646,47.73,6.702
1005,2025-05-17,2.733,48.02,6.607
1005,2025-05-18,2.836,48.46,6.495
1005,2025-05-19,2.956,48.97,6.365
1005,2025-05-20,3.091,49.55,6.219
1005,2025-05-21,3.242,50.2,6.055
1005,2025-05-22,3.409,50.91,5.874
1005,2025-05-23,3.591,51.69,5.675
1005,2025-05-24,3.79,52.54,5.46
1005,2025-05-25,4.005,53.46,5.227
1005,2025-05-26,4.235,54.45,4.977
1005,2025-05-27,4.481,55.5,4.709
1005,2025-05-28,4.744,56.62,4.425
1005,2025-05-29,5.022,57.81,4.123
1005,2025-05-30,5.316,59.07,3.804
1005,2025-05-31,5.626,60.4,3.467
1005,2025-06-01,2.455,47.09,6.908
1005,2025-06-02,2.478,46.88,6.878
1005,2025-06-03,2.731,46.99,6.829
1005,2025-06-04,2.569,48.65,6.675
1005,2025-06-05,2.638,47.34,6.672
1005,2025-06-06,2.722,47.58,6.564
1005,2025-06-07,2.822,47.87,6.436
1005,2025-06-08,2.936,48.2,6.289
1005,2025-06-09,3.066,48.57,6.122
1005,2025-06-10,3.211,48.99,5.936
1005,2025-06-11,3.372,49.45,5.729
1005,2025-06-12,3.548,49.95,5.504
1005,2025-06-13,3.739,50.5,5.258
1005,2025-06-14,3.945,51.09,4.993
1005,2025-06-15,4.167,51.73,4.708
1005,2025-06-16,4.404,52.41,4.404
1005,2025-06-17,4.656,53.13,4.08
1005,2025-06-18,4.924,53.9,3.736
1005,2025-06-19,5.206,54.71,3.373
1005,2025-06-20,5.505,55.57,2.99
1005,2025-06-21,2.382,46.21,6.728
1005,2025-06-22,2.203,46.16,6.427
1005,2025-06-23,,,
1005,2025-06-24,2.311,46.29,7.099
1005,2025-06-25,2.527,45.04,6.7
1005,2025-06-26,2.259,47.35,6.814
1005,2025-06-27,2.827,46.27,6.953
1005,2025-06-28,2.226,48.05,6.864
1005,2025-06-29,2.483,47.36,6.793
1005,2025-06-30,2.974,47.45,6.845
1005,2025-07-01,2.499,47.0,6.886
1005,2025-07-02,2.285,48.15,6.839
1005,2025-07-03,2.577,46.47,6.954
1005,2025-07-04,2.652,45.78,6.887
1005,2025-07-05,2.628,47.16,6.807
1005,2025-07-06,2.069,43.99,6.926
1005,2025-07-07,2.499,46.43,6.672
1005,2025-07-08,2.038,47.03,7.139
1005,2025-07-09,2.83,46.38,6.66
1005,2025-07-10,2.471,48.11,6.909
1005,2025-07-11,2.366,47.53,6.973
1005,2025-07-12,2.589,46.92,6.984
1005,2025-07-13,2.553,46.39,6.961
1005,2025-07-14,2.223,47.94,7.112
1005,2025-07-15,2.777,46.1,6.753
1005,2025-07-16,2.409,46.38,6.911
1005,2025-07-17,2.11,47.58,6.944
1005,2025-07-18,2.733,47.42,6.847
1005,2025-07-19,2.759,48.91,6.832
1005,2025-07-20,2.704,46.58,7.115
1005,2025-07-21,2.565,44.86,6.815
1005,2025-07-22,2.281,47.49,6.85
1005,2025-07-23,2.642,48.1,6.88
1005,2025-07-24,2.824,46.63,6.89
1005,2025-07-25,2.618,48.41,6.946
1005,2025-07-26,2.773,48.64,6.89
1005,2025-07-27,2.304,46.12,6.977
1005,2025-07-28,2.658,46.31,6.942
1005,2025-07-29,2.642,45.51,6.993
1005,2025-07-30,2.162,47.36,7.127
1005,2025-07-31,2.135,47.54,6.795
1005,2025-08-01,2.315,47.43,7.169
1005,2025-08-02,2.473,45.53,6.854
1005,2025-08-03,,,
1005,2025-08-04,2.413,45.32,6.945
1005,2025-08-05,2.444,45.14,6.877
1005,2025-08-06,2.435,45.41,6.627
1005,2025-08-07,2.475,45.17,7.163
1005,2025-08-08,2.573,46.61,6.808
1005,2025-08-09,2.556,47.24,6.803
1005,2025-08-10,,,
1005,2025-08-11,2.509,46.78,6.932
1005,2025-08-12,2.368,46.11,7.206
1005,2025-08-13,2.615,46.79,7.173
1005,2025-08-14,2.358,47.39,7.027
1005,2025-08-15,2.783,46.49,6.959
1005,2025-08-16,2.453,46.85,7.035
1005,2025-08-17,,,
1005,2025-08-18,2.307,46.26,6.947
1005,2025-08-19,2.389,46.83,6.943
1005,2025-08-20,2.49,45.65,6.85
1005,2025-08-21,2.461,47.88,6.959
1005,2025-08-22,2.334,45.19,6.702
1005,2025-08-23,2.227,47.27,7.056
1005,2025-08-24,2.466,45.39,7.113
1005,2025-08-25,2.488,48.35,6.727
1005,2025-08-26,2.567,47.69,6.942
1005,2025-08-27,2.705,45.96,7.152
1005,2025-08-28,2.396,46.33,6.983
1005,2025-08-29,2.062,45.63,6.767
1005,2025-08-30,2.429,46.74,6.773
1005,2025-08-31,2.091,47.22,7.048
1005,2025-09-01,2.202,49.43,7.194
1005,2025-09-02,2.662,45.39,6.759
1005,2025-09-03,2.57,48.07,6.926
1005,2025-09-04,2.33,46.2,6.805
1005,2025-09-05,2.332,47.08,6.878
1005,2025-09-06,2.44,47.7,6.967
1005,2025-09-07,2.109,47.35,6.914
1005,2025-09-08,2.553,47.23,6.818
1005,2025-09-09,2.389,46.59,7.234
1005,2025-09-10,2.824,46.79,6.897
1005,2025-09-11,2.247,46.95,6.893
1005,2025-09-12,2.657,48.03,7.086
1005,2025-09-13,2.323,45.28,6.922
1005,2025-09-14,2.661,46.29,6.89
1005,2025-09-15,2.263,45.51,7.062
1005,2025-09-16,2.604,45.8,6.766
1005,2025-09-17,2.371,45.97,7.032
1005,2025-09-18,2.294,47.92,7.074
1005,2025-09-19,2.428,49.0,7.019
1005,2025-09-20,2.553,48.19,6.894
1005,2025-09-21,2.539,45.58,6.919
1005,2025-09-22,2.772,46.87,6.665
1005,2025-09-23,2.622,45.63,6.901
1005,2025-09-24,1.934,47.25,6.963
1005,2025-09-25,2.378,48.1,7.049
1005,2025-09-26,2.062,47.4,6.941
1005,2025-09-27,2.382,47.69,6.862
1005,2025-09-28,2.582,46.64,6.796
1005,2025-09-29,2.192,44.77,6.913
1005,2025-09-30,2.223,44.76,6.94
1005,2025-10-01,2.487,46.69,7.1
1005,2025-10-02,,,
1005,2025-10-03,2.774,48.1,6.846
1005,2025-10-04,2.523,46.44,6.904
1005,2025-10-05,2.564,46.87,6.848
1005,2025-10-06,2.807,47.06,6.885
1005,2025-10-07,2.359,47.89,6.592
1005,2025-10-08,2.458,46.72,6.684
1005,2025-10-09,2.261,45.67,6.743
1005,2025-10-10,2.51,47.91,6.989
1005,2025-10-11,2.665,47.22,6.909
1005,2025-10-12,2.731,47.19,6.942
1005,2025-10-13,2.451,45.49,7.093
1005,2025-10-14,2.317,46.79,6.765
1005,2025-10-15,2.306,45.03,7.09
1005,2025-10-16,2.181,44.73,6.977
1005,2025-10-17,2.483,46.55,6.814
1005,2025-10-18,2.73,46.35,7.141
1005,2025-10-19,1.986,47.38,6.708
1005,2025-10-20,2.025,48.28,6.753
1005,2025-10-21,2.738,46.76,6.889
1005,2025-10-22,2.447,48.63,6.917
1005,2025-10-23,2.525,46.82,6.892
1005,2025-10-24,,,
1005,2025-10-25,2.615,47.02,6.833
1005,2025-10-26,2.615,47.2,6.768
1005,2025-10-27,2.709,47.42,6.683
1005,2025-10-28,2.824,47.7,6.581
1005,2025-10-29,,,
1005,2025-10-30,3.117,48.41,6.319
1005,2025-10-31,3.295,48.84,6.16
1005,2025-11-01,3.494,49.31,5.982
1005,2025-11-02,3.714,49.84,5.786
1005,2025-11-03,3.955,50.42,5.57
1005,2025-11-04,4.217,51.05,5.337
1005,2025-11-05,4.5,51.73,5.084
1005,2025-11-06,4.803,52.46,4.813
1005,2025-11-07,5.128,53.24,4.523
1005,2025-11-08,5.473,54.07,4.214
1005,2025-11-09,5.84,54.96,3.887
1005,2025-11-10,6.227,55.89,3.541
1005,2025-11-11,6.636,56.87,3.176
1005,2025-11-12,2.583,45.75,6.946
1005,2025-11-13,2.221,47.98,7.004
1005,2025-11-14,2.776,46.33,7.046
1005,2025-11-15,2.53,47.35,7.138
1005,2025-11-16,2.551,46.65,6.988
1005,2025-11-17,2.583,47.49,6.754
1005,2025-11-18,2.677,46.8,7.22
1005,2025-11-19,2.608,48.1,7.092
1005,2025-11-20,2.509,47.48,7.043
1005,2025-11-21,2.425,47.49,7.118
1005,2025-11-22,2.133,48.51,6.699
1005,2025-11-23,2.504,46.08,6.864
1005,2025-11-24,2.399,48.13,6.844
1005,2025-11-25,2.399,46.87,7.096
1005,2025-11-26,2.942,45.28,6.745
1005,2025-11-27,2.09,47.29,6.872
1005,2025-11-28,2.473,46.59,7.144
1005,2025-11-29,2.704,48.53,7.015
1005,2025-11-30,2.654,46.29,6.863
1005,2025-12-01,2.71,46.85,7.198
1005,2025-12-02,2.209,47.04,6.723
1005,2025-12-03,2.27,44.84,6.987
1005,2025-12-04,2.586,47.32,6.886
1005,2025-12-05,2.403,45.78,6.995
1005,2025-12-06,,,
1005,2025-12-07,2.508,48.5,6.796
1005,2025-12-08,2.502,46.79,6.951
1005,2025-12-09,2.551,45.17,6.725
1005,2025-12-10,2.408,46.98,6.998
1005,2025-12-11,2.487,46.98,6.872
1005,2025-12-12,2.328,47.53,7.056
1005,2025-12-13,2.456,46.49,6.853
1005,2025-12-14,2.367,45.57,6.82
1005,2025-12-15,2.515,46.65,6.978
1005,2025-12-16,,,
1005,2025-12-17,2.165,48.61,6.613
1005,2025-12-18,2.555,46.07,6.937
1005,2025-12-19,2.509,46.13,7.012
1005,2025-12-20,2.271,46.75,6.709
1005,2025-12-21,2.418,45.52,6.789
1005,2025-12-22,2.254,46.34,7.014
1005,2025-12-23,2.872,46.66,6.797
1005,2025-12-24,2.151,46.29,6.825
1005,2025-12-25,2.807,46.54,7.173
1005,2025-12-26,2.299,48.07,6.78
1005,2025-12-27,2.548,47.24,6.791
1005,2025-12-28,2.412,45.42,6.577
1005,2025-12-29,2.388,46.35,6.757
1005,2025-12-30,2.651,47.56,6.737
1005,2025-12-31,2.627,46.13,7.173
1006,2024-01-01,,,
1006,2024-01-02,2.191,47.64,5.894
1006,2024-01-03,2.365,46.04,5.973
1006,2024-01-04,2.258,46.73,6.038
1006,2024-01-05,2.002,45.22,5.881
1006,2024-01-06,2.081,47.66,5.775
1006,2024-01-07,1.712,45.92,6.05
1006,2024-01-08,1.981,44.74,5.954
1006,2024-01-09,2.457,48.65,6.139
1006,2024-01-10,2.5,48.0,5.925
1006,2024-01-11,2.352,47.84,6.102
1006,2024-01-12,2.261,47.84,5.87
1006,2024-01-13,2.317,46.46,6.045
1006,2024-01-14,2.297,48.56,6.018
1006,2024-01-15,1.859,46.44,6.073
1006,2024-01-16,2.2,49.4,5.864
1006,2024-01-17,2.435,47.72,5.986
1006,2024-01-18,2.434,47.69,5.877
1006,2024-01-19,,,
1006,2024-01-20,2.457,49.46,5.982
1006,2024-01-21,2.602,48.49,5.969
1006,2024-01-22,2.779,48.92,5.953
1006,2024-01-23,2.988,49.42,5.935
1006,2024-01-24,3.229,49.99,5.914
1006,2024-01-25,3.503,50.65,5.889
1006,2024-01-26,3.808,51.38,5.862
1006,2024-01-27,4.146,52.18,5.833
1006,2024-01-28,4.516,53.07,5.8
1006,2024-01-29,4.918,54.03,5.764
1006,2024-01-30,5.352,55.07,5.726
1006,2024-01-31,5.818,56.18,5.678
1006,2024-02-01,6.317,57.37,5.578
1006,2024-02-02,6.848,58.64,5.465
1006,2024-02-03,7.41,59.99,5.339
1006,2024-02-04,8.005,61.41,5.199
1006,2024-02-05,8.633,62.91,5.046
1006,2024-02-06,3.613,51.72,4.879
1006,2024-02-07,,,
1006,2024-02-08,4.082,53.1,4.506
1006,2024-02-09,4.341,53.87,4.3
1006,2024-02-10,4.617,54.69,4.08
1006,2024-02-11,4.91,55.56,3.847
1006,2024-02-12,5.219,56.47,3.6
1006,2024-02-13,5.545,57.44,3.34
1006,2024-02-14,2.074,45.94,5.935
1006,2024-02-15,2.326,46.57,6.178
1006,2024-02-16,2.146,47.14,6.082
1006,2024-02-17,2.068,49.28,6.306
1006,2024-02-18,2.508,47.72,5.95
1006,2024-02-19,2.268,47.27,6.224
1006,2024-02-20,1.799,48.33,5.919
1006,2024-02-21,2.154,48.81,5.98
1006,2024-02-22,2.019,46.74,5.848
1006,2024-02-23,1.96,48.94,6.084
1006,2024-02-24,2.085,48.36,5.996
1006,2024-02-25,2.106,47.95,6.099
1006,2024-02-26,2.207,45.12,6.23
1006,2024-02-27,2.044,47.7,5.997
1006,2024-02-28,1.832,48.9,6.063
1006,2024-02-29,2.095,47.23,6.141
1006,2024-03-01,2.375,49.82,5.997
1006,2024-03-02,1.93,47.58,5.923
1006,2024-03-03,2.323,46.48,6.059
1006,2024-03-04,2.292,48.1,6.081
1006,2024-03-05,2.112,47.8,6.123
1006,2024-03-06,2.262,48.34,6.131
1006,2024-03-07,2.052,47.28,5.905
1006,2024-03-08,,,
1006,2024-03-09,1.998,46.94,6.191
1006,2024-03-10,2.293,47.64,5.936
1006,2024-03-11,2.472,46.25,6.06
1006,2024-03-12,2.066,46.7,5.912
1006,2024-03-13,2.438,47.71,6.031
1006,2024-03-14,1.777,46.84,6.267
1006,2024-03-15,2.025,47.05,6.032
1006,2024-03-16,1.999,47.3,5.86
1006,2024-03-17,2.542,47.76,6.058
1006,2024-03-18,2.083,48.28,6.038
1006,2024-03-19,2.355,48.28,6.174
1006,2024-03-20,1.793,48.54,5.799
1006,2024-03-21,2.223,47.71,5.868
1006,2024-03-22,2.313,46.96,5.994
1006,2024-03-23,2.193,45.91,5.772
1006,2024-03-24,1.659,47.16,6.177
1006,2024-03-25,2.235,46.7,5.701
1006,2024-03-26,2.362,45.68,5.881
1006,2024-03-27,2.463,49.17,5.784
1006,2024-03-28,2.28,45.65,5.907
1006,2024-03-29,1.864,47.87,6.126
1006,2024-03-30,2.159,48.07,6.096
1006,2024-03-31,2.38,47.27,6.145
1006,2024-04-01,2.037,50.12,6.097
1006,2024-04-02,2.313,47.53,5.7
1006,2024-04-03,2.105,46.73,6.051
1006,2024-04-04,2.219,49.29,5.728
1006,2024-04-05,2.351,46.7,5.93
1006,2024-04-06,2.059,46.06,5.947
1006,2024-04-07,2.771,46.49,5.924
1006,2024-04-08,2.23,46.86,6.08
1006,2024-04-09,2.268,47.56,5.884
1006,2024-04-10,2.052,47.85,6.266
1006,2024-04-11,2.212,45.97,6.096
1006,2024-04-12,2.147,47.86,6.183
1006,2024-04-13,1.909,49.77,6.12
1006,2024-04-14,1.895,46.79,6.14
1006,2024-04-15,2.257,47.38,5.999
1006,2024-04-16,2.183,48.21,6.301
1006,2024-04-17,1.675,48.73,5.848
1006,2024-04-18,1.772,46.83,6.075
1006,2024-04-19,2.138,46.53,6.006
1006,2024-04-20,2.186,46.49,5.972
1006,2024-04-21,,,
1006,2024-04-22,2.2,48.42,5.893
1006,2024-04-23,2.318,47.58,6.002
1006,2024-04-24,2.284,47.74,5.994
1006,2024-04-25,2.39,48.0,5.981
1006,2024-04-26,2.537,48.37,5.962
1006,2024-04-27,2.727,48.84,5.85
1006,2024-04-28,2.958,49.42,5.734
1006,2024-04-29,3.232,50.1,5.875
1006,2024-04-30,3.548,50.89,5.836
1006,2024-05-01,3.906,51.78,5.791
1006,2024-05-02,4.307,52.78,5.741
1006,2024-05-03,4.749,53.88,5.685
1006,2024-05-04,5.234,55.09,5.624
1006,2024-05-05,5.76,56.4,5.558
1006,2024-05-06,6.329,57.82,5.487
1006,2024-05-07,6.94,59.34,5.41
1006,2024-05-08,,,
1006,2024-05-09,8.288,62.7,5.241
1006,2024-05-10,9.026,64.54,5.149
1006,2024-05-11,9.805,66.48,5.051
1006,2024-05-12,10.627,68.53,4.948
1006,2024-05-13,2.301,47.59,6.049
1006,2024-05-14,2.347,48.33,5.983
1006,2024-05-15,2.187,46.69,6.009
1006,2024-05-16,1.952,48.57,5.921
1006,2024-05-17,1.911,48.39,6.001
1006,2024-05-18,2.591,48.43,6.0
1006,2024-05-19,2.278,45.51,6.104
1006,2024-05-20,2.289,45.62,6.143
1006,2024-05-21,2.167,48.21,5.76
1006,2024-05-22,,,
1006,2024-05-23,2.774,46.81,6.213
1006,2024-05-24,1.976,46.73,5.853
1006,2024-05-25,2.187,46.15,5.968
1006,2024-05-26,2.19,47.22,6.031
1006,2024-05-27,1.974,46.78,6.171
1006,2024-05-28,1.946,46.84,6.096
1006,2024-05-29,2.059,48.0,5.973
1006,2024-05-30,2.131,46.31,6.081
1006,2024-05-31,2.103,48.65,6.162
1006,2024-06-01,,,
1006,2024-06-02,1.964,50.06,6.285
1006,2024-06-03,2.281,46.13,6.07
1006,2024-06-04,2.494,48.1,5.848
1006,2024-06-05,2.379,48.44,5.888
1006,2024-06-06,1.972,47.51,5.986
1006,2024-06-07,1.609,48.27,5.975
1006,2024-06-08,2.369,47.4,6.1
1006,2024-06-09,2.299,45.72,6.059
1006,2024-06-10,2.083,47.86,6.264
1006,2024-06-11,2.456,48.67,6.128
1006,2024-06-12,2.119,46.95,6.229
1006,2024-06-13,2.222,45.78,5.892
1006,2024-06-14,1.992,46.9,5.942
1006,2024-06-15,2.264,47.84,6.109
1006,2024-06-16,2.114,47.82,6.02
1006,2024-06-17,2.099,48.63,6.101
1006,2024-06-18,2.416,48.08,6.044
1006,2024-06-19,2.243,48.03,5.913
1006,2024-06-20,1.901,45.47,6.262
1006,2024-06-21,2.338,49.78,6.178
1006,2024-06-22,2.367,47.56,5.773
1006,2024-06-23,2.034,48.39,5.914
1006,2024-06-24,2.121,47.16,6.01
1006,2024-06-25,2.211,47.35,6.109
1006,2024-06-26,2.15,47.57,5.996
1006,2024-06-27,2.225,49.11,5.802
1006,2024-06-28,2.33,49.05,6.132
1006,2024-06-29,2.102,48.14,5.976
1006,2024-06-30,2.616,49.53,6.188
1006,2024-07-01,2.058,47.11,6.053
1006,2024-07-02,2.092,48.04,6.157
1006,2024-07-03,2.594,47.05,6.133
1006,2024-07-04,2.677,48.83,6.14
1006,2024-07-05,2.208,47.55,5.931
1006,2024-07-06,2.163,48.51,6.162
1006,2024-07-07,1.985,49.27,6.038
1006,2024-07-08,2.429,45.4,5.82
1006,2024-07-09,2.235,49.73,5.948
1006,2024-07-10,2.031,47.84,5.957
1006,2024-07-11,2.281,47.19,6.078
1006,2024-07-12,2.474,45.56,6.11
1006,2024-07-13,2.337,47.21,5.841
1006,2024-07-14,2.642,45.17,6.116
1006,2024-07-15,2.432,47.61,5.998
1006,2024-07-16,2.288,47.34,5.849
1006,2024-07-17,2.193,49.38,6.133
1006,2024-07-18,2.31,47.18,5.894
1006,2024-07-19,2.443,48.61,5.829
1006,2024-07-20,2.372,48.71,6.121
1006,2024-07-21,2.411,49.63,6.143
1006,2024-07-22,2.245,47.27,5.909
1006,2024-07-23,2.353,48.3,6.166
1006,2024-07-24,2.443,45.97,6.158
1006,2024-07-25,2.167,46.39,5.931
1006,2024-07-26,1.941,47.24,6.307
1006,2024-07-27,2.545,47.5,6.0
1006,2024-07-28,2.317,46.28,6.042
1006,2024-07-29,2.112,47.1,5.651
1006,2024-07-30,2.247,48.24,6.104
1006,2024-07-31,2.151,47.05,5.916
1006,2024-08-01,1.859,47.36,6.074
1006,2024-08-02,2.163,46.61,5.752
1006,2024-08-03,1.915,48.94,6.182
1006,2024-08-04,2.241,49.35,6.227
1006,2024-08-05,2.178,47.73,6.292
1006,2024-08-06,2.427,47.41,5.566
1006,2024-08-07,2.176,49.23,6.097
1006,2024-08-08,2.275,48.01,6.06
1006,2024-08-09,2.14,46.84,5.557
1006,2024-08-10,2.124,46.14,5.899
1006,2024-08-11,1.921,46.92,5.996
1006,2024-08-12,2.398,49.77,6.222
1006,2024-08-13,,,
1006,2024-08-14,2.083,50.49,6.04
1006,2024-08-15,2.242,47.52,6.001
1006,2024-08-16,2.117,47.3,6.064
1006,2024-08-17,2.055,48.88,5.95
1006,2024-08-18,2.25,47.27,6.144
1006,2024-08-19,2.443,47.91,6.155
1006,2024-08-20,2.146,46.46,5.806
1006,2024-08-21,1.915,46.25,6.178
1006,2024-08-22,2.077,46.77,5.898
1006,2024-08-23,2.559,47.76,5.969
1006,2024-08-24,2.038,46.85,6.179
1006,2024-08-25,2.438,45.51,6.025
1006,2024-08-26,2.152,48.02,6.097
1006,2024-08-27,2.348,47.36,6.129
1006,2024-08-28,2.179,47.24,6.1
1006,2024-08-29,1.885,46.9,5.93
1006,2024-08-30,2.118,45.22,5.868
1006,2024-08-31,2.622,49.16,6.113
1006,2024-09-01,2.174,47.04,6.125
1006,2024-09-02,2.313,48.07,6.065
1006,2024-09-03,2.133,48.96,5.983
1006,2024-09-04,2.174,48.69,6.14
1006,2024-09-05,2.264,47.74,6.008
1006,2024-09-06,2.295,47.54,5.807
1006,2024-09-07,2.644,47.84,6.054
1006,2024-09-08,2.197,48.46,6.087
1006,2024-09-09,2.164,48.12,6.128
1006,2024-09-10,2.068,47.07,5.878
1006,2024-09-11,1.938,47.99,5.9
1006,2024-09-12,1.878,47.92,6.062
1006,2024-09-13,2.333,48.24,5.945
1006,2024-09-14,1.828,47.74,6.002
1006,2024-09-15,2.481,48.94,6.153
1006,2024-09-16,2.372,47.74,6.072
1006,2024-09-17,2.141,48.44,6.286
1006,2024-09-18,1.97,47.58,6.056
1006,2024-09-19,2.206,46.94,6.269
1006,2024-09-20,2.205,46.56,6.173
1006,2024-09-21,2.426,47.37,6.394
1006,2024-09-22,2.052,48.08,6.016
1006,2024-09-23,2.125,48.83,6.001
1006,2024-09-24,2.19,47.44,6.21
1006,2024-09-25,2.145,47.0,5.938
1006,2024-09-26,2.076,47.01,5.946
1006,2024-09-27,1.858,48.85,6.052
1006,2024-09-28,1.873,47.64,6.072
1006,2024-09-29,2.065,47.02,5.806
1006,2024-09-30,2.156,48.29,6.054
1006,2024-10-01,2.4,46.18,5.97
1006,2024-10-02,2.662,47.65,6.012
1006,2024-10-03,2.543,47.49,6.043
1006,2024-10-04,2.28,47.39,5.988
1006,2024-10-05,2.576,46.35,6.177
1006,2024-10-06,2.177,48.54,6.09
1006,2024-10-07,2.095,49.26,5.989
1006,2024-10-08,2.663,46.17,6.029
1006,2024-10-09,1.987,47.65,6.173
1006,2024-10-10,2.118,48.19,6.135
1006,2024-10-11,2.148,49.85,6.207
1006,2024-10-12,2.493,47.1,5.998
1006,2024-10-13,2.082,46.56,6.039
1006,2024-10-14,2.357,47.53,6.319
1006,2024-10-15,2.119,49.6,6.013
1006,2024-10-16,1.956,47.6,6.269
1006,2024-10-17,2.248,47.8,6.145
1006,2024-10-18,2.234,49.35,5.955
1006,2024-10-19,1.97,45.34,5.811
1006,2024-10-20,2.028,45.31,6.114
1006,2024-10-21,2.042,48.46,5.914
1006,2024-10-22,2.394,48.33,5.914
1006,2024-10-23,2.293,46.11,5.762
1006,2024-10-24,2.249,48.06,6.196
1006,2024-10-25,,,
1006,2024-10-26,2.106,47.75,6.024
1006,2024-10-27,2.296,46.71,6.079
1006,2024-10-28,2.08,47.07,6.056
1006,2024-10-29,1.935,46.63,6.034
1006,2024-10-30,2.06,47.58,6.097
1006,2024-10-31,2.243,47.29,5.979
1006,2024-11-01,2.219,49.26,5.636
1006,2024-11-02,2.413,48.18,6.13
1006,2024-11-03,,,
1006,2024-11-04,2.157,47.96,6.024
1006,2024-11-05,2.28,49.0,6.257
1006,2024-11-06,2.009,47.82,5.812
1006,2024-11-07,2.251,48.65,5.589
1006,2024-11-08,2.119,47.5,6.242
1006,2024-11-09,1.975,48.25,6.082
1006,2024-11-10,2.425,46.57,5.776
1006,2024-11-11,1.924,48.34,5.96
1006,2024-11-12,2.401,46.12,6.113
1006,2024-11-13,2.119,48.86,5.84
1006,2024-11-14,2.013,45.98,6.103
1006,2024-11-15,2.025,45.36,6.336
1006,2024-11-16,2.054,48.08,6.227
1006,2024-11-17,2.032,47.35,6.016
1006,2024-11-18,2.255,47.65,6.068
1006,2024-11-19,1.828,47.97,5.879
1006,2024-11-20,2.449,47.5,6.04
1006,2024-11-21,2.368,46.62,5.971
1006,2024-11-22,2.479,47.75,5.872
1006,2024-11-23,2.005,47.89,5.82
1006,2024-11-24,1.738,48.04,6.308
1006,2024-11-25,2.077,49.57,6.033
1006,2024-11-26,2.168,46.78,5.868
1006,2024-11-27,2.262,47.6,5.958
1006,2024-11-28,2.098,48.11,6.242
1006,2024-11-29,2.185,47.07,6.262
1006,2024-11-30,2.232,46.3,5.929
1006,2024-12-01,1.892,46.95,6.049
1006,2024-12-02,,,
1006,2024-12-03,2.21,47.57,5.969
1006,2024-12-04,2.254,48.16,5.845
1006,2024-12-05,2.417,47.84,5.875
1006,2024-12-06,2.365,48.07,5.863
1006,2024-12-07,2.457,48.38,5.783
1006,2024-12-08,2.57,48.75,5.685
1006,2024-12-09,2.704,49.19,5.57
1006,2024-12-10,2.859,49.7,5.437
1006,2024-12-11,3.034,50.28,5.286
1006,2024-12-12,3.229,50.92,5.117
1006,2024-12-13,3.445,51.63,4.931
1006,2024-12-14,3.682,52.41,4.727
1006,2024-12-15,3.939,53.26,4.505
1006,2024-12-16,4.217,54.18,4.265
1006,2024-12-17,4.515,55.16,4.008
1006,2024-12-18,4.834,56.21,3.733
1006,2024-12-19,5.174,57.33,3.44
1006,2024-12-20,5.534,58.52,3.13
1006,2024-12-21,5.915,59.77,2.801
1006,2024-12-22,6.316,61.09,2.455
1006,2024-12-23,3.667,50.41,4.773
1006,2024-12-24,3.946,50.96,4.539
1006,2024-12-25,4.249,51.55,4.284
1006,2024-12-26,4.576,52.19,4.009
1006,2024-12-27,4.927,52.88,3.714
1006,2024-12-28,5.303,53.62,3.398
1006,2024-12-29,5.703,54.41,3.062
1006,2024-12-30,6.127,55.24,2.706
1006,2024-12-31,6.576,56.12,2.329
1006,2025-01-01,7.049,57.05,1.932
1006,2025-01-02,2.24,47.53,6.005
1006,2025-01-03,2.218,47.88,5.946
1006,2025-01-04,2.335,48.53,5.994
1006,2025-01-05,2.364,48.34,5.981
1006,2025-01-06,2.492,48.45,5.896
1006,2025-01-07,2.655,48.97,5.94
1006,2025-01-08,2.856,49.61,5.912
1006,2025-01-09,3.093,50.35,5.878
1006,2025-01-10,3.366,51.22,5.839
1006,2025-01-11,3.676,52.2,5.795
1006,2025-01-12,4.022,53.29,5.746
1006,2025-01-13,4.404,54.5,5.679
1006,2025-01-14,4.823,55.83,5.633
1006,2025-01-15,5.279,57.27,5.568
1006,2025-01-16,5.771,58.82,5.498
1006,2025-01-17,6.299,60.49,5.424
1006,2025-01-18,6.864,62.28,5.343
1006,2025-01-19,7.465,64.18,5.258
1006,2025-01-20,8.103,66.2,5.168
1006,2025-01-21,8.777,68.33,5.072
1006,2025-01-22,9.487,70.57,4.971
1006,2025-01-23,2.497,47.62,5.648
1006,2025-01-24,2.08,47.42,5.694
1006,2025-01-25,2.227,45.92,5.899
1006,2025-01-26,1.997,46.52,6.032
1006,2025-01-27,2.084,45.44,5.916
1006,2025-01-28,2.222,46.64,5.928
1006,2025-01-29,2.124,44.81,5.778
1006,2025-01-30,2.31,46.72,5.77
1006,2025-01-31,2.217,46.57,5.759
1006,2025-02-01,1.927,46.71,6.108
1006,2025-02-02,1.742,46.69,5.72
1006,2025-02-03,2.402,48.72,6.115
1006,2025-02-04,2.086,47.17,5.879
1006,2025-02-05,2.499,47.78,6.093
1006,2025-02-06,2.206,48.31,6.048
1006,2025-02-07,,,
1006,2025-02-08,2.314,48.23,6.189
1006,2025-02-09,2.149,46.96,5.894
1006,2025-02-10,2.205,46.41,5.866
1006,2025-02-11,2.017,46.73,5.945
1006,2025-02-12,2.33,47.05,5.894
1006,2025-02-13,2.422,47.54,6.107
1006,2025-02-14,,,
1006,2025-02-15,2.559,48.65,6.009
1006,2025-02-16,2.089,47.43,6.07
1006,2025-02-17,2.253,49.37,5.937
1006,2025-02-18,1.876,48.59,6.171
1006,2025-02-19,1.819,47.04,5.733
1006,2025-02-20,2.623,48.41,6.042
1006,2025-02-21,2.487,44.59,6.081
1006,2025-02-22,2.432,48.94,5.892
1006,2025-02-23,1.864,47.95,5.903
1006,2025-02-24,2.248,47.94,6.141
1006,2025-02-25,2.287,45.81,5.958
1006,2025-02-26,2.219,50.11,5.719
1006,2025-02-27,2.262,47.27,5.804
1006,2025-02-28,2.019,47.39,6.156
1006,2025-03-01,2.171,48.68,5.874
1006,2025-03-02,1.975,47.33,6.201
1006,2025-03-03,2.133,46.66,6.21
1006,2025-03-04,,,
1006,2025-03-05,2.046,46.49,6.086
1006,2025-03-06,2.147,48.29,5.882
1006,2025-03-07,2.116,47.67,5.945
1006,2025-03-08,2.205,48.68,5.901
1006,2025-03-09,2.386,46.29,6.093
1006,2025-03-10,2.25,48.81,5.813
1006,2025-03-11,2.281,47.83,5.985
1006,2025-03-12,1.915,49.55,6.012
1006,2025-03-13,2.13,46.87,6.082
1006,2025-03-14,2.366,49.43,5.688
1006,2025-03-15,2.03,48.25,5.737
1006,2025-03-16,2.116,48.34,5.873
1006,2025-03-17,2.009,46.79,5.971
1006,2025-03-18,2.469,48.1,6.025
1006,2025-03-19,2.112,48.22,6.033
1006,2025-03-20,2.056,46.68,6.305
1006,2025-03-21,2.325,46.35,6.101
1006,2025-03-22,2.422,46.74,6.091
1006,2025-03-23,2.301,49.03,5.931
1006,2025-03-24,2.398,47.69,6.12
1006,2025-03-25,2.244,48.49,6.106
1006,2025-03-26,2.176,47.83,6.103
1006,2025-03-27,2.114,47.65,5.986
1006,2025-03-28,2.1,47.76,6.096
1006,2025-03-29,2.083,47.11,6.23
1006,2025-03-30,2.275,48.78,5.884
1006,2025-03-31,2.179,47.71,5.681
1006,2025-04-01,2.219,47.76,6.125
1006,2025-04-02,2.323,46.12,6.112
1006,2025-04-03,2.191,47.85,5.968
1006,2025-04-04,1.928,46.84,5.937
1006,2025-04-05,2.044,47.02,6.414
1006,2025-04-06,1.978,48.59,5.933
1006,2025-04-07,1.821,46.42,5.821
1006,2025-04-08,2.222,47.33,5.932
1006,2025-04-09,1.962,48.17,6.077
1006,2025-04-10,1.945,48.71,5.911
1006,2025-04-11,1.986,47.0,5.945
1006,2025-04-12,2.376,47.86,6.048
1006,2025-04-13,2.139,47.82,5.939
1006,2025-04-14,2.401,46.38,6.021
1006,2025-04-15,2.183,45.34,5.996
1006,2025-04-16,,,
1006,2025-04-17,2.314,48.14,6.013
1006,2025-04-18,2.321,47.64,5.829
1006,2025-04-19,2.224,46.16,6.141
1006,2025-04-20,1.994,46.88,5.863
1006,2025-04-21,2.11,47.12,5.967
1006,2025-04-22,1.965,47.17,5.731
1006,2025-04-23,2.15,47.5,5.936
1006,2025-04-24,2.22,49.79,5.816
1006,2025-04-25,2.497,46.73,6.224
1006,2025-04-26,2.483,47.68,5.984
1006,2025-04-27,2.336,46.74,6.08
1006,2025-04-28,2.392,46.89,5.741
1006,2025-04-29,2.247,46.63,5.817
1006,2025-04-30,2.755,47.3,5.976
1006,2025-05-01,2.506,46.97,5.8
1006,2025-05-02,2.73,47.89,6.172
1006,2025-05-03,2.277,47.75,5.942
1006,2025-05-04,2.283,46.62,6.024
1006,2025-05-05,2.411,49.49,6.047
1006,2025-05-06,2.238,46.34,5.979
1006,2025-05-07,2.263,47.89,6.117
1006,2025-05-08,2.003,49.75,5.901
1006,2025-05-09,2.388,46.8,6.056
1006,2025-05-10,2.228,48.89,6.179
1006,2025-05-11,2.362,48.98,6.033
1006,2025-05-12,2.156,47.88,6.02
1006,2025-05-13,1.845,45.64,5.952
1006,2025-05-14,2.301,48.98,6.01
1006,2025-05-15,2.433,47.63,6.101
1006,2025-05-16,1.945,46.97,5.965
1006,2025-05-17,2.006,48.84,5.752
1006,2025-05-18,2.14,46.79,6.025
1006,2025-05-19,2.151,48.62,5.979
1006,2025-05-20,,,
1006,2025-05-21,2.551,48.08,6.007
1006,2025-05-22,2.402,46.43,6.234
1006,2025-05-23,2.077,47.13,5.823
1006,2025-05-24,1.838,46.6,5.857
1006,2025-05-25,2.273,46.8,6.098
1006,2025-05-26,2.597,47.72,5.849
1006,2025-05-27,2.366,47.55,5.999
1006,2025-05-28,2.431,47.72,5.984
1006,2025-05-29,2.271,48.84,5.71
1006,2025-05-30,2.326,47.85,5.921
1006,2025-05-31,2.396,48.02,5.875
1006,2025-06-01,2.596,48.24,5.817
1006,2025-06-02,2.585,48.5,5.75
1006,2025-06-03,2.702,48.79,5.672
1006,2025-06-04,,,
1006,2025-06-05,2.985,49.5,5.485
1006,2025-06-06,3.15,49.91,5.375
1006,2025-06-07,3.33,50.36,5.256
1006,2025-06-08,3.526,50.85,5.126
1006,2025-06-09,3.738,51.38,4.985
1006,2025-06-10,3.966,51.95,4.834
1006,2025-06-11,4.209,52.56,4.673
1006,2025-06-12,4.468,53.21,4.502
1006,2025-06-13,4.743,53.9,4.319
1006,2025-06-14,5.033,54.63,4.127
1006,2025-06-15,5.339,55.39,3.924
1006,2025-06-16,4.362,52.82,4.229
1006,2025-06-17,4.682,53.6,3.967
1006,2025-06-18,5.024,54.44,3.686
1006,2025-06-19,5.388,55.33,3.387
1006,2025-06-20,,,
1006,2025-06-21,6.183,57.27,2.735
1006,2025-06-22,6.613,58.33,2.381
1006,2025-06-23,2.145,47.57,6.01
1006,2025-06-24,2.348,47.42,6.169
1006,2025-06-25,2.171,46.4,6.139
1006,2025-06-26,2.196,46.4,6.094
1006,2025-06-27,2.085,46.95,6.016
1006,2025-06-28,2.227,47.23,5.952
1006,2025-06-29,1.844,46.32,6.049
1006,2025-06-30,2.732,46.35,5.93
1006,2025-07-01,2.062,47.24,5.95
1006,2025-07-02,2.218,48.29,5.876
1006,2025-07-03,2.103,47.34,5.992
1006,2025-07-04,2.1,48.22,5.988
1006,2025-07-05,2.278,48.52,6.269
1006,2025-07-06,2.096,48.32,6.08
1006,2025-07-07,2.112,47.1,5.944
1006,2025-07-08,,,
1006,2025-07-09,2.013,45.63,5.93
1006,2025-07-10,1.964,46.83,6.147
1006,2025-07-11,2.558,48.01,6.113
1006,2025-07-12,1.931,46.42,6.422
1006,2025-07-13,1.983,48.91,5.841
1006,2025-07-14,2.236,49.0,5.989
1006,2025-07-15,2.483,47.15,5.983
1006,2025-07-16,1.859,48.47,6.043
1006,2025-07-17,1.888,46.08,6.103
1006,2025-07-18,2.222,46.46,5.857
1006,2025-07-19,2.265,47.15,5.894
1006,2025-07-20,1.914,47.54,6.044
1006,2025-07-21,1.837,47.34,6.141
1006,2025-07-22,2.005,46.65,5.836
1006,2025-07-23,2.346,49.54,5.774
1006,2025-07-24,2.188,47.83,6.166
1006,2025-07-25,2.346,47.82,6.122
1006,2025-07-26,2.175,48.23,6.157
1006,2025-07-27,2.19,47.71,5.858
1006,2025-07-28,2.319,47.3,5.97
1006,2025-07-29,2.173,46.96,6.032
1006,2025-07-30,2.244,45.86,6.064
1006,2025-07-31,,,
1006,2025-08-01,2.076,46.59,5.992
1006,2025-08-02,2.29,45.83,6.146
1006,2025-08-03,2.148,46.71,5.936
1006,2025-08-04,2.047,45.9,5.92
1006,2025-08-05,2.328,49.57,5.937
1006,2025-08-06,2.305,47.9,5.926
1006,2025-08-07,2.195,48.97,6.019
1006,2025-08-08,2.044,49.02,5.969
1006,2025-08-09,2.375,48.11,5.936
1006,2025-08-10,2.695,48.12,6.205
1006,2025-08-11,2.032,46.79,6.043
1006,2025-08-12,1.888,47.45,5.951
1006,2025-08-13,2.04,46.92,6.182
1006,2025-08-14,2.009,47.58,5.92
1006,2025-08-15,1.943,46.82,5.999
1006,2025-08-16,1.959,48.83,5.986
1006,2025-08-17,2.365,48.31,5.917
1006,2025-08-18,2.368,47.42,5.944
1006,2025-08-19,2.492,45.83,6.012
1006,2025-08-20,2.345,48.23,5.793
1006,2025-08-21,2.1,48.43,5.943
1006,2025-08-22,2.412,47.46,6.036
1006,2025-08-23,2.073,46.24,6.039
1006,2025-08-24,2.126,47.97,6.042
1006,2025-08-25,1.961,48.6,6.336
1006,2025-08-26,2.441,45.58,6.095
1006,2025-08-27,2.397,48.11,5.979
1006,2025-08-28,2.102,45.68,5.982
1006,2025-08-29,2.133,47.61,5.999
1006,2025-08-30,2.202,49.31,6.062
1006,2025-08-31,2.235,47.63,5.957
1006,2025-09-01,2.364,48.02,6.216
1006,2025-09-02,2.208,47.2,5.841
1006,2025-09-03,2.275,47.53,6.09
1006,2025-09-04,1.895,49.93,6.072
1006,2025-09-05,,,
1006,2025-09-06,1.836,47.21,6.089
1006,2025-09-07,2.551,47.14,6.079
1006,2025-09-08,2.474,47.55,5.908
1006,2025-09-09,2.338,49.77,6.331
1006,2025-09-10,2.417,47.74,6.101
1006,2025-09-11,2.595,48.67,5.952
1006,2025-09-12,2.382,47.16,5.931
1006,2025-09-13,1.876,46.23,5.893
1006,2025-09-14,,,
1006,2025-09-15,1.724,47.45,6.008
1006,2025-09-16,2.031,46.73,5.798
1006,2025-09-17,1.945,46.83,5.851
1006,2025-09-18,2.192,46.85,5.897
1006,2025-09-19,2.272,46.91,5.942
1006,2025-09-20,2.008,45.96,5.948
1006,2025-09-21,2.137,48.76,5.904
1006,2025-09-22,2.25,47.92,6.091
1006,2025-09-23,2.162,48.53,6.135
1006,2025-09-24,2.158,47.18,6.01
1006,2025-09-25,1.713,47.89,5.686
1006,2025-09-26,2.105,47.7,5.977
1006,2025-09-27,2.352,48.73,6.079
1006,2025-09-28,2.245,48.36,5.988
1006,2025-09-29,1.897,47.9,6.038
1006,2025-09-30,2.139,46.87,6.014
1006,2025-10-01,2.246,46.31,5.786
1006,2025-10-02,1.998,46.72,5.638
1006,2025-10-03,2.328,46.89,6.088
1006,2025-10-04,2.033,46.98,5.925
1006,2025-10-05,,,
1006,2025-10-06,2.171,49.22,5.956
1006,2025-10-07,2.638,47.81,5.975
1006,2025-10-08,2.129,45.48,6.194
1006,2025-10-09,2.079,46.42,5.828
1006,2025-10-10,2.336,46.17,5.997
1006,2025-10-11,2.099,47.77,5.843
1006,2025-10-12,2.231,48.62,6.005
1006,2025-10-13,2.207,47.56,5.997
1006,2025-10-14,2.252,48.16,5.973
1006,2025-10-15,2.266,47.78,5.933
1006,2025-10-16,2.317,48.7,5.802
1006,2025-10-17,2.464,48.92,5.806
1006,2025-10-18,2.463,48.53,5.718
1006,2025-10-19,2.558,48.89,5.614
1006,2025-10-20,2.668,49.31,5.495
1006,2025-10-21,2.792,49.78,5.36
1006,2025-10-22,2.931,50.31,5.208
1006,2025-10-23,3.085,50.9,5.041
1006,2025-10-24,3.253,51.53,4.858
1006,2025-10-25,3.436,52.23,4.659
1006,2025-10-26,3.634,52.98,4.444
1006,2025-10-27,3.846,53.79,4.213
1006,2025-10-28,4.073,54.65,3.966
1006,2025-10-29,4.314,55.57,3.703
1006,2025-10-30,4.57,56.54,3.424
1006,2025-10-31,4.841,57.57,3.129
1006,2025-11-01,5.126,58.65,2.819
1006,2025-11-02,2.207,47.53,5.956
1006,2025-11-03,2.4,47.56,5.998
1006,2025-11-04,2.533,47.66,5.831
1006,2025-11-05,2.288,48.32,5.948
1006,2025-11-06,2.357,48.03,5.69
1006,2025-11-07,2.445,48.3,5.847
1006,2025-11-08,2.553,48.64,5.777
1006,2025-11-09,2.681,49.04,5.695
1006,2025-11-10,2.828,49.51,5.601
1006,2025-11-11,2.994,50.03,5.493
1006,2025-11-12,3.181,50.62,5.373
1006,2025-11-13,3.387,51.26,5.241
1006,2025-11-14,3.612,51.97,5.095
1006,2025-11-15,3.858,52.74,4.937
1006,2025-11-16,4.122,53.58,4.767
1006,2025-11-17,4.407,54.47,4.584
1006,2025-11-18,4.711,55.43,4.388
1006,2025-11-19,5.035,56.44,4.18
1006,2025-11-20,5.378,57.52,3.959
1006,2025-11-21,5.741,58.66,3.725
1006,2025-11-22,6.123,59.87,3.479
1006,2025-11-23,3.702,52.76,4.608
1006,2025-11-24,3.942,53.6,4.385
1006,2025-11-25,4.2,54.49,4.145
1006,2025-11-26,4.476,55.45,3.889
1006,2025-11-27,4.769,56.47,3.616
1006,2025-11-28,5.08,57.55,3.327
1006,2025-11-29,5.409,58.7,3.021
1006,2025-11-30,5.756,59.91,2.699
1006,2025-12-01,2.175,47.53,6.076
1006,2025-12-02,2.109,48.35,6.0
1006,2025-12-03,2.192,47.93,6.064
1006,2025-12-04,2.042,47.06,6.027
1006,2025-12-05,2.431,48.99,5.918
1006,2025-12-06,2.317,47.03,6.277
1006,2025-12-07,2.388,47.97,6.033
1006,2025-12-08,1.922,46.89,5.971
1006,2025-12-09,2.246,47.3,5.79
1006,2025-12-10,2.038,47.28,5.911
1006,2025-12-11,2.209,46.86,6.001
1006,2025-12-12,2.446,47.77,5.974
1006,2025-12-13,2.243,48.86,5.931
1006,2025-12-14,2.157,49.41,5.992
1006,2025-12-15,2.416,48.98,5.839
1006,2025-12-16,2.394,47.36,6.0
1006,2025-12-17,2.561,49.0,5.779
1006,2025-12-18,1.82,47.96,5.876
1006,2025-12-19,2.257,49.35,5.894
1006,2025-12-20,2.108,46.26,6.123
1006,2025-12-21,2.017,49.03,6.069
1006,2025-12-22,2.215,46.93,6.01
1006,2025-12-23,1.959,48.7,5.835
1006,2025-12-24,1.745,47.06,5.942
1006,2025-12-25,2.011,48.45,6.113
1006,2025-12-26,2.139,47.25,6.178
1006,2025-12-27,2.565,45.64,5.789
1006,2025-12-28,2.047,46.56,5.938
1006,2025-12-29,1.958,47.29,6.014
1006,2025-12-30,1.796,47.56,6.049
1006,2025-12-31,2.121,45.27,6.0
1007,2024-01-01,1.914,47.58,5.844
1007,2024-01-02,2.227,46.81,5.98
1007,2024-01-03,,,
1007,2024-01-04,1.943,46.84,5.913
1007,2024-01-05,2.024,47.02,5.667
1007,2024-01-06,2.129,47.26,5.779
1007,2024-01-07,2.256,47.54,5.687
1007,2024-01-08,2.407,47.88,5.579
1007,2024-01-09,2.58,48.27,5.453
1007,2024-01-10,2.777,48.71,5.311
1007,2024-01-11,2.309,48.43,5.586
1007,2024-01-12,2.434,48.92,5.479
1007,2024-01-13,2.574,49.46,5.359
1007,2024-01-14,2.728,50.06,5.227
1007,2024-01-15,2.897,50.71,5.083
1007,2024-01-16,3.081,51.43,4.925
1007,2024-01-17,3.28,52.2,4.756
1007,2024-01-18,3.493,53.02,4.573
1007,2024-01-19,3.721,53.91,4.378
1007,2024-01-20,3.963,54.85,4.171
1007,2024-01-21,,,
1007,2024-01-22,4.492,56.9,3.718
1007,2024-01-23,4.779,58.02,3.473
1007,2024-01-24,1.79,47.3,5.847
1007,2024-01-25,1.952,46.14,6.071
1007,2024-01-26,1.863,45.84,5.968
1007,2024-01-27,1.683,47.21,5.944
1007,2024-01-28,1.744,46.85,6.059
1007,2024-01-29,1.756,47.47,6.097
1007,2024-01-30,1.907,45.93,6.196
1007,2024-01-31,1.908,47.78,5.899
1007,2024-02-01,1.677,46.98,6.07
1007,2024-02-02,1.799,46.47,6.094
1007,2024-02-03,1.895,45.89,5.846
1007,2024-02-04,2.046,45.58,6.007
1007,2024-02-05,1.884,45.29,5.851
1007,2024-02-06,2.209,48.01,5.954
1007,2024-02-07,1.841,45.24,6.051
1007,2024-02-08,1.976,47.25,5.734
1007,2024-02-09,1.773,46.39,5.858
1007,2024-02-10,1.645,46.07,5.868
1007,2024-02-11,1.856,46.17,6.002
1007,2024-02-12,1.928,46.54,5.878
1007,2024-02-13,1.898,47.52,6.044
1007,2024-02-14,1.863,47.19,5.86
1007,2024-02-15,1.772,46.63,5.911
1007,2024-02-16,1.679,45.29,6.078
1007,2024-02-17,1.778,44.88,6.035
1007,2024-02-18,1.925,48.46,6.011
1007,2024-02-19,2.018,45.64,5.982
1007,2024-02-20,1.205,45.09,6.138
1007,2024-02-21,1.952,47.73,6.193
1007,2024-02-22,2.043,45.16,5.933
1007,2024-02-23,2.077,47.36,5.88
1007,2024-02-24,1.909,47.55,5.833
1007,2024-02-25,1.964,46.88,6.247
1007,2024-02-26,1.75,47.58,5.854
1007,2024-02-27,,,
1007,2024-02-28,1.936,45.43,6.028
1007,2024-02-29,1.626,46.44,6.145
1007,2024-03-01,1.684,46.63,5.804
1007,2024-03-02,1.873,46.55,5.97
1007,2024-03-03,1.58,47.09,5.774
1007,2024-03-04,1.846,45.91,5.884
1007,2024-03-05,1.551,44.54,6.231
1007,2024-03-06,1.873,47.03,6.013
1007,2024-03-07,1.841,46.41,5.949
1007,2024-03-08,1.728,47.43,5.999
1007,2024-03-09,1.655,48.67,6.03
1007,2024-03-10,1.738,46.71,5.973
1007,2024-03-11,1.406,47.2,5.811
1007,2024-03-12,1.759,45.75,5.812
1007,2024-03-13,1.858,47.52,6.288
1007,2024-03-14,2.066,46.96,5.874
1007,2024-03-15,1.738,46.87,6.167
1007,2024-03-16,1.802,47.53,5.881
1007,2024-03-17,2.102,45.52,6.182
1007,2024-03-18,2.168,47.18,6.092
1007,2024-03-19,1.839,47.08,5.957
1007,2024-03-20,2.036,48.19,5.986
1007,2024-03-21,2.061,46.82,5.849
1007,2024-03-22,2.012,47.09,5.953
1007,2024-03-23,2.147,48.78,5.86
1007,2024-03-24,2.32,47.95,5.872
1007,2024-03-25,2.532,48.54,5.916
1007,2024-03-26,2.782,49.24,5.846
1007,2024-03-27,3.071,50.05,5.86
1007,2024-03-28,3.398,50.96,5.826
1007,2024-03-29,3.764,51.98,5.729
1007,2024-03-30,4.168,53.11,5.746
1007,2024-03-31,4.61,54.35,5.7
1007,2024-04-01,5.091,55.69,5.65
1007,2024-04-02,5.611,57.14,5.596
1007,2024-04-03,6.169,58.7,5.537
1007,2024-04-04,6.766,60.37,5.475
1007,2024-04-05,7.401,62.14,5.409
1007,2024-04-06,8.074,64.02,5.339
1007,2024-04-07,8.786,66.01,5.265
1007,2024-04-08,9.537,68.1,5.187
1007,2024-04-09,1.491,46.87,5.984
1007,2024-04-10,1.864,46.05,6.019
1007,2024-04-11,2.113,46.36,5.953
1007,2024-04-12,1.741,46.94,5.863
1007,2024-04-13,1.825,46.7,5.793
1007,2024-04-14,1.639,46.5,5.947
1007,2024-04-15,1.821,47.38,5.883
1007,2024-04-16,1.64,47.67,5.916
1007,2024-04-17,1.643,46.32,5.827
1007,2024-04-18,1.553,46.61,6.188
1007,2024-04-19,1.73,45.54,6.055
1007,2024-04-20,2.193,46.46,6.264
1007,2024-04-21,1.824,47.09,5.911
1007,2024-04-22,1.872,47.47,5.997
1007,2024-04-23,2.264,46.79,5.951
1007,2024-04-24,1.714,46.54,5.991
1007,2024-04-25,1.644,45.92,5.95
1007,2024-04-26,1.936,46.84,5.964
1007,2024-04-27,1.599,45.55,5.694
1007,2024-04-28,1.899,46.75,5.948
1007,2024-04-29,2.057,46.65,6.091
1007,2024-04-30,1.628,45.74,5.698
1007,2024-05-01,1.735,46.95,5.936
1007,2024-05-02,2.162,46.42,6.074
1007,2024-05-03,1.632,47.21,6.177
1007,2024-05-04,1.704,46.15,5.976
1007,2024-05-05,1.881,47.1,6.056
1007,2024-05-06,1.775,48.16,6.249
1007,2024-05-07,1.671,46.8,6.181
1007,2024-05-08,2.143,47.4,5.921
1007,2024-05-09,1.723,46.0,5.898
1007,2024-05-10,1.899,46.28,6.14
1007,2024-05-11,1.756,44.77,6.021
1007,2024-05-12,1.791,46.48,5.907
1007,2024-05-13,,,
1007,2024-05-14,2.013,46.74,6.035
1007,2024-05-15,1.753,44.6,5.958
1007,2024-05-16,2.081,45.78,5.95
1007,2024-05-17,1.611,46.7,5.953
1007,2024-05-18,1.742,47.01,5.766
1007,2024-05-19,1.927,45.0,6.247
1007,2024-05-20,1.856,46.22,6.17
1007,2024-05-21,1.709,49.13,6.214
1007,2024-05-22,1.809,47.4,5.968
1007,2024-05-23,1.586,46.78,6.007
1007,2024-05-24,1.846,43.92,6.074
1007,2024-05-25,1.325,45.72,6.11
1007,2024-05-26,1.868,47.13,5.716
1007,2024-05-27,2.096,46.85,6.041
1007,2024-05-28,2.007,47.07,5.84
1007,2024-05-29,1.999,47.56,5.978
1007,2024-05-30,,,
1007,2024-05-31,1.93,47.46,6.242
1007,2024-06-01,1.758,44.87,6.068
1007,2024-06-02,1.818,49.07,5.984
1007,2024-06-03,1.816,46.33,6.196
1007,2024-06-04,1.187,45.99,5.978
1007,2024-06-05,,,
1007,2024-06-06,1.923,47.21,5.961
1007,2024-06-07,1.997,47.57,5.934
1007,2024-06-08,1.652,46.02,5.995
1007,2024-06-09,1.969,46.9,6.113
1007,2024-06-10,1.928,47.32,5.971
1007,2024-06-11,1.405,45.51,5.979
1007,2024-06-12,1.496,46.41,6.139
1007,2024-06-13,,,
1007,2024-06-14,1.707,46.33,6.13
1007,2024-06-15,1.832,45.93,6.008
1007,2024-06-16,1.712,45.39,5.794
1007,2024-06-17,2.123,47.04,5.821
1007,2024-06-18,1.469,46.86,5.741
1007,2024-06-19,1.573,47.75,6.158
1007,2024-06-20,1.647,46.55,6.05
1007,2024-06-21,1.572,45.96,5.918
1007,2024-06-22,1.724,45.2,5.841
1007,2024-06-23,1.829,46.7,6.042
1007,2024-06-24,1.577,46.31,5.969
1007,2024-06-25,1.905,48.59,6.036
1007,2024-06-26,2.088,48.86,5.863
1007,2024-06-27,2.046,48.16,5.823
1007,2024-06-28,2.222,45.73,6.222
1007,2024-06-29,2.054,45.25,5.847
1007,2024-06-30,1.83,46.39,5.985
1007,2024-07-01,2.179,45.74,6.187
1007,2024-07-02,1.972,48.01,5.716
1007,2024-07-03,2.197,46.73,6.092
1007,2024-07-04,1.799,46.22,5.999
1007,2024-07-05,1.431,46.6,5.967
1007,2024-07-06,1.611,47.85,6.029
1007,2024-07-07,1.871,45.69,5.812
1007,2024-07-08,1.942,47.09,5.658
1007,2024-07-09,1.849,46.63,5.981
1007,2024-07-10,2.029,46.68,5.946
1007,2024-07-11,1.924,46.78,5.921
1007,2024-07-12,1.99,46.92,5.869
1007,2024-07-13,2.074,47.09,5.802
1007,2024-07-14,2.178,47.79,5.72
1007,2024-07-15,2.3,47.55,5.623
1007,2024-07-16,2.441,47.84,5.511
1007,2024-07-17,2.601,48.17,5.385
1007,2024-07-18,2.78,48.53,5.243
1007,2024-07-19,2.977,48.94,5.087
1007,2024-07-20,3.193,49.38,4.915
1007,2024-07-21,3.428,49.86,4.729
1007,2024-07-22,3.682,50.38,4.528
1007,2024-07-23,3.955,50.94,4.311
1007,2024-07-24,4.247,51.54,4.08
1007,2024-07-25,4.557,52.17,3.834
1007,2024-07-26,4.886,52.85,3.574
1007,2024-07-27,5.234,53.56,3.298
1007,2024-07-28,5.601,54.31,3.007
1007,2024-07-29,1.805,45.03,6.042
1007,2024-07-30,2.039,46.19,6.062
1007,2024-07-31,1.913,44.78,5.939
1007,2024-08-01,1.544,46.65,5.827
1007,2024-08-02,1.665,47.27,6.008
1007,2024-08-03,1.73,45.57,5.943
1007,2024-08-04,2.045,46.77,5.86
1007,2024-08-05,1.858,46.01,6.006
1007,2024-08-06,2.029,45.93,5.959
1007,2024-08-07,1.748,48.53,5.901
1007,2024-08-08,1.593,47.48,5.725
1007,2024-08-09,2.237,47.09,5.964
1007,2024-08-10,2.364,46.19,6.25
1007,2024-08-11,1.913,47.01,6.12
1007,2024-08-12,1.801,46.42,6.149
1007,2024-08-13,2.068,47.06,5.986
1007,2024-08-14,1.626,45.73,6.145
1007,2024-08-15,1.799,46.54,5.889
1007,2024-08-16,1.563,46.23,5.921
1007,2024-08-17,1.932,45.23,6.066
1007,2024-08-18,1.887,48.27,5.777
1007,2024-08-19,1.762,47.41,5.997
1007,2024-08-20,1.714,45.84,6.033
1007,2024-08-21,1.547,45.17,6.239
1007,2024-08-22,1.68,45.9,5.885
1007,2024-08-23,2.076,45.79,6.051
1007,2024-08-24,1.772,46.02,5.892
1007,2024-08-25,2.082,45.13,5.908
1007,2024-08-26,1.673,45.8,5.589
1007,2024-08-27,,,
1007,2024-08-28,1.751,47.01,6.16
1007,2024-08-29,1.789,44.67,6.066
1007,2024-08-30,1.988,46.61,6.012
1007,2024-08-31,1.444,45.64,6.355
1007,2024-09-01,1.982,45.59,6.069
1007,2024-09-02,1.973,46.3,5.805
1007,2024-09-03,1.84,45.94,5.959
1007,2024-09-04,1.854,47.29,5.98
1007,2024-09-05,1.797,47.3,6.227
1007,2024-09-06,1.973,46.31,5.856
1007,2024-09-07,1.851,45.98,6.052
1007,2024-09-08,1.676,48.37,6.134
1007,2024-09-09,1.869,48.44,5.869
1007,2024-09-10,2.023,46.99,6.002
1007,2024-09-11,1.911,46.46,5.691
1007,2024-09-12,1.845,47.6,6.004
1007,2024-09-13,1.879,48.03,5.662
1007,2024-09-14,1.744,46.09,5.932
1007,2024-09-15,1.751,48.38,6.244
1007,2024-09-16,1.477,46.45,6.05
1007,2024-09-17,1.804,47.68,5.997
1007,2024-09-18,2.029,46.1,6.012
1007,2024-09-19,1.765,46.68,6.309
1007,2024-09-20,1.666,46.16,6.071
1007,2024-09-21,2.012,46.64,6.144
1007,2024-09-22,1.871,47.61,5.924
1007,2024-09-23,1.867,45.73,5.925
1007,2024-09-24,1.93,46.32,5.834
1007,2024-09-25,1.974,47.15,5.963
1007,2024-09-26,1.831,46.15,5.886
1007,2024-09-27,1.68,48.61,6.135
1007,2024-09-28,2.174,45.17,6.084
1007,2024-09-29,1.851,49.11,5.972
1007,2024-09-30,,,
1007,2024-10-01,1.875,47.57,5.56
1007,2024-10-02,2.068,48.2,5.901
1007,2024-10-03,1.568,47.13,6.034
1007,2024-10-04,2.091,45.22,6.087
1007,2024-10-05,1.814,46.28,5.532
1007,2024-10-06,2.222,46.68,5.633
1007,2024-10-07,1.967,47.17,6.013
1007,2024-10-08,1.82,47.58,5.836
1007,2024-10-09,2.08,47.72,5.957
1007,2024-10-10,2.083,48.06,5.919
1007,2024-10-11,1.773,45.67,6.076
1007,2024-10-12,1.884,47.59,5.714
1007,2024-10-13,1.741,44.89,5.905
1007,2024-10-14,2.015,46.76,6.129
1007,2024-10-15,1.571,45.55,6.02
1007,2024-10-16,1.806,44.85,5.866
1007,2024-10-17,1.432,47.52,6.056
1007,2024-10-18,1.953,46.58,6.031
1007,2024-10-19,1.414,47.59,5.857
1007,2024-10-20,1.638,45.04,6.092
1007,2024-10-21,1.89,45.4,6.089
1007,2024-10-22,1.773,46.51,5.97
1007,2024-10-23,1.755,45.95,6.129
1007,2024-10-24,1.655,46.68,5.816
1007,2024-10-25,1.751,45.99,6.103
1007,2024-10-26,1.505,46.27,5.961
1007,2024-10-27,1.901,45.48,5.85
1007,2024-10-28,1.994,47.88,5.901
1007,2024-10-29,1.986,46.29,6.162
1007,2024-10-30,1.833,45.44,5.907
1007,2024-10-31,,,
1007,2024-11-01,1.928,47.09,5.892
1007,2024-11-02,2.023,46.82,5.872
1007,2024-11-03,1.915,46.83,6.132
1007,2024-11-04,1.846,46.22,6.317
1007,2024-11-05,1.695,46.48,6.188
1007,2024-11-06,1.338,44.41,6.064
1007,2024-11-07,1.963,45.06,6.101
1007,2024-11-08,1.839,46.61,5.938
1007,2024-11-09,2.219,46.89,5.916
1007,2024-11-10,1.886,47.82,5.815
1007,2024-11-11,,,
1007,2024-11-12,2.025,47.07,5.9
1007,2024-11-13,2.13,47.73,5.85
1007,2024-11-14,2.258,47.66,5.789
1007,2024-11-15,2.409,48.04,5.716
1007,2024-11-16,2.583,48.48,5.633
1007,2024-11-17,2.781,48.97,5.539
1007,2024-11-18,3.001,49.53,5.433
1007,2024-11-19,3.245,50.14,5.317
1007,2024-11-20,3.513,50.82,5.189
1007,2024-11-21,3.803,51.55,5.05
1007,2024-11-22,4.117,52.34,4.9
1007,2024-11-23,4.454,53.18,4.739
1007,2024-11-24,4.814,54.09,4.567
1007,2024-11-25,5.198,55.05,4.384
1007,2024-11-26,5.605,56.08,4.19
1007,2024-11-27,6.035,57.16,3.984
1007,2024-11-28,6.488,58.3,3.768
1007,2024-11-29,1.973,48.57,6.154
1007,2024-11-30,1.621,48.21,5.917
1007,2024-12-01,1.98,45.67,6.062
1007,2024-12-02,2.184,47.69,5.959
1007,2024-12-03,1.59,46.49,5.991
1007,2024-12-04,2.008,47.68,5.967
1007,2024-12-05,1.822,45.97,5.898
1007,2024-12-06,1.927,46.62,6.005
1007,2024-12-07,1.613,46.04,6.135
1007,2024-12-08,1.846,47.08,5.9
1007,2024-12-09,1.87,46.51,5.932
1007,2024-12-10,2.113,47.72,6.044
1007,2024-12-11,2.249,47.43,5.878
1007,2024-12-12,1.901,47.02,6.119
1007,2024-12-13,1.771,46.57,6.094
1007,2024-12-14,2.263,46.31,5.65
1007,2024-12-15,1.821,46.61,5.893
1007,2024-12-16,1.83,47.36,5.83
1007,2024-12-17,1.86,46.74,6.112
1007,2024-12-18,1.93,46.9,6.129
1007,2024-12-19,1.976,46.57,5.812
1007,2024-12-20,1.732,46.53,5.888
1007,2024-12-21,1.839,46.61,5.978
1007,2024-12-22,2.199,46.64,5.935
1007,2024-12-23,2.146,47.18,5.978
1007,2024-12-24,2.011,47.17,5.965
1007,2024-12-25,2.144,47.21,5.947
1007,2024-12-26,2.316,48.51,5.924
1007,2024-12-27,2.525,47.97,5.896
1007,2024-12-28,2.773,48.46,5.863
1007,2024-12-29,3.059,49.03,5.824
1007,2024-12-30,3.383,49.67,5.781
1007,2024-12-31,3.745,50.39,5.732
1007,2025-01-01,4.146,51.18,5.678
1007,2025-01-02,4.584,52.05,5.619
1007,2025-01-03,5.06,53.0,5.555
1007,2025-01-04,5.575,54.02,5.486
1007,2025-01-05,6.128,55.11,5.412
1007,2025-01-06,6.719,56.28,5.332
1007,2025-01-07,7.348,57.53,5.248
1007,2025-01-08,8.015,58.85,5.158
1007,2025-01-09,,,
1007,2025-01-10,9.464,61.73,4.963
1007,2025-01-11,1.878,48.32,6.07
1007,2025-01-12,1.791,45.85,5.85
1007,2025-01-13,1.837,47.33,6.25
1007,2025-01-14,2.206,46.89,5.854
1007,2025-01-15,2.016,45.85,6.128
1007,2025-01-16,1.661,45.6,5.96
1007,2025-01-17,1.832,47.88,6.014
1007,2025-01-18,1.742,46.94,5.874
1007,2025-01-19,1.773,46.4,5.907
1007,2025-01-20,1.522,46.71,6.094
1007,2025-01-21,1.848,47.59,5.962
1007,2025-01-22,1.584,46.71,5.94
1007,2025-01-23,1.731,48.21,6.122
1007,2025-01-24,2.131,46.35,6.096
1007,2025-01-25,2.032,45.83,6.015
1007,2025-01-26,1.677,46.5,6.025
1007,2025-01-27,1.646,45.68,6.245
1007,2025-01-28,1.669,46.26,5.966
1007,2025-01-29,1.484,47.83,6.048
1007,2025-01-30,1.656,48.31,6.053
1007,2025-01-31,1.791,47.24,5.784
1007,2025-02-01,,,
1007,2025-02-02,1.986,45.7,6.009
1007,2025-02-03,1.833,45.61,6.119
1007,2025-02-04,1.742,46.98,6.02
1007,2025-02-05,2.176,46.78,5.912
1007,2025-02-06,1.977,46.03,5.894
1007,2025-02-07,1.856,46.17,6.111
1007,2025-02-08,2.194,48.17,5.947
1007,2025-02-09,2.093,47.6,5.753
1007,2025-02-10,,,
1007,2025-02-11,1.904,46.84,6.026
1007,2025-02-12,1.759,47.89,6.047
1007,2025-02-13,1.569,46.97,6.144
1007,2025-02-14,2.204,46.85,6.186
1007,2025-02-15,2.129,45.04,6.073
1007,2025-02-16,1.601,44.93,5.965
1007,2025-02-17,1.937,44.71,5.678
1007,2025-02-18,1.53,44.36,6.034
1007,2025-02-19,2.047,46.6,5.968
1007,2025-02-20,1.833,46.94,6.185
1007,2025-02-21,1.787,45.74,6.179
1007,2025-02-22,2.083,47.05,6.061
1007,2025-02-23,1.845,47.05,6.193
1007,2025-02-24,1.793,46.53,5.979
1007,2025-02-25,2.017,45.14,5.984
1007,2025-02-26,1.785,48.05,5.866
1007,2025-02-27,2.009,47.99,5.945
1007,2025-02-28,1.843,46.04,6.022
1007,2025-03-01,2.001,48.55,6.147
1007,2025-03-02,1.963,46.66,5.882
1007,2025-03-03,1.994,45.83,6.109
1007,2025-03-04,1.651,46.2,6.336
1007,2025-03-05,2.203,44.76,5.792
1007,2025-03-06,1.812,46.26,5.952
1007,2025-03-07,2.18,45.01,5.993
1007,2025-03-08,1.729,47.74,6.139
1007,2025-03-09,1.791,46.93,6.284
1007,2025-03-10,1.793,45.22,6.173
1007,2025-03-11,2.064,47.19,5.985
1007,2025-03-12,1.761,44.9,5.865
1007,2025-03-13,1.923,46.77,5.982
1007,2025-03-14,1.543,47.09,5.985
1007,2025-03-15,1.751,46.68,6.026
1007,2025-03-16,1.886,45.49,5.858
1007,2025-03-17,1.822,46.5,6.216
1007,2025-03-18,1.484,46.43,5.884
1007,2025-03-19,1.939,46.67,6.091
1007,2025-03-20,1.658,48.1,6.022
1007,2025-03-21,2.215,48.3,5.828
1007,2025-03-22,1.806,48.19,6.0
1007,2025-03-23,2.277,45.98,5.993
1007,2025-03-24,1.971,45.86,5.962
1007,2025-03-25,1.931,46.63,6.109
1007,2025-03-26,1.751,47.05,5.92
1007,2025-03-27,1.821,44.55,6.366
1007,2025-03-28,1.93,46.0,6.157
1007,2025-03-29,1.469,48.4,5.855
1007,2025-03-30,2.034,45.37,5.622
1007,2025-03-31,1.618,45.87,6.176
1007,2025-04-01,1.793,45.9,6.027
1007,2025-04-02,1.317,47.1,6.002
1007,2025-04-03,1.93,46.55,5.846
1007,2025-04-04,1.987,46.29,5.777
1007,2025-04-05,1.898,45.09,5.714
1007,2025-04-06,1.905,47.22,6.37
1007,2025-04-07,1.771,46.61,6.227
1007,2025-04-08,1.872,45.94,5.908
1007,2025-04-09,2.076,46.63,6.268
1007,2025-04-10,1.761,47.4,5.715
1007,2025-04-11,1.94,45.13,6.093
1007,2025-04-12,1.983,45.06,6.094
1007,2025-04-13,1.798,45.59,5.862
1007,2025-04-14,1.889,45.73,5.922
1007,2025-04-15,1.885,43.56,5.835
1007,2025-04-16,1.747,46.0,5.996
1007,2025-04-17,2.312,47.72,6.184
1007,2025-04-18,1.759,46.28,6.137
1007,2025-04-19,2.173,47.62,6.051
1007,2025-04-20,2.049,43.73,6.155
1007,2025-04-21,1.45,46.49,5.725
1007,2025-04-22,1.891,48.0,6.289
1007,2025-04-23,2.042,48.18,5.982
1007,2025-04-24,2.0,46.11,5.794
1007,2025-04-25,1.668,45.78,5.932
1007,2025-04-26,1.893,46.99,5.893
1007,2025-04-27,1.611,45.39,6.003
1007,2025-04-28,1.642,46.24,6.036
1007,2025-04-29,1.796,44.93,5.642
1007,2025-04-30,1.879,46.69,6.177
1007,2025-05-01,2.153,46.61,6.246
1007,2025-05-02,1.912,48.24,5.835
1007,2025-05-03,2.048,46.97,6.209
1007,2025-05-04,1.61,45.95,6.176
1007,2025-05-05,1.619,46.51,6.14
1007,2025-05-06,1.749,45.32,6.232
1007,2025-05-07,2.182,46.64,5.782
1007,2025-05-08,1.583,46.39,6.097
1007,2025-05-09,1.536,47.03,5.838
1007,2025-05-10,1.828,47.54,6.342
1007,2025-05-11,2.073,44.6,5.844
1007,2025-05-12,1.526,46.93,5.806
1007,2025-05-13,1.793,47.35,6.156
1007,2025-05-14,1.579,45.41,6.082
1007,2025-05-15,2.123,48.51,5.993
1007,2025-05-16,1.977,45.88,6.009
1007,2025-05-17,1.895,49.07,6.08
1007,2025-05-18,1.833,47.39,6.247
1007,2025-05-19,,,
1007,2025-05-20,1.869,46.88,5.905
1007,2025-05-21,1.716,47.62,5.903
1007,2025-05-22,1.671,45.57,5.978
1007,2025-05-23,1.626,45.8,5.991
1007,2025-05-24,1.844,44.64,5.797
1007,2025-05-25,1.687,47.15,6.034
1007,2025-05-26,,,
1007,2025-05-27,1.434,47.36,5.942
1007,2025-05-28,1.952,47.2,5.952
1007,2025-05-29,1.946,45.26,5.952
1007,2025-05-30,2.078,47.31,6.21
1007,2025-05-31,1.793,46.87,6.234
1007,2025-06-01,1.55,46.81,6.15
1007,2025-06-02,1.662,47.07,6.226
1007,2025-06-03,2.062,46.58,5.946
1007,2025-06-04,1.782,46.62,6.199
1007,2025-06-05,1.761,47.66,5.981
1007,2025-06-06,1.728,45.61,6.023
1007,2025-06-07,1.829,45.4,6.029
1007,2025-06-08,1.797,45.84,5.789
1007,2025-06-09,1.539,47.64,5.897
1007,2025-06-10,1.725,46.28,5.965
1007,2025-06-11,,,
1007,2025-06-12,2.123,43.52,5.97
1007,2025-06-13,1.818,45.89,5.861
1007,2025-06-14,1.741,46.16,5.815
1007,2025-06-15,2.105,46.88,5.99
1007,2025-06-16,1.807,47.95,5.811
1007,2025-06-17,1.612,46.42,5.812
1007,2025-06-18,1.817,45.59,5.973
1007,2025-06-19,1.977,47.45,6.015
1007,2025-06-20,2.145,48.16,5.864
1007,2025-06-21,1.747,44.04,5.722
1007,2025-06-22,1.946,47.19,6.031
1007,2025-06-23,1.777,46.9,6.111
1007,2025-06-24,2.063,45.77,5.927
1007,2025-06-25,1.891,46.13,5.932
1007,2025-06-26,1.892,46.9,5.64
1007,2025-06-27,1.65,46.63,6.124
1007,2025-06-28,1.779,46.36,5.824
1007,2025-06-29,1.778,45.44,6.096
1007,2025-06-30,1.14,46.89,5.9
1007,2025-07-01,2.008,45.94,5.967
1007,2025-07-02,1.839,46.69,5.96
1007,2025-07-03,1.801,46.02,5.719
1007,2025-07-04,1.771,46.81,6.401
1007,2025-07-05,1.846,47.35,5.754
1007,2025-07-06,1.888,46.84,6.005
1007,2025-07-07,1.587,47.26,5.867
1007,2025-07-08,1.865,45.22,5.953
1007,2025-07-09,1.863,47.07,6.195
1007,2025-07-10,1.846,46.9,5.709
1007,2025-07-11,1.552,45.98,5.967
1007,2025-07-12,1.814,46.44,6.062
1007,2025-07-13,1.591,43.8,6.006
1007,2025-07-14,1.909,46.68,6.048
1007,2025-07-15,2.097,46.19,5.876
1007,2025-07-16,2.01,44.33,5.742
1007,2025-07-17,,,
1007,2025-07-18,1.736,45.96,5.927
1007,2025-07-19,1.731,46.88,6.1
1007,2025-07-20,1.909,46.36,6.0
1007,2025-07-21,,,
1007,2025-07-22,1.737,46.69,6.003
1007,2025-07-23,1.353,46.31,6.017
1007,2025-07-24,1.675,47.1,6.018
1007,2025-07-25,1.688,47.44,5.729
1007,2025-07-26,1.736,44.33,6.075
1007,2025-07-27,2.077,46.63,5.822
1007,2025-07-28,1.577,46.01,5.931
1007,2025-07-29,1.582,45.49,6.34
1007,2025-07-30,1.957,47.91,5.803
1007,2025-07-31,1.65,47.56,6.006
1007,2025-08-01,1.809,45.57,6.032
1007,2025-08-02,1.874,45.48,6.008
1007,2025-08-03,1.844,47.42,5.989
1007,2025-08-04,1.689,45.97,5.905
1007,2025-08-05,2.019,46.27,6.287
1007,2025-08-06,,,
1007,2025-08-07,1.645,46.47,5.834
1007,2025-08-08,1.788,47.74,6.211
1007,2025-08-09,2.023,46.14,6.071
1007,2025-08-10,1.8,46.48,5.874
1007,2025-08-11,1.646,48.35,5.854
1007,2025-08-12,1.757,47.48,5.951
1007,2025-08-13,2.002,48.03,6.384
1007,2025-08-14,1.647,47.23,6.062
1007,2025-08-15,1.89,47.8,5.834
1007,2025-08-16,1.915,44.93,6.024
1007,2025-08-17,1.714,45.78,5.894
1007,2025-08-18,1.95,44.94,6.213
1007,2025-08-19,1.97,48.82,6.032
1007,2025-08-20,2.034,46.78,6.177
1007,2025-08-21,2.022,46.47,6.013
1007,2025-08-22,1.551,45.84,6.294
1007,2025-08-23,2.014,45.58,6.05
1007,2025-08-24,1.953,43.79,6.031
1007,2025-08-25,2.03,48.84,5.835
1007,2025-08-26,1.675,46.52,5.925
1007,2025-08-27,2.016,46.66,6.047
1007,2025-08-28,1.913,45.19,5.914
1007,2025-08-29,1.615,46.54,6.362
1007,2025-08-30,2.088,46.98,5.987
1007,2025-08-31,1.689,46.52,5.874
1007,2025-09-01,1.643,47.22,6.137
1007,2025-09-02,1.918,45.76,5.909
1007,2025-09-03,1.723,46.92,6.049
1007,2025-09-04,1.911,47.49,5.974
1007,2025-09-05,1.793,47.16,5.88
1007,2025-09-06,1.895,46.98,6.197
1007,2025-09-07,1.999,46.49,6.002
1007,2025-09-08,1.834,45.61,6.152
1007,2025-09-09,2.009,47.15,5.938
1007,2025-09-10,2.005,46.21,5.774
1007,2025-09-11,1.678,45.65,5.802
1007,2025-09-12,2.007,47.36,5.911
1007,2025-09-13,1.961,44.99,5.961
1007,2025-09-14,1.867,46.04,5.997
1007,2025-09-15,2.058,47.37,6.065
1007,2025-09-16,2.162,47.55,5.802
1007,2025-09-17,1.988,46.22,6.023
1007,2025-09-18,,,
1007,2025-09-19,1.927,47.14,5.886
1007,2025-09-20,1.816,46.53,6.373
1007,2025-09-21,1.789,45.83,6.179
1007,2025-09-22,1.908,47.03,5.934
1007,2025-09-23,1.778,46.76,6.257
1007,2025-09-24,2.158,46.7,6.201
1007,2025-09-25,1.895,47.71,6.122
1007,2025-09-26,1.845,46.9,6.209
1007,2025-09-27,1.994,46.14,5.951
1007,2025-09-28,1.997,46.76,5.97
1007,2025-09-29,2.071,48.54,5.859
1007,2025-09-30,1.965,45.88,6.076
1007,2025-10-01,1.835,46.33,5.8
1007,2025-10-02,1.868,45.8,5.913
1007,2025-10-03,1.423,46.95,6.057
1007,2025-10-04,1.557,45.34,5.913
1007,2025-10-05,2.043,47.05,6.04
1007,2025-10-06,1.779,47.36,6.262
1007,2025-10-07,2.193,45.82,5.841
1007,2025-10-08,2.191,45.75,6.199
1007,2025-10-09,1.599,45.11,5.886
1007,2025-10-10,1.902,46.64,5.848
1007,2025-10-11,2.402,45.48,6.022
1007,2025-10-12,1.69,45.97,6.143
1007,2025-10-13,1.919,46.18,5.881
1007,2025-10-14,1.798,45.91,5.879
1007,2025-10-15,1.796,47.43,5.922
1007,2025-10-16,1.788,48.2,5.88
1007,2025-10-17,1.839,44.47,6.017
1007,2025-10-18,1.99,45.79,5.882
1007,2025-10-19,1.687,46.85,5.95
1007,2025-10-20,1.94,45.55,6.042
1007,2025-10-21,1.705,46.06,5.926
1007,2025-10-22,1.944,46.81,6.161
1007,2025-10-23,1.904,47.99,5.887
1007,2025-10-24,1.692,47.77,5.873
1007,2025-10-25,1.87,46.31,6.294
1007,2025-10-26,1.7,46.73,6.214
1007,2025-10-27,1.679,46.24,5.999
1007,2025-10-28,2.069,46.42,6.113
1007,2025-10-29,1.489,45.43,6.039
1007,2025-10-30,1.951,44.83,5.912
1007,2025-10-31,1.98,46.23,6.09
1007,2025-11-01,1.728,47.58,6.034
1007,2025-11-02,2.054,47.36,6.181
1007,2025-11-03,2.019,44.73,5.712
1007,2025-11-04,1.591,46.41,6.109
1007,2025-11-05,1.944,45.97,6.013
1007,2025-11-06,1.933,46.89,5.885
1007,2025-11-07,1.699,45.5,5.924
1007,2025-11-08,1.954,47.51,5.928
1007,2025-11-09,1.988,46.39,5.79
1007,2025-11-10,1.703,47.18,5.902
1007,2025-11-11,1.456,47.48,6.106
1007,2025-11-12,1.921,44.66,5.761
1007,2025-11-13,1.699,46.38,5.932
1007,2025-11-14,1.509,48.11,5.634
1007,2025-11-15,1.768,46.62,5.902
1007,2025-11-16,1.38,47.64,6.047
1007,2025-11-17,1.777,47.02,5.981
1007,2025-11-18,2.134,46.1,5.995
1007,2025-11-19,1.289,46.88,5.821
1007,2025-11-20,1.932,47.65,6.074
1007,2025-11-21,1.663,47.89,5.853
1007,2025-11-22,1.763,48.05,6.125
1007,2025-11-23,1.666,45.5,6.02
1007,2025-11-24,1.966,47.43,5.931
1007,2025-11-25,1.84,45.23,6.211
1007,2025-11-26,1.691,46.47,5.929
1007,2025-11-27,1.588,46.39,6.142
1007,2025-11-28,1.76,47.23,6.004
1007,2025-11-29,2.066,46.92,5.988
1007,2025-11-30,1.607,47.85,6.139
1007,2025-12-01,1.923,45.99,6.054
1007,2025-12-02,1.908,47.44,5.987
1007,2025-12-03,1.454,46.99,5.971
1007,2025-12-04,2.057,46.61,6.02
1007,2025-12-05,1.835,45.4,6.001
1007,2025-12-06,2.277,47.17,5.94
1007,2025-12-07,2.181,46.92,5.833
1007,2025-12-08,1.794,47.39,5.6
1007,2025-12-09,1.813,46.56,5.972
1007,2025-12-10,1.647,46.35,5.952
1007,2025-12-11,1.575,46.99,6.171
1007,2025-12-12,1.998,47.06,6.056
1007,2025-12-13,1.794,47.29,6.16
1007,2025-12-14,1.764,48.49,6.249
1007,2025-12-15,1.809,45.99,5.972
1007,2025-12-16,1.975,48.61,5.862
1007,2025-12-17,2.026,43.65,6.111
1007,2025-12-18,1.843,47.56,5.899
1007,2025-12-19,1.805,45.79,5.95
1007,2025-12-20,1.863,48.61,6.204
1007,2025-12-21,2.247,45.72,6.071
1007,2025-12-22,1.437,47.66,6.153
1007,2025-12-23,1.617,45.62,5.786
1007,2025-12-24,1.936,45.47,5.994
1007,2025-12-25,1.872,47.4,6.157
1007,2025-12-26,2.083,47.47,5.796
1007,2025-12-27,2.099,45.91,6.018
1007,2025-12-28,2.23,49.0,6.049
1007,2025-12-29,1.687,46.28,5.643
1007,2025-12-30,1.963,48.16,6.228
1007,2025-12-31,1.797,45.59,5.882
1008,2024-01-01,2.114,43.8,6.478
1008,2024-01-02,1.445,42.74,6.301
1008,2024-01-03,2.326,42.14,6.318
1008,2024-01-04,1.79,42.5,6.511
1008,2024-01-05,1.599,44.14,6.422
1008,2024-01-06,1.478,42.17,6.553
1008,2024-01-07,2.001,44.51,6.393
1008,2024-01-08,1.942,41.71,6.757
1008,2024-01-09,1.784,43.66,6.411
1008,2024-01-10,1.817,44.04,6.746
1008,2024-01-11,1.861,44.6,6.339
1008,2024-01-12,1.742,42.95,6.528
1008,2024-01-13,2.058,42.61,6.61
1008,2024-01-14,1.952,41.96,6.259
1008,2024-01-15,1.803,44.29,6.309
1008,2024-01-16,1.499,43.25,6.506
1008,2024-01-17,2.101,42.92,6.613
1008,2024-01-18,1.732,42.96,6.644
1008,2024-01-19,1.62,43.63,6.527
1008,2024-01-20,2.085,43.41,6.598
1008,2024-01-21,1.927,44.56,6.28
1008,2024-01-22,1.424,41.23,6.387
1008,2024-01-23,1.495,44.22,6.655
1008,2024-01-24,1.748,42.85,6.368
1008,2024-01-25,1.576,43.3,6.413
1008,2024-01-26,1.797,43.07,6.198
1008,2024-01-27,2.351,43.3,6.42
1008,2024-01-28,2.424,44.14,6.219
1008,2024-01-29,1.819,43.6,6.499
1008,2024-01-30,1.988,41.94,6.659
1008,2024-01-31,2.006,43.39,6.439
1008,2024-02-01,1.834,43.42,6.438
1008,2024-02-02,1.859,43.75,6.39
1008,2024-02-03,2.043,43.65,6.424
1008,2024-02-04,1.956,43.84,6.288
1008,2024-02-05,,,
1008,2024-02-06,2.118,44.4,6.376
1008,2024-02-07,2.224,45.56,6.259
1008,2024-02-08,2.345,45.19,6.327
1008,2024-02-09,2.483,45.66,6.246
1008,2024-02-10,2.637,46.19,6.263
1008,2024-02-11,2.807,46.78,6.226
1008,2024-02-12,2.994,47.43,6.186
1008,2024-02-13,3.197,48.12,6.142
1008,2024-02-14,3.416,48.88,6.094
1008,2024-02-15,3.651,49.69,6.043
1008,2024-02-16,,,
1008,2024-02-17,4.17,51.48,5.93
1008,2024-02-18,4.453,52.46,5.868
1008,2024-02-19,,,
1008,2024-02-20,5.07,54.59,5.734
1008,2024-02-21,2.044,43.4,6.216
1008,2024-02-22,1.693,43.16,6.163
1008,2024-02-23,1.768,42.9,6.235
1008,2024-02-24,1.843,41.71,6.484
1008,2024-02-25,1.953,42.71,6.23
1008,2024-02-26,1.805,42.88,6.289
1008,2024-02-27,1.638,43.37,6.45
1008,2024-02-28,1.518,42.39,6.318
1008,2024-02-29,2.065,41.49,6.26
1008,2024-03-01,2.043,44.05,6.582
1008,2024-03-02,1.695,45.12,6.515
1008,2024-03-03,2.125,41.27,6.557
1008,2024-03-04,1.816,43.26,6.576
1008,2024-03-05,1.92,44.25,6.651
1008,2024-03-06,2.082,42.23,6.437
1008,2024-03-07,1.733,41.96,6.416
1008,2024-03-08,1.673,43.43,6.19
1008,2024-03-09,1.481,43.16,6.408
1008,2024-03-10,1.89,42.76,6.356
1008,2024-03-11,1.919,45.04,6.593
1008,2024-03-12,2.002,44.9,6.539
1008,2024-03-13,1.95,44.05,6.654
1008,2024-03-14,1.85,43.33,6.599
1008,2024-03-15,2.06,43.07,6.612
1008,2024-03-16,1.623,44.29,6.518
1008,2024-03-17,1.907,43.17,6.461
1008,2024-03-18,1.932,44.89,6.386
1008,2024-03-19,1.805,44.65,6.438
1008,2024-03-20,2.176,42.8,6.304
1008,2024-03-21,1.917,44.17,6.497
1008,2024-03-22,2.1,44.98,6.429
1008,2024-03-23,2.009,44.07,6.148
1008,2024-03-24,1.793,42.47,6.051
1008,2024-03-25,2.218,43.15,6.335
1008,2024-03-26,2.052,43.08,6.373
1008,2024-03-27,1.833,43.54,6.397
1008,2024-03-28,1.806,43.45,6.626
1008,2024-03-29,1.622,43.07,6.349
1008,2024-03-30,1.799,44.28,6.257
1008,2024-03-31,1.782,44.78,6.494
1008,2024-04-01,1.872,42.86,6.584
1008,2024-04-02,1.745,41.95,6.676
1008,2024-04-03,1.944,43.8,6.293
1008,2024-04-04,1.813,43.44,6.403
1008,2024-04-05,1.512,43.86,6.378
1008,2024-04-06,1.728,42.75,6.656
1008,2024-04-07,1.649,43.73,6.54
1008,2024-04-08,1.574,42.53,6.442
1008,2024-04-09,1.779,44.53,6.543
1008,2024-04-10,2.013,45.12,6.388
1008,2024-04-11,1.605,42.51,6.41
1008,2024-04-12,1.427,40.85,6.434
1008,2024-04-13,1.797,42.96,6.367
1008,2024-04-14,2.43,42.92,6.402
1008,2024-04-15,1.711,43.65,6.489
1008,2024-04-16,1.884,43.47,6.473
1008,2024-04-17,1.747,43.95,6.651
1008,2024-04-18,2.002,46.17,6.562
1008,2024-04-19,2.119,42.9,6.428
1008,2024-04-20,1.798,43.08,6.123
1008,2024-04-21,2.068,43.89,6.225
1008,2024-04-22,1.612,41.61,6.366
1008,2024-04-23,,,
1008,2024-04-24,1.575,42.84,6.25
1008,2024-04-25,1.868,42.03,6.384
1008,2024-04-26,1.707,42.62,6.454
1008,2024-04-27,1.878,43.97,6.346
1008,2024-04-28,1.605,44.31,6.417
1008,2024-04-29,1.877,44.71,6.423
1008,2024-04-30,1.853,43.91,6.336
1008,2024-05-01,1.716,42.75,6.313
1008,2024-05-02,1.669,44.03,6.418
1008,2024-05-03,1.592,43.39,6.475
1008,2024-05-04,1.751,45.81,6.287
1008,2024-05-05,1.911,41.41,6.144
1008,2024-05-06,1.804,45.09,6.299
1008,2024-05-07,1.862,44.25,6.508
1008,2024-05-08,2.085,43.89,6.205
1008,2024-05-09,1.766,43.39,6.568
1008,2024-05-10,1.89,42.92,6.352
1008,2024-05-11,1.997,42.52,6.454
1008,2024-05-12,1.934,41.92,6.325
1008,2024-05-13,1.909,45.52,6.519
1008,2024-05-14,1.847,44.42,6.442
1008,2024-05-15,2.218,44.16,6.488
1008,2024-05-16,1.816,43.85,6.157
1008,2024-05-17,1.753,41.57,6.538
1008,2024-05-18,1.95,43.21,6.195
1008,2024-05-19,2.16,43.61,6.387
1008,2024-05-20,2.115,44.65,6.509
1008,2024-05-21,1.838,42.49,6.407
1008,2024-05-22,1.998,43.76,6.506
1008,2024-05-23,1.932,43.25,6.459
1008,2024-05-24,1.846,43.52,6.448
1008,2024-05-25,1.962,42.71,6.319
1008,2024-05-26,1.956,43.86,6.578
1008,2024-05-27,1.86,43.58,6.595
1008,2024-05-28,2.178,41.63,6.358
1008,2024-05-29,1.756,44.71,6.307
1008,2024-05-30,2.111,45.7,6.464
1008,2024-05-31,2.253,42.62,6.327
1008,2024-06-01,2.256,44.65,6.454
1008,2024-06-02,1.886,42.52,6.551
1008,2024-06-03,1.795,42.97,6.529
1008,2024-06-04,1.511,45.26,6.645
1008,2024-06-05,1.82,43.7,6.5
1008,2024-06-06,2.322,45.02,6.286
1008,2024-06-07,1.517,43.8,6.313
1008,2024-06-08,1.521,44.52,6.51
1008,2024-06-09,2.0,43.34,6.706
1008,2024-06-10,,,
1008,2024-06-11,1.465,45.3,6.304
1008,2024-06-12,1.82,44.19,6.633
1008,2024-06-13,1.9,42.95,6.416
1008,2024-06-14,1.527,43.15,6.533
1008,2024-06-15,2.024,42.57,6.587
1008,2024-06-16,1.565,44.12,6.294
1008,2024-06-17,2.059,44.04,6.383
1008,2024-06-18,1.872,42.82,6.355
1008,2024-06-19,1.692,44.44,6.509
1008,2024-06-20,1.509,42.94,6.527
1008,2024-06-21,1.763,45.34,6.364
1008,2024-06-22,1.812,44.35,6.513
1008,2024-06-23,1.805,45.11,6.181
1008,2024-06-24,1.712,42.81,6.484
1008,2024-06-25,1.789,42.53,6.483
1008,2024-06-26,2.006,41.7,6.434
1008,2024-06-27,1.649,44.17,6.228
1008,2024-06-28,1.789,42.4,6.42
1008,2024-06-29,1.923,44.87,6.282
1008,2024-06-30,1.827,43.67,6.639
1008,2024-07-01,2.005,44.29,6.393
1008,2024-07-02,2.143,42.25,6.404
1008,2024-07-03,1.76,42.94,6.418
1008,2024-07-04,1.874,43.71,6.51
1008,2024-07-05,1.242,44.27,6.445
1008,2024-07-06,1.761,42.25,6.51
1008,2024-07-07,1.965,43.87,6.303
1008,2024-07-08,1.606,42.71,6.59
1008,2024-07-09,2.098,44.34,6.364
1008,2024-07-10,1.453,43.31,6.541
1008,2024-07-11,2.102,43.24,6.467
1008,2024-07-12,1.727,43.97,6.585
1008,2024-07-13,1.626,44.69,6.423
1008,2024-07-14,1.733,43.29,6.226
1008,2024-07-15,1.777,44.76,6.271
1008,2024-07-16,1.627,42.54,6.402
1008,2024-07-17,1.553,43.82,6.629
1008,2024-07-18,1.725,42.42,6.374
1008,2024-07-19,2.02,43.75,6.442
1008,2024-07-20,1.912,42.62,6.611
1008,2024-07-21,2.1,43.57,6.354
1008,2024-07-22,1.708,44.15,6.477
1008,2024-07-23,,,
1008,2024-07-24,1.763,41.78,6.349
1008,2024-07-25,1.859,43.36,6.466
1008,2024-07-26,1.923,44.05,6.581
1008,2024-07-27,,,
1008,2024-07-28,1.971,42.63,6.386
1008,2024-07-29,1.863,44.36,6.844
1008,2024-07-30,2.102,43.24,6.483
1008,2024-07-31,1.673,44.29,6.395
1008,2024-08-01,1.566,42.65,6.332
1008,2024-08-02,1.963,43.97,6.295
1008,2024-08-03,1.863,44.7,6.549
1008,2024-08-04,1.854,42.87,6.027
1008,2024-08-05,2.017,43.24,6.412
1008,2024-08-06,1.762,44.15,6.24
1008,2024-08-07,1.807,44.05,6.41
1008,2024-08-08,1.905,43.88,6.429
1008,2024-08-09,1.96,43.4,6.25
1008,2024-08-10,2.027,41.97,6.295
1008,2024-08-11,1.853,43.52,6.612
1008,2024-08-12,1.882,42.24,6.356
1008,2024-08-13,1.344,43.61,6.433
1008,2024-08-14,,,
1008,2024-08-15,1.514,44.95,6.551
1008,2024-08-16,1.82,45.41,6.606
1008,2024-08-17,2.338,43.96,6.563
1008,2024-08-18,1.763,42.68,6.512
1008,2024-08-19,1.511,43.22,6.513
1008,2024-08-20,2.152,44.4,6.267
1008,2024-08-21,1.718,44.17,6.618
1008,2024-08-22,1.796,42.83,6.355
1008,2024-08-23,1.796,44.71,6.309
1008,2024-08-24,1.976,44.24,6.381
1008,2024-08-25,1.985,44.05,6.322
1008,2024-08-26,1.804,43.17,6.492
1008,2024-08-27,2.051,43.52,6.535
1008,2024-08-28,1.648,42.81,6.614
1008,2024-08-29,1.964,43.7,6.42
1008,2024-08-30,1.704,42.86,6.35
1008,2024-08-31,1.969,44.68,6.394
1008,2024-09-01,1.694,43.56,6.269
1008,2024-09-02,1.74,43.73,6.33
1008,2024-09-03,2.124,43.84,6.715
1008,2024-09-04,1.603,43.83,6.325
1008,2024-09-05,,,
1008,2024-09-06,1.943,44.79,6.522
1008,2024-09-07,1.774,43.61,6.47
1008,2024-09-08,1.742,42.97,6.542
1008,2024-09-09,1.799,42.55,6.312
1008,2024-09-10,2.253,42.84,6.283
1008,2024-09-11,1.62,42.91,6.619
1008,2024-09-12,1.774,43.53,6.338
1008,2024-09-13,1.861,42.66,6.42
1008,2024-09-14,1.639,43.62,6.464
1008,2024-09-15,1.821,43.66,6.173
1008,2024-09-16,1.925,42.83,6.407
1008,2024-09-17,1.645,45.7,6.342
1008,2024-09-18,2.051,43.39,6.507
1008,2024-09-19,1.599,43.84,6.39
1008,2024-09-20,,,
1008,2024-09-21,1.895,43.35,6.545
1008,2024-09-22,2.465,44.18,6.074
1008,2024-09-23,1.477,44.87,6.376
1008,2024-09-24,1.884,43.43,6.336
1008,2024-09-25,2.332,42.65,6.347
1008,2024-09-26,1.708,44.05,6.432
1008,2024-09-27,,,
1008,2024-09-28,1.87,43.66,6.311
1008,2024-09-29,1.541,43.31,6.347
1008,2024-09-30,1.906,43.82,6.538
1008,2024-10-01,1.649,42.0,6.505
1008,2024-10-02,1.844,43.06,6.534
1008,2024-10-03,1.527,42.48,6.48
1008,2024-10-04,1.973,42.96,6.399
1008,2024-10-05,1.344,44.07,6.365
1008,2024-10-06,1.793,43.29,6.367
1008,2024-10-07,2.085,42.9,6.561
1008,2024-10-08,1.93,44.66,6.644
1008,2024-10-09,1.757,43.5,6.713
1008,2024-10-10,1.78,41.48,6.287
1008,2024-10-11,1.742,42.45,6.4
1008,2024-10-12,2.371,43.88,6.434
1008,2024-10-13,1.816,43.91,6.41
1008,2024-10-14,1.824,43.69,6.275
1008,2024-10-15,1.68,43.73,6.741
1008,2024-10-16,1.732,42.58,6.647
1008,2024-10-17,1.949,43.37,6.411
1008,2024-10-18,1.705,42.29,6.37
1008,2024-10-19,1.665,42.64,6.433
1008,2024-10-20,1.716,42.56,6.263
1008,2024-10-21,1.756,42.63,6.386
1008,2024-10-22,1.861,43.12,6.543
1008,2024-10-23,1.729,43.23,6.668
1008,2024-10-24,1.788,42.66,6.56
1008,2024-10-25,1.676,44.51,6.617
1008,2024-10-26,2.074,43.0,6.285
1008,2024-10-27,,,
1008,2024-10-28,,,
1008,2024-10-29,1.885,42.24,6.46
1008,2024-10-30,1.817,44.31,6.422
1008,2024-10-31,1.513,42.06,6.67
1008,2024-11-01,1.79,44.86,6.298
1008,2024-11-02,2.157,43.75,6.299
1008,2024-11-03,1.927,42.45,6.329
1008,2024-11-04,2.062,41.27,6.663
1008,2024-11-05,1.692,43.03,6.568
1008,2024-11-06,1.529,42.09,6.181
1008,2024-11-07,1.687,44.5,6.669
1008,2024-11-08,2.097,42.19,6.436
1008,2024-11-09,,,
1008,2024-11-10,1.668,43.89,6.324
1008,2024-11-11,2.047,43.42,6.701
1008,2024-11-12,1.776,43.66,6.496
1008,2024-11-13,1.787,43.16,6.621
1008,2024-11-14,1.902,44.12,6.292
1008,2024-11-15,1.844,42.48,6.533
1008,2024-11-16,1.766,43.96,6.447
1008,2024-11-17,1.877,42.21,6.402
1008,2024-11-18,1.683,43.57,6.318
1008,2024-11-19,1.818,42.28,6.334
1008,2024-11-20,1.957,43.2,6.268
1008,2024-11-21,1.614,43.98,6.34
1008,2024-11-22,1.784,44.61,6.43
1008,2024-11-23,1.598,41.62,6.517
1008,2024-11-24,1.975,42.64,6.212
1008,2024-11-25,1.949,42.43,6.287
1008,2024-11-26,2.015,44.59,6.347
1008,2024-11-27,2.033,42.54,6.201
1008,2024-11-28,2.031,44.09,6.393
1008,2024-11-29,1.97,42.88,6.396
1008,2024-11-30,1.671,41.97,6.407
1008,2024-12-01,2.013,43.5,6.492
1008,2024-12-02,1.644,42.27,6.568
1008,2024-12-03,2.293,44.11,6.548
1008,2024-12-04,1.884,44.2,6.474
1008,2024-12-05,1.945,44.7,6.518
1008,2024-12-06,1.58,42.39,6.32
1008,2024-12-07,2.041,44.94,6.3
1008,2024-12-08,2.061,44.34,6.526
1008,2024-12-09,1.512,41.62,6.514
1008,2024-12-10,1.715,45.57,6.747
1008,2024-12-11,1.733,45.05,6.402
1008,2024-12-12,1.697,42.36,6.293
1008,2024-12-13,2.103,43.71,6.475
1008,2024-12-14,2.259,42.06,6.37
1008,2024-12-15,1.613,43.25,6.307
1008,2024-12-16,2.036,43.57,6.628
1008,2024-12-17,1.774,43.99,6.709
1008,2024-12-18,2.1,42.57,6.487
1008,2024-12-19,1.336,43.36,6.341
1008,2024-12-20,1.739,42.46,6.47
1008,2024-12-21,2.069,43.76,6.426
1008,2024-12-22,1.674,44.04,6.236
1008,2024-12-23,2.064,43.45,6.553
1008,2024-12-24,1.724,44.52,6.483
1008,2024-12-25,2.054,44.13,6.613
1008,2024-12-26,1.943,43.75,6.355
1008,2024-12-27,1.742,44.53,6.432
1008,2024-12-28,1.673,42.16,6.418
1008,2024-12-29,1.792,43.35,6.188
1008,2024-12-30,2.058,41.63,6.793
1008,2024-12-31,1.824,43.36,6.136
1008,2025-01-01,1.693,42.92,6.271
1008,2025-01-02,2.49,44.2,6.384
1008,2025-01-03,1.51,42.95,6.211
1008,2025-01-04,1.78,42.75,6.495
1008,2025-01-05,1.934,43.29,6.368
1008,2025-01-06,1.826,43.39,6.439
1008,2025-01-07,1.834,43.89,6.438
1008,2025-01-08,1.858,43.49,6.432
1008,2025-01-09,1.897,43.61,6.422
1008,2025-01-10,1.952,43.78,6.409
1008,2025-01-11,2.022,44.52,6.391
1008,2025-01-12,2.108,44.26,6.37
1008,2025-01-13,,,
1008,2025-01-14,2.327,44.93,6.316
1008,2025-01-15,2.46,45.33,6.283
1008,2025-01-16,2.609,45.79,6.247
1008,2025-01-17,2.773,46.29,6.206
1008,2025-01-18,2.953,46.84,6.162
1008,2025-01-19,3.149,47.44,6.114
1008,2025-01-20,3.36,48.09,6.061
1008,2025-01-21,3.587,48.78,6.006
1008,2025-01-22,3.83,49.52,5.946
1008,2025-01-23,4.088,50.31,5.882
1008,2025-01-24,4.362,51.15,5.815
1008,2025-01-25,,,
1008,2025-01-26,4.956,52.97,5.668
1008,2025-01-27,1.913,43.77,6.479
1008,2025-01-28,1.728,43.89,6.522
1008,2025-01-29,1.487,42.01,6.558
1008,2025-01-30,2.148,43.57,6.656
1008,2025-01-31,1.947,43.82,6.295
1008,2025-02-01,1.933,44.4,6.508
1008,2025-02-02,,,
1008,2025-02-03,1.798,44.06,6.639
1008,2025-02-04,1.88,45.33,6.291
1008,2025-02-05,1.674,42.96,6.483
1008,2025-02-06,2.154,42.98,6.479
1008,2025-02-07,1.419,43.07,6.474
1008,2025-02-08,1.964,41.91,6.114
1008,2025-02-09,1.444,43.03,6.564
1008,2025-02-10,1.509,45.0,6.207
1008,2025-02-11,1.566,42.47,6.755
1008,2025-02-12,1.936,43.2,6.534
1008,2025-02-13,1.679,44.57,6.425
1008,2025-02-14,1.687,43.95,6.531
1008,2025-02-15,1.826,43.62,6.439
1008,2025-02-16,1.834,43.42,6.363
1008,2025-02-17,1.858,43.51,6.411
1008,2025-02-18,1.897,43.65,6.375
1008,2025-02-19,1.952,44.07,6.324
1008,2025-02-20,2.022,44.12,6.262
1008,2025-02-21,2.109,44.43,6.184
1008,2025-02-22,2.21,44.81,6.091
1008,2025-02-23,2.328,45.24,5.985
1008,2025-02-24,2.461,45.73,5.864
1008,2025-02-25,2.61,46.28,5.729
1008,2025-02-26,2.775,46.89,5.579
1008,2025-02-27,2.955,47.56,5.416
1008,2025-02-28,3.151,48.28,5.238
1008,2025-03-01,3.363,49.06,5.046
1008,2025-03-02,3.59,49.9,4.84
1008,2025-03-03,3.833,50.79,4.62
1008,2025-03-04,4.092,51.75,4.385
1008,2025-03-05,4.366,52.76,4.137
1008,2025-03-06,,,
1008,2025-03-07,4.962,54.95,3.596
1008,2025-03-08,,,
1008,2025-03-09,1.945,43.28,6.477
1008,2025-03-10,1.728,43.41,6.35
1008,2025-03-11,2.042,44.59,6.303
1008,2025-03-12,1.702,43.97,6.653
1008,2025-03-13,1.752,44.84,6.585
1008,2025-03-14,1.75,44.91,6.489
1008,2025-03-15,2.06,42.15,6.28
1008,2025-03-16,1.42,43.7,6.366
1008,2025-03-17,1.961,42.96,6.352
1008,2025-03-18,1.826,41.8,6.398
1008,2025-03-19,1.709,42.33,6.023
1008,2025-03-20,1.759,42.9,6.475
1008,2025-03-21,1.994,45.05,6.67
1008,2025-03-22,1.972,43.48,6.363
1008,2025-03-23,,,
1008,2025-03-24,1.678,43.37,6.483
1008,2025-03-25,1.428,42.66,6.297
1008,2025-03-26,1.696,43.57,6.505
1008,2025-03-27,1.767,43.31,6.324
1008,2025-03-28,1.718,41.79,6.378
1008,2025-03-29,2.05,42.87,6.479
1008,2025-03-30,2.262,46.71,6.434
1008,2025-03-31,1.882,44.02,6.457
1008,2025-04-01,1.449,43.3,6.308
1008,2025-04-02,2.014,44.05,6.549
1008,2025-04-03,1.677,42.44,6.284
1008,2025-04-04,1.814,43.49,6.566
1008,2025-04-05,1.974,44.26,6.372
1008,2025-04-06,1.879,41.82,6.269
1008,2025-04-07,1.792,42.68,6.43
1008,2025-04-08,1.863,43.01,6.288
1008,2025-04-09,1.957,43.12,6.365
1008,2025-04-10,1.931,42.9,6.421
1008,2025-04-11,2.22,43.67,6.557
1008,2025-04-12,1.206,44.4,6.559
1008,2025-04-13,1.649,43.74,6.513
1008,2025-04-14,1.688,44.41,6.401
1008,2025-04-15,1.97,44.43,6.22
1008,2025-04-16,1.849,42.82,6.41
1008,2025-04-17,1.975,43.67,6.396
1008,2025-04-18,1.52,43.03,6.424
1008,2025-04-19,1.761,44.05,6.365
1008,2025-04-20,1.934,43.06,6.366
1008,2025-04-21,1.795,43.22,6.56
1008,2025-04-22,1.725,45.07,6.247
1008,2025-04-23,1.859,43.23,6.444
1008,2025-04-24,2.134,41.87,6.627
1008,2025-04-25,1.383,43.52,6.33
1008,2025-04-26,2.123,43.69,6.298
1008,2025-04-27,1.86,42.91,6.41
1008,2025-04-28,1.633,43.47,6.392
1008,2025-04-29,1.936,44.4,6.481
1008,2025-04-30,1.813,42.9,6.641
1008,2025-05-01,2.047,43.22,6.424
1008,2025-05-02,1.644,42.71,6.524
1008,2025-05-03,1.998,43.73,6.358
1008,2025-05-04,1.623,43.28,6.371
1008,2025-05-05,1.869,42.5,6.485
1008,2025-05-06,1.944,43.25,6.344
1008,2025-05-07,1.788,45.19,6.618
1008,2025-05-08,1.933,41.74,6.383
1008,2025-05-09,1.686,42.05,6.419
1008,2025-05-10,2.017,43.74,6.29
1008,2025-05-11,1.704,42.05,6.379
1008,2025-05-12,1.664,45.31,6.296
1008,2025-05-13,1.782,41.95,6.371
1008,2025-05-14,1.795,42.13,6.182
1008,2025-05-15,1.637,42.9,6.441
1008,2025-05-16,1.964,44.46,6.698
1008,2025-05-17,1.78,44.19,6.167
1008,2025-05-18,1.926,43.96,6.697
1008,2025-05-19,1.506,43.7,6.424
1008,2025-05-20,1.542,44.68,6.572
1008,2025-05-21,1.752,41.63,6.294
1008,2025-05-22,1.606,43.68,6.74
1008,2025-05-23,1.778,44.8,6.284
1008,2025-05-24,1.917,42.36,6.431
1008,2025-05-25,2.028,43.72,6.671
1008,2025-05-26,2.099,44.6,6.254
1008,2025-05-27,1.962,44.63,6.099
1008,2025-05-28,1.664,43.28,6.431
1008,2025-05-29,1.915,45.23,6.329
1008,2025-05-30,1.7,43.9,6.299
1008,2025-05-31,1.913,44.45,6.307
1008,2025-06-01,1.594,42.36,6.226
1008,2025-06-02,2.074,42.67,6.648
1008,2025-06-03,1.888,42.67,6.622
1008,2025-06-04,1.748,45.13,6.241
1008,2025-06-05,1.533,41.13,6.426
1008,2025-06-06,1.862,41.62,6.374
1008,2025-06-07,1.7,44.19,6.604
1008,2025-06-08,1.856,43.55,6.318
1008,2025-06-09,1.663,40.52,6.681
1008,2025-06-10,1.697,43.02,6.442
1008,2025-06-11,1.93,43.11,6.325
1008,2025-06-12,2.101,44.59,6.428
1008,2025-06-13,1.553,41.54,6.355
1008,2025-06-14,1.767,42.89,6.775
1008,2025-06-15,1.884,44.45,6.463
1008,2025-06-16,1.775,44.15,6.37
1008,2025-06-17,1.718,42.51,6.455
1008,2025-06-18,2.239,43.13,6.66
1008,2025-06-19,1.638,41.97,6.299
1008,2025-06-20,1.878,44.74,6.192
1008,2025-06-21,1.708,42.99,6.636
1008,2025-06-22,1.786,44.65,6.532
1008,2025-06-23,1.349,44.19,6.374
1008,2025-06-24,1.983,42.55,6.429
1008,2025-06-25,1.764,43.27,6.605
1008,2025-06-26,1.613,44.04,6.037
1008,2025-06-27,2.139,43.84,6.63
1008,2025-06-28,1.751,44.9,6.415
1008,2025-06-29,1.683,44.5,6.541
1008,2025-06-30,1.637,43.73,6.433
1008,2025-07-01,2.019,44.09,6.901
1008,2025-07-02,1.812,42.72,6.349
1008,2025-07-03,1.744,42.84,6.604
1008,2025-07-04,1.541,44.0,6.053
1008,2025-07-05,1.625,43.74,6.446
1008,2025-07-06,1.875,42.34,6.558
1008,2025-07-07,1.802,43.34,6.21
1008,2025-07-08,,,
1008,2025-07-09,1.631,42.88,6.455
1008,2025-07-10,,,
1008,2025-07-11,2.343,42.5,6.617
1008,2025-07-12,1.655,42.78,6.338
1008,2025-07-13,1.361,43.97,6.492
1008,2025-07-14,1.959,43.49,6.23
1008,2025-07-15,1.71,43.58,6.701
1008,2025-07-16,1.542,42.02,6.355
1008,2025-07-17,1.919,43.39,6.631
1008,2025-07-18,1.76,43.06,6.4
1008,2025-07-19,1.613,42.64,6.391
1008,2025-07-20,1.544,42.88,6.683
1008,2025-07-21,1.781,43.14,6.31
1008,2025-07-22,1.823,44.24,6.634
1008,2025-07-23,1.45,45.25,6.387
1008,2025-07-24,2.003,43.53,6.309
1008,2025-07-25,1.552,44.86,6.315
1008,2025-07-26,2.086,43.54,6.609
1008,2025-07-27,1.872,41.99,6.428
1008,2025-07-28,1.769,43.48,6.387
1008,2025-07-29,1.873,44.67,6.214
1008,2025-07-30,1.688,44.78,6.616
1008,2025-07-31,1.793,42.57,6.597
1008,2025-08-01,2.135,45.59,6.488
1008,2025-08-02,1.692,42.71,6.556
1008,2025-08-03,1.97,42.72,5.953
1008,2025-08-04,1.627,42.92,6.36
1008,2025-08-05,1.802,44.83,6.464
1008,2025-08-06,1.999,43.82,6.455
1008,2025-08-07,1.566,44.31,6.354
1008,2025-08-08,1.873,41.28,6.475
1008,2025-08-09,1.376,43.38,6.33
1008,2025-08-10,1.577,43.32,6.341
1008,2025-08-11,1.723,44.11,6.253
1008,2025-08-12,1.983,42.98,6.46
1008,2025-08-13,1.95,44.59,6.331
1008,2025-08-14,1.623,42.77,6.364
1008,2025-08-15,1.826,43.39,6.439
1008,2025-08-16,1.843,43.44,6.433
1008,2025-08-17,1.893,44.66,6.429
1008,2025-08-18,1.977,44.17,6.209
1008,2025-08-19,2.094,44.11,6.361
1008,2025-08-20,2.244,44.51,6.374
1008,2025-08-21,2.428,45.0,6.346
1008,2025-08-22,2.645,45.58,6.312
1008,2025-08-23,2.896,46.25,6.273
1008,2025-08-24,,,
1008,2025-08-25,3.498,47.86,6.179
1008,2025-08-26,3.849,48.79,6.124
1008,2025-08-27,4.233,49.82,6.064
1008,2025-08-28,4.651,50.94,5.999
1008,2025-08-29,5.102,52.14,5.928
1008,2025-08-30,5.587,53.44,5.853
1008,2025-08-31,6.105,54.82,5.772
1008,2025-09-01,6.657,56.29,5.686
1008,2025-09-02,7.242,57.86,5.595
1008,2025-09-03,7.86,59.51,5.498
1008,2025-09-04,,,
1008,2025-09-05,1.941,43.61,6.388
1008,2025-09-06,2.196,43.21,6.462
1008,2025-09-07,1.845,44.45,6.527
1008,2025-09-08,1.749,42.69,6.597
1008,2025-09-09,1.777,42.99,6.517
1008,2025-09-10,1.929,43.76,6.506
1008,2025-09-11,1.966,43.41,6.351
1008,2025-09-12,1.635,43.69,6.697
1008,2025-09-13,1.845,43.24,6.471
1008,2025-09-14,1.937,42.66,6.406
1008,2025-09-15,1.405,44.08,6.391
1008,2025-09-16,2.081,43.52,6.259
1008,2025-09-17,1.764,44.31,6.329
1008,2025-09-18,1.981,44.73,6.211
1008,2025-09-19,1.798,43.1,6.47
1008,2025-09-20,1.758,42.73,6.427
1008,2025-09-21,1.792,43.01,6.472
1008,2025-09-22,1.865,42.82,6.252
1008,2025-09-23,1.981,41.53,6.376
1008,2025-09-24,1.754,45.03,6.343
1008,2025-09-25,1.583,43.84,6.588
1008,2025-09-26,1.668,45.7,6.216
1008,2025-09-27,1.612,42.91,6.211
1008,2025-09-28,1.959,44.02,6.632
1008,2025-09-29,1.616,43.71,6.493
1008,2025-09-30,2.112,43.38,6.204
1008,2025-10-01,1.834,44.39,6.642
1008,2025-10-02,1.79,43.45,6.663
1008,2025-10-03,2.069,43.37,6.611
1008,2025-10-04,1.734,43.6,6.13
1008,2025-10-05,1.749,41.3,6.457
1008,2025-10-06,1.964,42.76,6.309
1008,2025-10-07,1.956,42.74,6.399
1008,2025-10-08,1.609,45.04,6.202
1008,2025-10-09,2.3,44.02,6.699
1008,2025-10-10,1.922,44.21,6.335
1008,2025-10-11,1.558,44.06,6.481
1008,2025-10-12,1.774,43.27,6.56
1008,2025-10-13,1.994,45.04,6.531
1008,2025-10-14,1.853,43.25,6.501
1008,2025-10-15,1.98,42.09,6.381
1008,2025-10-16,2.282,44.06,6.472
1008,2025-10-17,1.995,44.59,6.406
1008,2025-10-18,2.211,43.55,6.098
1008,2025-10-19,1.946,43.8,6.589
1008,2025-10-20,1.677,44.38,6.345
1008,2025-10-21,2.112,44.93,6.361
1008,2025-10-22,1.67,44.01,6.377
1008,2025-10-23,2.002,45.07,6.231
1008,2025-10-24,1.941,43.73,6.257
1008,2025-10-25,1.642,45.47,6.168
1008,2025-10-26,1.67,42.13,6.509
1008,2025-10-27,1.776,44.36,6.616
1008,2025-10-28,1.892,43.73,6.45
1008,2025-10-29,2.079,43.57,6.267
1008,2025-10-30,1.828,42.22,6.635
1008,2025-10-31,2.193,44.49,6.391
1008,2025-11-01,1.988,43.27,6.2
1008,2025-11-02,1.686,42.5,6.157
1008,2025-11-03,1.691,42.85,6.466
1008,2025-11-04,1.832,43.23,6.655
1008,2025-11-05,1.711,43.55,6.381
1008,2025-11-06,1.797,42.58,6.344
1008,2025-11-07,1.971,42.57,6.398
1008,2025-11-08,1.868,43.86,6.311
1008,2025-11-09,2.011,43.39,6.357
1008,2025-11-10,1.679,45.35,6.477
1008,2025-11-11,1.644,43.05,6.33
1008,2025-11-12,1.537,44.17,6.579
1008,2025-11-13,1.461,45.13,6.292
1008,2025-11-14,1.728,43.26,6.545
1008,2025-11-15,1.831,44.4,6.49
1008,2025-11-16,1.778,43.75,6.381
1008,2025-11-17,1.82,43.51,6.394
1008,2025-11-18,2.227,45.0,6.39
1008,2025-11-19,1.601,42.5,6.69
1008,2025-11-20,1.826,43.39,6.317
1008,2025-11-21,1.84,43.45,6.438
1008,2025-11-22,,,
1008,2025-11-23,2.09,44.4,6.388
1008,2025-11-24,2.052,44.29,6.417
1008,2025-11-25,2.179,44.79,6.082
1008,2025-11-26,2.334,45.41,6.388
1008,2025-11-27,2.517,46.13,6.369
1008,2025-11-28,2.728,46.97,6.348
1008,2025-11-29,2.968,47.92,6.324
1008,2025-11-30,3.235,48.98,6.297
1008,2025-12-01,3.531,50.15,6.267
1008,2025-12-02,3.855,51.44,6.234
1008,2025-12-03,4.208,52.83,6.198
1008,2025-12-04,4.588,54.34,6.16
1008,2025-12-05,4.997,55.96,6.118
1008,2025-12-06,5.434,57.69,6.074
1008,2025-12-07,5.899,59.54,6.027
1008,2025-12-08,6.392,61.49,5.977
1008,2025-12-09,6.913,63.56,5.924
1008,2025-12-10,7.463,65.74,5.868
1008,2025-12-11,1.698,45.2,6.399
1008,2025-12-12,1.591,42.76,6.41
1008,2025-12-13,1.945,43.57,6.446
1008,2025-12-14,1.896,43.66,6.258
1008,2025-12-15,1.968,42.41,6.696
1008,2025-12-16,1.831,42.31,6.54
1008,2025-12-17,2.033,44.09,6.46
1008,2025-12-18,1.924,44.1,6.473
1008,2025-12-19,1.465,43.59,6.063
1008,2025-12-20,1.862,41.91,6.577
1008,2025-12-21,1.977,43.18,6.285
1008,2025-12-22,1.83,43.68,6.514
1008,2025-12-23,2.114,44.05,6.259
1008,2025-12-24,1.731,44.59,6.586
1008,2025-12-25,1.962,43.89,6.358
1008,2025-12-26,1.577,44.38,6.407
1008,2025-12-27,1.823,45.05,6.668
1008,2025-12-28,1.713,41.21,6.587
1008,2025-12-29,1.622,44.41,6.232
1008,2025-12-30,1.561,43.03,6.334
1008,2025-12-31,1.867,43.92,6.468
1009,2024-01-01,1.577,43.98,6.104
1009,2024-01-02,2.116,42.71,6.089
1009,2024-01-03,,,
1009,2024-01-04,,,
1009,2024-01-05,2.014,42.01,6.27
1009,2024-01-06,1.63,40.49,6.168
1009,2024-01-07,1.652,41.26,6.063
1009,2024-01-08,1.747,42.98,6.11
1009,2024-01-09,2.235,43.85,6.431
1009,2024-01-10,2.112,42.35,5.883
1009,2024-01-11,1.717,41.43,5.928
1009,2024-01-12,1.925,42.71,6.151
1009,2024-01-13,1.924,43.75,6.026
1009,2024-01-14,1.96,42.45,5.669
1009,2024-01-15,1.755,43.53,6.021
1009,2024-01-16,2.185,42.55,6.039
1009,2024-01-17,1.821,41.39,5.85
1009,2024-01-18,2.061,41.71,6.044
1009,2024-01-19,1.56,42.36,6.024
1009,2024-01-20,1.976,44.88,5.721
1009,2024-01-21,1.926,43.19,6.064
1009,2024-01-22,2.169,42.38,6.307
1009,2024-01-23,1.378,42.9,6.247
1009,2024-01-24,2.008,42.83,5.82
1009,2024-01-25,2.06,42.18,5.792
1009,2024-01-26,1.844,42.51,5.997
1009,2024-01-27,2.16,42.36,6.03
1009,2024-01-28,2.318,43.35,5.789
1009,2024-01-29,2.073,44.16,5.878
1009,2024-01-30,2.059,43.93,6.19
1009,2024-01-31,2.167,42.3,6.024
1009,2024-02-01,1.985,43.16,6.142
1009,2024-02-02,2.143,41.9,5.983
1009,2024-02-03,2.017,41.53,6.14
1009,2024-02-04,1.76,42.69,5.909
1009,2024-02-05,1.687,43.22,5.911
1009,2024-02-06,2.133,42.55,5.847
1009,2024-02-07,2.017,43.44,5.703
1009,2024-02-08,1.763,43.44,5.929
1009,2024-02-09,1.903,43.37,5.786
1009,2024-02-10,2.191,42.46,5.918
1009,2024-02-11,1.555,41.27,6.009
1009,2024-02-12,1.717,44.4,6.013
1009,2024-02-13,2.037,42.14,6.046
1009,2024-02-14,2.062,43.34,5.929
1009,2024-02-15,1.663,43.1,5.979
1009,2024-02-16,1.698,42.27,6.159
1009,2024-02-17,1.931,44.43,5.964
1009,2024-02-18,2.179,43.28,5.991
1009,2024-02-19,1.9,42.6,5.623
1009,2024-02-20,1.433,42.2,5.823
1009,2024-02-21,2.104,41.66,6.15
1009,2024-02-22,1.893,41.36,5.858
1009,2024-02-23,1.806,43.18,5.827
1009,2024-02-24,1.665,42.18,6.131
1009,2024-02-25,2.137,42.17,5.804
1009,2024-02-26,1.951,43.12,6.134
1009,2024-02-27,1.979,42.27,5.972
1009,2024-02-28,,,
1009,2024-02-29,1.985,41.98,5.681
1009,2024-03-01,2.065,42.1,6.184
1009,2024-03-02,2.241,43.52,5.716
1009,2024-03-03,1.685,41.94,5.803
1009,2024-03-04,1.883,43.22,6.104
1009,2024-03-05,1.807,43.12,5.801
1009,2024-03-06,2.234,42.62,6.062
1009,2024-03-07,1.84,40.98,5.981
1009,2024-03-08,1.575,41.32,5.946
1009,2024-03-09,1.892,41.53,5.828
1009,2024-03-10,1.751,41.34,5.887
1009,2024-03-11,1.749,43.47,6.027
1009,2024-03-12,1.808,41.75,5.839
1009,2024-03-13,,,
1009,2024-03-14,1.51,42.11,6.022
1009,2024-03-15,2.288,42.52,6.067
1009,2024-03-16,1.872,40.96,6.02
1009,2024-03-17,1.71,43.21,6.07
1009,2024-03-18,2.022,43.33,6.043
1009,2024-03-19,2.165,42.03,6.109
1009,2024-03-20,1.548,43.41,6.042
1009,2024-03-21,1.808,41.08,6.034
1009,2024-03-22,1.954,42.07,5.849
1009,2024-03-23,1.728,42.45,5.728
1009,2024-03-24,,,
1009,2024-03-25,1.898,43.75,5.989
1009,2024-03-26,1.906,42.64,5.847
1009,2024-03-27,,,
1009,2024-03-28,1.983,42.85,5.898
1009,2024-03-29,2.019,43.03,5.827
1009,2024-03-30,2.086,43.26,5.736
1009,2024-03-31,2.169,43.55,5.625
1009,2024-04-01,2.267,43.89,5.494
1009,2024-04-02,2.38,44.27,5.342
1009,2024-04-03,2.508,44.72,5.17
1009,2024-04-04,2.651,45.21,4.978
1009,2024-04-05,2.809,45.75,4.766
1009,2024-04-06,2.982,46.35,4.534
1009,2024-04-07,3.17,47.0,4.281
1009,2024-04-08,3.373,47.7,4.008
1009,2024-04-09,3.591,48.45,3.715
1009,2024-04-10,3.824,49.26,3.402
1009,2024-04-11,4.072,50.12,3.068
1009,2024-04-12,4.335,51.03,2.715
1009,2024-04-13,4.614,51.99,2.341
1009,2024-04-14,,,
1009,2024-04-15,2.156,41.28,6.181
1009,2024-04-16,,,
1009,2024-04-17,1.551,44.02,5.744
1009,2024-04-18,2.014,44.2,5.843
1009,2024-04-19,2.083,41.77,6.187
1009,2024-04-20,1.567,42.58,5.735
1009,2024-04-21,2.018,42.13,5.773
1009,2024-04-22,1.934,40.5,6.108
1009,2024-04-23,1.788,43.32,6.008
1009,2024-04-24,1.931,42.24,6.166
1009,2024-04-25,1.975,43.96,5.828
1009,2024-04-26,2.015,42.89,5.876
1009,2024-04-27,2.127,42.09,5.934
1009,2024-04-28,1.894,41.93,5.801
1009,2024-04-29,1.895,42.43,5.951
1009,2024-04-30,2.38,43.06,5.96
1009,2024-05-01,1.682,42.13,6.115
1009,2024-05-02,1.842,45.37,5.973
1009,2024-05-03,1.826,42.82,5.926
1009,2024-05-04,2.05,41.49,6.06
1009,2024-05-05,2.118,42.69,6.151
1009,2024-05-06,1.632,43.74,6.141
1009,2024-05-07,2.143,43.03,6.027
1009,2024-05-08,1.659,42.29,5.929
1009,2024-05-09,2.419,41.96,5.915
1009,2024-05-10,1.762,41.83,5.79
1009,2024-05-11,2.118,41.45,5.996
1009,2024-05-12,1.843,42.1,5.982
1009,2024-05-13,2.039,42.87,6.232
1009,2024-05-14,1.747,42.05,6.018
1009,2024-05-15,1.923,44.21,6.097
1009,2024-05-16,1.901,42.98,6.181
1009,2024-05-17,,,
1009,2024-05-18,2.056,42.58,5.889
1009,2024-05-19,1.809,44.05,5.95
1009,2024-05-20,1.832,40.94,6.004
1009,2024-05-21,1.633,42.84,5.816
1009,2024-05-22,1.869,45.25,6.114
1009,2024-05-23,1.798,43.6,6.121
1009,2024-05-24,2.074,41.72,6.061
1009,2024-05-25,2.031,42.73,6.087
1009,2024-05-26,1.752,42.38,5.822
1009,2024-05-27,1.986,45.35,6.155
1009,2024-05-28,2.16,41.95,5.894
1009,2024-05-29,1.855,42.34,5.704
1009,2024-05-30,1.662,42.29,6.004
1009,2024-05-31,2.39,41.21,6.049
1009,2024-06-01,2.008,39.37,5.884
1009,2024-06-02,2.038,42.61,5.738
1009,2024-06-03,2.399,43.12,5.814
1009,2024-06-04,1.983,42.85,5.963
1009,2024-06-05,2.089,43.15,5.606
1009,2024-06-06,2.236,43.57,5.959
1009,2024-06-07,2.427,44.11,5.942
1009,2024-06-08,2.659,44.77,5.922
1009,2024-06-09,2.934,45.55,5.898
1009,2024-06-10,3.251,46.45,5.87
1009,2024-06-11,3.61,47.46,5.816
1009,2024-06-12,4.011,48.6,5.803
1009,2024-06-13,4.455,49.86,5.763
1009,2024-06-14,4.941,51.24,5.721
1009,2024-06-15,5.469,52.74,5.674
1009,2024-06-16,,,
1009,2024-06-17,6.652,56.09,5.57
1009,2024-06-18,7.307,57.95,5.512
1009,2024-06-19,8.004,59.92,5.451
1009,2024-06-20,8.744,62.02,5.385
1009,2024-06-21,9.525,64.24,5.316
1009,2024-06-22,10.349,66.57,5.244
1009,2024-06-23,1.948,44.51,5.952
1009,2024-06-24,1.476,42.83,6.111
1009,2024-06-25,1.585,42.13,5.857
1009,2024-06-26,2.096,42.19,5.977
1009,2024-06-27,1.63,43.23,5.81
1009,2024-06-28,1.895,42.12,5.659
1009,2024-06-29,1.958,43.58,5.996
1009,2024-06-30,1.684,42.91,5.814
1009,2024-07-01,1.559,43.5,5.791
1009,2024-07-02,,,
1009,2024-07-03,1.785,41.67,5.961
1009,2024-07-04,2.0,41.88,6.043
1009,2024-07-05,1.745,43.0,6.244
1009,2024-07-06,1.97,41.84,6.013
1009,2024-07-07,1.634,43.3,6.053
1009,2024-07-08,1.621,40.59,5.807
1009,2024-07-09,1.687,41.96,6.111
1009,2024-07-10,1.771,42.45,6.113
1009,2024-07-11,1.771,40.81,5.829
1009,2024-07-12,1.83,42.01,6.084
1009,2024-07-13,1.983,41.14,6.034
1009,2024-07-14,1.789,42.54,5.954
1009,2024-07-15,2.084,42.38,5.999
1009,2024-07-16,1.764,43.35,6.348
1009,2024-07-17,2.029,41.79,5.889
1009,2024-07-18,2.159,41.01,5.936
1009,2024-07-19,2.245,42.08,6.001
1009,2024-07-20,1.499,42.74,5.959
1009,2024-07-21,2.242,42.71,5.713
1009,2024-07-22,1.543,42.78,6.083
1009,2024-07-23,2.181,43.82,6.124
1009,2024-07-24,1.894,42.27,6.245
1009,2024-07-25,1.967,42.41,5.902
1009,2024-07-26,1.707,41.78,5.797
1009,2024-07-27,2.084,42.03,6.084
1009,2024-07-28,2.034,43.64,5.832
1009,2024-07-29,1.786,42.97,5.986
1009,2024-07-30,1.773,40.04,5.925
1009,2024-07-31,2.068,43.81,6.015
1009,2024-08-01,2.104,40.66,5.919
1009,2024-08-02,2.051,42.21,6.091
1009,2024-08-03,1.821,43.58,5.848
1009,2024-08-04,1.898,42.75,6.343
1009,2024-08-05,2.085,43.17,6.103
1009,2024-08-06,2.065,43.47,5.892
1009,2024-08-07,2.123,42.91,5.842
1009,2024-08-08,1.945,42.74,5.958
1009,2024-08-09,2.004,42.98,5.916
1009,2024-08-10,2.086,43.13,5.862
1009,2024-08-11,2.191,43.42,5.847
1009,2024-08-12,2.319,43.78,5.784
1009,2024-08-13,2.471,44.2,5.71
1009,2024-08-14,2.647,44.69,5.625
1009,2024-08-15,2.846,45.24,5.528
1009,2024-08-16,,,
1009,2024-08-17,3.313,46.54,5.301
1009,2024-08-18,3.582,47.29,5.17
1009,2024-08-19,3.875,48.1,5.028
1009,2024-08-20,4.19,48.97,4.875
1009,2024-08-21,4.529,49.92,4.71
1009,2024-08-22,4.892,50.92,4.533
1009,2024-08-23,5.278,51.99,4.346
1009,2024-08-24,5.687,53.13,4.147
1009,2024-08-25,6.12,54.33,3.936
1009,2024-08-26,6.576,55.6,3.715
1009,2024-08-27,1.92,42.94,5.826
1009,2024-08-28,1.855,43.35,5.892
1009,2024-08-29,1.63,41.81,6.078
1009,2024-08-30,1.737,40.86,6.043
1009,2024-08-31,2.054,42.67,6.005
1009,2024-09-01,1.81,42.3,6.146
1009,2024-09-02,2.012,42.81,6.233
1009,2024-09-03,2.228,42.92,5.837
1009,2024-09-04,1.965,43.45,6.138
1009,2024-09-05,1.923,44.17,6.334
1009,2024-09-06,1.778,43.05,5.895
1009,2024-09-07,2.141,41.12,5.902
1009,2024-09-08,1.608,43.29,6.048
1009,2024-09-09,1.677,43.01,6.022
1009,2024-09-10,1.894,42.77,5.907
1009,2024-09-11,1.602,44.19,5.977
1009,2024-09-12,2.093,42.89,6.229
1009,2024-09-13,1.772,42.28,6.125
1009,2024-09-14,2.003,43.09,5.867
1009,2024-09-15,1.835,41.06,5.732
1009,2024-09-16,1.847,43.58,5.822
1009,2024-09-17,1.9,42.7,6.015
1009,2024-09-18,1.504,44.3,5.87
1009,2024-09-19,1.679,43.31,5.862
1009,2024-09-20,1.802,43.01,6.096
1009,2024-09-21,2.341,42.82,5.945
1009,2024-09-22,2.06,41.47,5.931
1009,2024-09-23,2.042,42.56,6.02
1009,2024-09-24,1.689,42.93,6.205
1009,2024-09-25,2.076,43.61,6.034
1009,2024-09-26,2.146,43.07,6.091
1009,2024-09-27,2.048,43.33,6.0
1009,2024-09-28,2.422,43.32,6.22
1009,2024-09-29,1.627,42.12,5.804
1009,2024-09-30,1.682,42.94,5.82
1009,2024-10-01,1.844,42.43,5.912
1009,2024-10-02,1.702,41.41,6.292
1009,2024-10-03,1.907,41.16,6.22
1009,2024-10-04,2.001,43.46,5.823
1009,2024-10-05,,,
1009,2024-10-06,1.917,44.05,6.071
1009,2024-10-07,1.978,41.81,5.999
1009,2024-10-08,2.052,44.13,6.121
1009,2024-10-09,1.765,44.18,5.915
1009,2024-10-10,1.898,42.61,5.74
1009,2024-10-11,2.135,43.13,5.983
1009,2024-10-12,1.93,44.33,5.965
1009,2024-10-13,1.97,42.86,5.758
1009,2024-10-14,2.025,43.82,5.707
1009,2024-10-15,2.096,43.3,5.84
1009,2024-10-16,2.183,43.61,5.709
1009,2024-10-17,2.286,43.96,5.698
1009,2024-10-18,2.405,44.38,5.608
1009,2024-10-19,2.54,44.85,5.507
1009,2024-10-20,2.69,45.37,5.394
1009,2024-10-21,2.856,45.95,5.269
1009,2024-10-22,3.038,46.58,5.133
1009,2024-10-23,3.236,47.27,4.984
1009,2024-10-24,3.45,48.02,4.824
1009,2024-10-25,3.68,48.82,4.651
1009,2024-10-26,3.925,49.67,4.467
1009,2024-10-27,4.186,50.58,4.271
1009,2024-10-28,4.463,51.55,4.062
1009,2024-10-29,4.756,52.57,3.842
1009,2024-10-30,5.065,53.64,3.611
1009,2024-10-31,2.095,41.79,6.051
1009,2024-11-01,1.943,41.65,6.065
1009,2024-11-02,1.893,41.74,5.769
1009,2024-11-03,,,
1009,2024-11-04,1.86,41.35,6.04
1009,2024-11-05,2.028,43.48,6.045
1009,2024-11-06,1.927,42.32,5.975
1009,2024-11-07,2.107,43.53,6.183
1009,2024-11-08,1.911,42.27,5.962
1009,2024-11-09,,,
1009,2024-11-10,1.987,41.64,6.152
1009,2024-11-11,1.782,41.57,6.041
1009,2024-11-12,2.163,43.23,5.96
1009,2024-11-13,1.968,42.1,6.1
1009,2024-11-14,2.06,43.69,6.056
1009,2024-11-15,1.682,41.96,6.082
1009,2024-11-16,1.678,43.15,5.86
1009,2024-11-17,1.859,41.84,6.059
1009,2024-11-18,1.734,40.93,6.228
1009,2024-11-19,2.019,44.06,5.947
1009,2024-11-20,1.977,42.44,6.01
1009,2024-11-21,2.14,43.6,5.954
1009,2024-11-22,2.013,42.82,6.122
1009,2024-11-23,1.669,40.95,5.681
1009,2024-11-24,,,
1009,2024-11-25,1.765,43.71,6.066
1009,2024-11-26,1.749,43.92,5.956
1009,2024-11-27,1.908,44.26,6.031
1009,2024-11-28,1.894,43.03,6.158
1009,2024-11-29,2.103,42.54,6.045
1009,2024-11-30,2.461,42.71,5.989
1009,2024-12-01,1.98,42.67,5.986
1009,2024-12-02,2.186,43.37,5.979
1009,2024-12-03,2.095,43.35,5.966
1009,2024-12-04,2.248,43.51,5.948
1009,2024-12-05,2.445,44.02,5.925
1009,2024-12-06,2.686,44.64,5.897
1009,2024-12-07,2.97,45.37,5.863
1009,2024-12-08,,,
1009,2024-12-09,3.67,47.17,5.782
1009,2024-12-10,4.086,48.24,5.733
1009,2024-12-11,4.545,49.42,5.679
1009,2024-12-12,5.048,50.71,5.62
1009,2024-12-13,5.595,52.12,5.556
1009,2024-12-14,6.185,53.64,5.487
1009,2024-12-15,6.819,55.27,5.413
1009,2024-12-16,7.497,57.01,5.334
1009,2024-12-17,8.219,58.87,5.249
1009,2024-12-18,8.985,60.84,5.16
1009,2024-12-19,9.794,62.92,5.065
1009,2024-12-20,10.647,65.11,4.965
1009,2024-12-21,2.349,42.62,5.751
1009,2024-12-22,1.77,42.73,6.006
1009,2024-12-23,1.876,41.17,6.138
1009,2024-12-24,1.898,42.61,5.802
1009,2024-12-25,1.908,42.63,5.88
1009,2024-12-26,1.937,42.7,5.965
1009,2024-12-27,1.985,42.8,5.936
1009,2024-12-28,2.052,42.95,5.894
1009,2024-12-29,2.138,43.13,5.841
1009,2024-12-30,2.244,43.46,5.776
1009,2024-12-31,2.369,43.84,5.699
1009,2025-01-01,2.513,43.94,5.61
1009,2025-01-02,2.676,44.3,5.509
1009,2025-01-03,,,
1009,2025-01-04,3.06,45.13,5.272
1009,2025-01-05,3.281,45.6,5.136
1009,2025-01-06,3.521,46.12,4.988
1009,2025-01-07,3.78,46.68,4.828
1009,2025-01-08,4.059,47.29,4.656
1009,2025-01-09,4.356,47.93,4.472
1009,2025-01-10,4.673,48.62,4.277
1009,2025-01-11,5.009,49.34,4.07
1009,2025-01-12,5.365,50.11,3.85
1009,2025-01-13,5.739,50.92,3.619
1009,2025-01-14,1.919,42.67,5.957
1009,2025-01-15,2.186,42.92,5.755
1009,2025-01-16,2.385,43.17,5.886
1009,2025-01-17,2.235,43.6,5.949
1009,2025-01-18,2.424,44.16,5.926
1009,2025-01-19,2.656,44.83,5.898
1009,2025-01-20,2.929,45.64,5.752
1009,2025-01-21,3.245,46.56,5.79
1009,2025-01-22,3.603,47.61,5.785
1009,2025-01-23,4.002,48.78,5.737
1009,2025-01-24,4.444,50.08,5.684
1009,2025-01-25,4.928,51.5,5.626
1009,2025-01-26,5.454,53.04,5.563
1009,2025-01-27,6.022,54.71,5.496
1009,2025-01-28,6.632,56.49,5.423
1009,2025-01-29,7.284,58.41,5.345
1009,2025-01-30,7.978,60.44,5.261
1009,2025-01-31,8.715,62.6,5.173
1009,2025-02-01,9.493,64.89,5.08
1009,2025-02-02,10.314,67.29,4.982
1009,2025-02-03,2.086,42.91,5.706
1009,2025-02-04,2.295,42.76,5.701
1009,2025-02-05,1.995,41.94,5.891
1009,2025-02-06,1.678,42.9,6.012
1009,2025-02-07,1.608,43.86,6.252
1009,2025-02-08,1.662,41.77,6.05
1009,2025-02-09,1.693,43.06,5.845
1009,2025-02-10,2.12,43.61,5.919
1009,2025-02-11,1.953,43.26,5.804
1009,2025-02-12,1.89,41.03,5.985
1009,2025-02-13,2.07,42.9,5.978
1009,2025-02-14,1.899,42.23,5.985
1009,2025-02-15,1.902,43.83,6.031
1009,2025-02-16,1.728,42.49,6.145
1009,2025-02-17,1.771,44.56,6.092
1009,2025-02-18,1.902,41.39,5.82
1009,2025-02-19,1.662,43.11,6.116
1009,2025-02-20,2.227,41.75,5.841
1009,2025-02-21,1.92,44.37,6.047
1009,2025-02-22,1.786,44.17,6.005
1009,2025-02-23,2.09,41.7,6.24
1009,2025-02-24,1.684,43.36,5.976
1009,2025-02-25,2.106,42.57,5.977
1009,2025-02-26,1.912,41.0,5.95
1009,2025-02-27,2.271,41.58,6.118
1009,2025-02-28,1.786,42.71,6.037
1009,2025-03-01,1.816,43.13,5.952
1009,2025-03-02,1.727,42.24,6.115
1009,2025-03-03,1.647,42.91,6.303
1009,2025-03-04,1.945,42.93,6.232
1009,2025-03-05,1.684,42.9,6.213
1009,2025-03-06,1.959,41.44,5.912
1009,2025-03-07,1.768,42.75,5.978
1009,2025-03-08,2.105,43.14,6.016
1009,2025-03-09,1.386,41.14,5.74
1009,2025-03-10,1.978,44.14,6.246
1009,2025-03-11,1.904,44.06,5.779
1009,2025-03-12,1.895,42.78,6.051
1009,2025-03-13,1.769,44.69,5.81
1009,2025-03-14,2.243,41.82,6.011
1009,2025-03-15,1.813,41.68,6.114
1009,2025-03-16,1.98,42.61,5.989
1009,2025-03-17,1.909,42.65,5.865
1009,2025-03-18,1.941,44.45,5.896
1009,2025-03-19,1.995,42.93,5.928
1009,2025-03-20,2.07,43.17,5.881
1009,2025-03-21,2.166,43.48,5.821
1009,2025-03-22,,,
1009,2025-03-23,2.423,44.32,5.621
1009,2025-03-24,2.583,44.84,5.559
1009,2025-03-25,2.765,45.43,5.444
1009,2025-03-26,2.968,46.09,5.316
1009,2025-03-27,3.193,46.82,5.175
1009,2025-03-28,3.439,47.62,5.021
1009,2025-03-29,3.706,48.49,4.852
1009,2025-03-30,3.995,49.43,4.671
1009,2025-03-31,4.305,50.44,4.476
1009,2025-04-01,4.637,51.52,4.267
1009,2025-04-02,4.99,52.67,4.046
1009,2025-04-03,5.365,53.89,3.81
1009,2025-04-04,5.76,55.17,3.561
1009,2025-04-05,6.178,56.53,3.299
1009,2025-04-06,1.95,42.67,5.8
1009,2025-04-07,1.785,43.43,5.9
1009,2025-04-08,1.683,43.23,6.057
1009,2025-04-09,2.13,42.99,5.915
1009,2025-04-10,2.261,43.27,6.019
1009,2025-04-11,1.826,41.77,6.194
1009,2025-04-12,2.123,41.97,6.434
1009,2025-04-13,1.971,41.63,6.122
1009,2025-04-14,1.766,42.28,5.849
1009,2025-04-15,1.728,42.41,6.139
1009,2025-04-16,1.838,42.25,5.992
1009,2025-04-17,1.809,43.15,6.043
1009,2025-04-18,1.828,41.68,6.135
1009,2025-04-19,1.87,42.38,6.107
1009,2025-04-20,1.669,43.47,5.799
1009,2025-04-21,2.067,44.28,5.824
1009,2025-04-22,1.669,42.67,6.032
1009,2025-04-23,1.681,43.8,6.096
1009,2025-04-24,2.079,43.97,6.303
1009,2025-04-25,2.046,41.61,6.081
1009,2025-04-26,2.184,42.86,5.938
1009,2025-04-27,1.921,41.58,5.92
1009,2025-04-28,1.766,42.24,5.887
1009,2025-04-29,2.123,43.02,5.801
1009,2025-04-30,1.875,41.37,5.8
1009,2025-05-01,1.87,43.14,5.91
1009,2025-05-02,1.725,42.48,6.006
1009,2025-05-03,1.975,42.38,5.879
1009,2025-05-04,1.422,43.15,5.994
1009,2025-05-05,1.999,41.81,5.95
1009,2025-05-06,1.495,40.95,5.958
1009,2025-05-07,2.068,42.65,5.927
1009,2025-05-08,1.584,41.91,6.034
1009,2025-05-09,2.03,42.42,5.994
1009,2025-05-10,2.388,41.53,5.602
1009,2025-05-11,1.839,41.69,6.03
1009,2025-05-12,1.661,41.6,6.007
1009,2025-05-13,2.282,41.35,5.902
1009,2025-05-14,1.806,41.81,6.016
1009,2025-05-15,1.672,41.84,5.889
1009,2025-05-16,2.145,42.64,6.009
1009,2025-05-17,1.326,45.73,5.863
1009,2025-05-18,1.598,42.0,6.092
1009,2025-05-19,1.632,41.05,6.042
1009,2025-05-20,1.756,43.18,5.778
1009,2025-05-21,1.49,41.4,5.888
1009,2025-05-22,2.059,41.73,6.094
1009,2025-05-23,2.099,42.27,6.051
1009,2025-05-24,1.883,42.65,6.012
1009,2025-05-25,1.812,42.68,5.824
1009,2025-05-26,1.582,42.85,5.891
1009,2025-05-27,1.988,42.49,6.015
1009,2025-05-28,1.754,43.69,6.034
1009,2025-05-29,2.017,43.43,5.989
1009,2025-05-30,2.098,42.07,5.869
1009,2025-05-31,,,
1009,2025-06-01,1.472,41.27,5.918
1009,2025-06-02,,,
1009,2025-06-03,2.167,42.4,5.829
1009,2025-06-04,1.949,44.47,5.872
1009,2025-06-05,2.178,41.94,5.77
1009,2025-06-06,1.448,44.09,6.06
1009,2025-06-07,1.872,41.7,6.103
1009,2025-06-08,1.859,40.95,6.121
1009,2025-06-09,1.57,41.76,5.876
1009,2025-06-10,1.766,42.94,5.88
1009,2025-06-11,2.09,43.6,6.027
1009,2025-06-12,2.003,41.74,5.922
1009,2025-06-13,1.788,43.55,5.944
1009,2025-06-14,1.96,42.09,5.944
1009,2025-06-15,2.133,42.1,5.754
1009,2025-06-16,1.679,42.3,6.176
1009,2025-06-17,1.953,44.22,5.779
1009,2025-06-18,,,
1009,2025-06-19,1.757,42.9,6.108
1009,2025-06-20,2.155,41.12,5.829
1009,2025-06-21,1.877,42.76,6.147
1009,2025-06-22,2.117,42.87,6.04
1009,2025-06-23,2.08,44.2,6.042
1009,2025-06-24,1.948,41.75,5.934
1009,2025-06-25,1.837,41.91,5.782
1009,2025-06-26,1.764,41.7,5.816
1009,2025-06-27,1.929,41.96,6.004
1009,2025-06-28,1.937,43.25,5.973
1009,2025-06-29,2.176,41.82,5.812
1009,2025-06-30,1.878,43.84,5.822
1009,2025-07-01,,,
1009,2025-07-02,2.232,41.7,5.98
1009,2025-07-03,1.96,41.96,6.053
1009,2025-07-04,1.987,41.25,6.121
1009,2025-07-05,2.217,41.17,5.935
1009,2025-07-06,1.914,43.72,6.199
1009,2025-07-07,1.975,43.45,6.094
1009,2025-07-08,2.047,41.63,6.205
1009,2025-07-09,1.872,42.15,5.861
1009,2025-07-10,1.673,44.16,6.074
1009,2025-07-11,1.603,41.88,6.148
1009,2025-07-12,1.855,42.81,5.73
1009,2025-07-13,2.12,43.09,6.124
1009,2025-07-14,2.095,42.39,6.049
1009,2025-07-15,2.221,42.4,6.123
1009,2025-07-16,2.077,42.26,6.014
1009,2025-07-17,1.766,42.7,6.156
1009,2025-07-18,1.604,41.06,5.927
1009,2025-07-19,,,
1009,2025-07-20,1.842,42.76,6.094
1009,2025-07-21,1.747,41.29,6.095
1009,2025-07-22,2.08,43.03,5.793
1009,2025-07-23,1.737,41.67,6.164
1009,2025-07-24,2.011,40.01,6.16
1009,2025-07-25,2.052,40.68,6.139
1009,2025-07-26,1.547,42.68,5.883
1009,2025-07-27,1.811,43.13,6.173
1009,2025-07-28,2.147,42.16,6.064
1009,2025-07-29,2.064,41.16,6.124
1009,2025-07-30,,,
1009,2025-07-31,1.674,43.48,5.927
1009,2025-08-01,1.755,42.53,5.887
1009,2025-08-02,1.913,41.14,5.9
1009,2025-08-03,2.147,43.03,6.12
1009,2025-08-04,1.994,42.38,5.877
1009,2025-08-05,1.878,42.41,5.9
1009,2025-08-06,,,
1009,2025-08-07,2.051,43.12,5.951
1009,2025-08-08,1.545,42.47,5.691
1009,2025-08-09,1.697,41.63,5.894
1009,2025-08-10,1.901,42.47,5.936
1009,2025-08-11,2.137,42.71,6.223
1009,2025-08-12,2.111,43.73,6.086
1009,2025-08-13,1.739,41.37,5.844
1009,2025-08-14,1.9,42.44,5.829
1009,2025-08-15,1.747,41.72,5.923
1009,2025-08-16,1.817,42.84,6.022
1009,2025-08-17,1.924,42.04,5.876
1009,2025-08-18,1.823,39.56,6.052
1009,2025-08-19,1.783,43.51,5.785
1009,2025-08-20,1.662,41.92,6.037
1009,2025-08-21,1.578,41.5,6.162
1009,2025-08-22,1.856,41.1,5.603
1009,2025-08-23,,,
1009,2025-08-24,2.018,41.3,6.026
1009,2025-08-25,1.898,42.61,5.989
1009,2025-08-26,1.916,42.71,5.987
1009,2025-08-27,2.147,42.81,5.979
1009,2025-08-28,2.055,43.05,5.972
1009,2025-08-29,2.178,43.39,5.959
1009,2025-08-30,2.335,43.82,5.942
1009,2025-08-31,2.527,44.35,5.921
1009,2025-09-01,2.753,44.98,5.897
1009,2025-09-02,3.015,45.7,5.868
1009,2025-09-03,3.312,46.52,5.836
1009,2025-09-04,3.643,47.44,5.801
1009,2025-09-05,4.01,48.45,5.761
1009,2025-09-06,4.411,49.56,5.718
1009,2025-09-07,4.847,50.77,5.671
1009,2025-09-08,5.318,52.07,5.62
1009,2025-09-09,5.824,53.47,5.565
1009,2025-09-10,6.365,54.96,5.507
1009,2025-09-11,6.941,56.56,5.445
1009,2025-09-12,7.552,58.24,5.379
1009,2025-09-13,8.197,60.03,5.31
1009,2025-09-14,8.878,61.91,5.236
1009,2025-09-15,2.136,42.56,6.162
1009,2025-09-16,1.583,43.52,6.077
1009,2025-09-17,2.002,43.27,5.951
1009,2025-09-18,1.659,42.15,6.286
1009,2025-09-19,1.637,42.76,6.069
1009,2025-09-20,1.948,43.62,6.049
1009,2025-09-21,2.1,41.96,5.946
1009,2025-09-22,2.167,41.97,6.073
1009,2025-09-23,2.16,41.76,6.369
1009,2025-09-24,1.84,44.01,6.054
1009,2025-09-25,2.051,43.24,5.747
1009,2025-09-26,1.775,43.41,6.021
1009,2025-09-27,1.787,42.22,6.266
1009,2025-09-28,,,
1009,2025-09-29,1.871,43.77,5.914
1009,2025-09-30,2.064,42.31,6.04
1009,2025-10-01,1.529,43.74,5.775
1009,2025-10-02,2.121,42.56,6.082
1009,2025-10-03,1.778,42.56,5.862
1009,2025-10-04,,,
1009,2025-10-05,2.123,43.42,5.907
1009,2025-10-06,1.665,44.3,5.885
1009,2025-10-07,1.885,42.25,6.235
1009,2025-10-08,,,
1009,2025-10-09,1.737,41.85,5.947
1009,2025-10-10,1.747,41.75,6.003
1009,2025-10-11,1.834,40.41,6.233
1009,2025-10-12,2.043,43.41,5.947
1009,2025-10-13,2.076,44.03,5.924
1009,2025-10-14,1.811,41.42,5.866
1009,2025-10-15,2.06,42.27,6.215
1009,2025-10-16,2.189,42.34,6.013
1009,2025-10-17,2.078,41.07,5.99
1009,2025-10-18,1.749,42.66,5.928
1009,2025-10-19,1.727,42.88,5.857
1009,2025-10-20,1.952,42.61,5.989
1009,2025-10-21,2.059,42.65,5.876
1009,2025-10-22,1.981,42.78,5.913
1009,2025-10-23,2.056,43.17,5.745
1009,2025-10-24,,,
1009,2025-10-25,2.335,43.64,5.914
1009,2025-10-26,2.527,44.1,5.915
1009,2025-10-27,2.755,44.63,5.769
1009,2025-10-28,3.017,45.25,5.858
1009,2025-10-29,3.314,45.95,5.823
1009,2025-10-30,3.646,46.74,5.608
1009,2025-10-31,4.012,47.6,5.741
1009,2025-11-01,4.414,48.55,5.694
1009,2025-11-02,4.851,49.58,5.643
1009,2025-11-03,5.323,50.69,5.587
1009,2025-11-04,5.829,51.89,5.528
1009,2025-11-05,6.371,53.17,5.465
1009,2025-11-06,6.948,54.53,5.397
1009,2025-11-07,7.559,55.97,5.325
1009,2025-11-08,8.206,57.5,5.25
1009,2025-11-09,8.887,59.1,5.17
1009,2025-11-10,1.925,42.89,5.902
1009,2025-11-11,1.975,42.77,6.043
1009,2025-11-12,1.898,42.61,5.989
1009,2025-11-13,1.911,42.64,5.833
1009,2025-11-14,2.028,42.72,5.946
1009,2025-11-15,2.013,42.86,5.886
1009,2025-11-16,2.101,43.06,5.959
1009,2025-11-17,2.216,43.41,5.746
1009,2025-11-18,2.355,43.61,5.751
1009,2025-11-19,2.52,43.97,5.777
1009,2025-11-20,2.71,44.39,5.867
1009,2025-11-21,2.926,44.86,5.835
1009,2025-11-22,3.167,45.39,5.799
1009,2025-11-23,3.433,45.97,5.759
1009,2025-11-24,3.725,46.61,5.716
1009,2025-11-25,4.042,47.31,5.668
1009,2025-11-26,4.385,48.06,5.617
1009,2025-11-27,4.753,48.86,5.562
1009,2025-11-28,5.146,49.72,5.503
1009,2025-11-29,5.564,50.64,5.441
1009,2025-11-30,6.008,51.61,5.374
1009,2025-12-01,6.478,52.64,5.304
1009,2025-12-02,6.973,53.72,5.23
1009,2025-12-03,1.838,43.11,6.116
1009,2025-12-04,1.974,42.49,6.013
1009,2025-12-05,1.474,42.68,5.952
1009,2025-12-06,2.099,44.04,5.961
1009,2025-12-07,2.005,41.93,6.042
1009,2025-12-08,1.811,43.41,5.861
1009,2025-12-09,1.728,42.34,6.098
1009,2025-12-10,1.659,42.56,5.845
1009,2025-12-11,1.952,41.9,6.181
1009,2025-12-12,1.928,42.8,5.937
1009,2025-12-13,1.933,40.65,5.852
1009,2025-12-14,2.238,42.35,5.944
1009,2025-12-15,1.462,43.59,5.851
1009,2025-12-16,1.755,43.42,5.966
1009,2025-12-17,1.745,41.01,5.723
1009,2025-12-18,2.086,41.5,5.914
1009,2025-12-19,1.849,42.2,5.996
1009,2025-12-20,1.711,44.44,6.041
1009,2025-12-21,1.94,42.18,5.929
1009,2025-12-22,1.979,42.59,6.161
1009,2025-12-23,2.218,42.36,5.739
1009,2025-12-24,1.949,42.9,5.954
1009,2025-12-25,,,
1009,2025-12-26,1.799,42.86,5.984
1009,2025-12-27,1.737,43.07,5.947
1009,2025-12-28,1.995,43.63,6.186
1009,2025-12-29,2.061,41.74,5.985
1009,2025-12-30,1.854,43.49,5.85
1009,2025-12-31,1.872,44.49,6.348
1010,2024-01-01,2.156,49.7,5.894
1010,2024-01-02,2.288,50.58,5.915
1010,2024-01-03,2.215,49.8,6.075
1010,2024-01-04,2.338,51.22,5.959
1010,2024-01-05,2.394,50.55,5.886
1010,2024-01-06,2.335,46.72,5.938
1010,2024-01-07,1.902,48.7,6.197
1010,2024-01-08,2.237,49.53,5.971
1010,2024-01-09,2.224,51.9,6.061
1010,2024-01-10,2.321,49.61,5.738
1010,2024-01-11,1.848,48.11,5.99
1010,2024-01-12,2.034,50.99,6.087
1010,2024-01-13,2.136,50.03,6.088
1010,2024-01-14,2.424,49.62,6.3
1010,2024-01-15,2.035,50.69,6.156
1010,2024-01-16,2.326,49.25,5.65
1010,2024-01-17,2.18,49.52,5.838
1010,2024-01-18,2.529,50.65,5.947
1010,2024-01-19,2.215,50.09,6.036
1010,2024-01-20,1.837,50.62,6.087
1010,2024-01-21,2.098,49.28,6.173
1010,2024-01-22,2.202,51.34,5.827
1010,2024-01-23,2.4,48.23,5.746
1010,2024-01-24,2.282,48.27,6.197
1010,2024-01-25,2.097,50.16,5.929
1010,2024-01-26,1.905,49.35,5.726
1010,2024-01-27,2.159,49.86,5.936
1010,2024-01-28,2.128,49.7,6.012
1010,2024-01-29,2.412,49.51,5.897
1010,2024-01-30,2.334,48.6,5.902
1010,2024-01-31,1.878,49.97,6.229
1010,2024-02-01,1.699,50.98,5.912
1010,2024-02-02,2.072,48.82,6.123
1010,2024-02-03,2.205,51.56,6.11
1010,2024-02-04,1.963,51.24,6.024
1010,2024-02-05,2.051,48.82,6.431
1010,2024-02-06,2.385,50.48,5.875
1010,2024-02-07,2.297,48.57,6.464
1010,2024-02-08,1.815,49.55,5.934
1010,2024-02-09,,,
1010,2024-02-10,2.184,49.13,6.123
1010,2024-02-11,2.113,47.81,6.244
1010,2024-02-12,2.263,49.51,6.182
1010,2024-02-13,2.267,48.62,6.025
1010,2024-02-14,2.64,48.78,6.025
1010,2024-02-15,2.198,47.7,6.254
1010,2024-02-16,2.01,49.71,6.308
1010,2024-02-17,2.055,51.58,5.998
1010,2024-02-18,2.294,49.31,6.262
1010,2024-02-19,,,
1010,2024-02-20,2.272,48.53,6.117
1010,2024-02-21,2.258,49.2,5.913
1010,2024-02-22,2.206,48.81,5.89
1010,2024-02-23,2.066,48.11,6.143
1010,2024-02-24,2.168,48.78,5.662
1010,2024-02-25,1.916,49.15,6.004
1010,2024-02-26,2.3,49.98,6.143
1010,2024-02-27,2.246,49.55,5.829
1010,2024-02-28,2.189,49.94,6.079
1010,2024-02-29,2.209,50.96,6.073
1010,2024-03-01,2.275,50.59,5.92
1010,2024-03-02,2.367,50.49,6.046
1010,2024-03-03,2.486,51.03,6.026
1010,2024-03-04,2.631,51.68,5.998
1010,2024-03-05,2.802,52.45,5.973
1010,2024-03-06,3.0,53.34,5.94
1010,2024-03-07,3.225,54.34,5.903
1010,2024-03-08,3.475,55.47,5.861
1010,2024-03-09,3.753,56.71,5.814
1010,2024-03-10,4.056,58.07,5.763
1010,2024-03-11,4.386,59.55,5.708
1010,2024-03-12,4.742,61.15,5.648
1010,2024-03-13,5.125,62.87,5.584
1010,2024-03-14,5.534,64.71,5.516
1010,2024-03-15,5.97,66.66,5.443
1010,2024-03-16,6.431,68.73,5.365
1010,2024-03-17,6.92,70.93,5.284
1010,2024-03-18,7.434,73.23,5.197
1010,2024-03-19,2.172,51.0,6.06
1010,2024-03-20,2.126,50.49,5.85
1010,2024-03-21,2.285,49.52,5.939
1010,2024-03-22,2.389,50.2,6.059
1010,2024-03-23,2.324,50.93,6.171
1010,2024-03-24,2.06,48.67,6.064
1010,2024-03-25,1.792,50.31,6.05
1010,2024-03-26,2.177,50.14,5.955
1010,2024-03-27,1.599,49.5,6.084
1010,2024-03-28,2.287,51.43,5.664
1010,2024-03-29,2.277,48.94,6.177
1010,2024-03-30,1.917,48.65,6.225
1010,2024-03-31,2.269,49.59,6.078
1010,2024-04-01,2.025,49.0,5.936
1010,2024-04-02,2.403,50.97,6.28
1010,2024-04-03,2.005,47.97,5.98
1010,2024-04-04,1.992,48.32,6.282
1010,2024-04-05,2.027,49.94,6.041
1010,2024-04-06,2.202,50.37,5.967
1010,2024-04-07,1.952,48.44,6.049
1010,2024-04-08,2.597,50.93,5.979
1010,2024-04-09,2.082,47.7,6.056
1010,2024-04-10,2.498,50.65,6.155
1010,2024-04-11,2.099,48.73,6.043
1010,2024-04-12,2.093,49.15,6.013
1010,2024-04-13,2.016,51.42,6.078
1010,2024-04-14,2.006,49.56,6.14
1010,2024-04-15,2.241,48.97,6.082
1010,2024-04-16,2.39,49.86,6.162
1010,2024-04-17,2.176,51.5,6.168
1010,2024-04-18,1.981,49.68,6.124
1010,2024-04-19,2.197,48.84,6.188
1010,2024-04-20,2.0,49.82,6.084
1010,2024-04-21,1.63,48.37,6.251
1010,2024-04-22,2.18,48.92,6.142
1010,2024-04-23,1.813,49.04,6.206
1010,2024-04-24,2.031,50.25,6.053
1010,2024-04-25,2.166,49.12,5.871
1010,2024-04-26,2.077,50.09,6.015
1010,2024-04-27,2.104,50.76,6.088
1010,2024-04-28,2.458,51.18,6.136
1010,2024-04-29,2.343,47.92,6.077
1010,2024-04-30,2.452,49.55,6.3
1010,2024-05-01,2.197,48.45,5.889
1010,2024-05-02,2.2,50.24,5.819
1010,2024-05-03,2.501,49.85,6.055
1010,2024-05-04,2.033,49.59,5.981
1010,2024-05-05,2.22,49.07,6.086
1010,2024-05-06,2.181,48.64,6.179
1010,2024-05-07,2.213,47.91,6.483
1010,2024-05-08,2.272,50.57,5.887
1010,2024-05-09,2.179,49.4,5.923
1010,2024-05-10,2.314,49.63,6.073
1010,2024-05-11,1.99,49.92,5.863
1010,2024-05-12,2.252,50.39,5.969
1010,2024-05-13,1.951,51.48,6.272
1010,2024-05-14,2.366,49.42,6.073
1010,2024-05-15,2.347,50.25,6.078
1010,2024-05-16,2.114,47.97,6.245
1010,2024-05-17,2.055,49.21,5.829
1010,2024-05-18,2.149,48.89,6.1
1010,2024-05-19,2.262,48.97,6.075
1010,2024-05-20,1.859,50.75,6.121
1010,2024-05-21,1.958,49.71,5.935
1010,2024-05-22,2.337,49.66,6.018
1010,2024-05-23,2.112,49.68,6.067
1010,2024-05-24,1.903,49.37,6.19
1010,2024-05-25,1.72,49.38,5.975
1010,2024-05-26,2.067,48.95,6.172
1010,2024-05-27,1.811,49.06,5.769
1010,2024-05-28,2.177,49.17,6.144
1010,2024-05-29,2.137,49.42,6.196
1010,2024-05-30,2.511,47.73,5.948
1010,2024-05-31,1.908,49.66,6.039
1010,2024-06-01,2.276,49.56,6.081
1010,2024-06-02,1.918,50.01,6.124
1010,2024-06-03,,,
1010,2024-06-04,2.111,48.67,6.11
1010,2024-06-05,1.986,50.39,6.048
1010,2024-06-06,2.506,48.88,6.053
1010,2024-06-07,2.14,50.07,6.122
1010,2024-06-08,2.004,48.92,6.196
1010,2024-06-09,2.601,48.4,6.119
1010,2024-06-10,1.995,48.15,6.001
1010,2024-06-11,2.077,48.99,6.032
1010,2024-06-12,2.109,49.13,5.966
1010,2024-06-13,1.998,48.38,5.954
1010,2024-06-14,2.267,51.0,6.01
1010,2024-06-15,2.381,49.61,5.998
1010,2024-06-16,1.898,48.71,6.194
1010,2024-06-17,2.156,51.08,5.907
1010,2024-06-18,2.168,50.41,6.074
1010,2024-06-19,2.204,49.66,5.91
1010,2024-06-20,2.264,49.8,6.01
1010,2024-06-21,2.347,50.01,5.955
1010,2024-06-22,2.455,50.32,5.884
1010,2024-06-23,,,
1010,2024-06-24,2.743,50.95,5.694
1010,2024-06-25,,,
1010,2024-06-26,3.126,51.87,5.44
1010,2024-06-27,3.354,52.42,5.29
1010,2024-06-28,3.605,53.02,5.123
1010,2024-06-29,3.881,53.69,4.941
1010,2024-06-30,4.18,54.4,4.743
1010,2024-07-01,4.504,55.18,4.529
1010,2024-07-02,4.851,56.01,4.3
1010,2024-07-03,5.223,56.9,4.054
1010,2024-07-04,5.618,57.85,3.793
1010,2024-07-05,6.037,58.86,3.516
1010,2024-07-06,6.481,59.92,3.223
1010,2024-07-07,,,
1010,2024-07-08,2.308,48.0,6.09
1010,2024-07-09,2.219,49.56,6.053
1010,2024-07-10,2.286,50.59,6.188
1010,2024-07-11,2.054,49.62,6.144
1010,2024-07-12,2.432,48.51,5.954
1010,2024-07-13,2.238,49.76,6.082
1010,2024-07-14,2.334,49.79,6.127
1010,2024-07-15,2.019,48.63,6.042
1010,2024-07-16,2.085,50.92,6.049
1010,2024-07-17,,,
1010,2024-07-18,,,
1010,2024-07-19,2.15,49.71,6.108
1010,2024-07-20,2.433,48.96,6.004
1010,2024-07-21,2.369,49.42,6.075
1010,2024-07-22,2.19,49.84,6.261
1010,2024-07-23,,,
1010,2024-07-24,1.859,50.19,6.177
1010,2024-07-25,2.133,49.9,6.046
1010,2024-07-26,2.039,50.81,6.618
1010,2024-07-27,2.43,48.62,6.173
1010,2024-07-28,2.45,49.68,6.09
1010,2024-07-29,2.054,49.86,6.066
1010,2024-07-30,2.174,49.89,5.863
1010,2024-07-31,2.327,47.54,6.008
1010,2024-08-01,2.247,48.56,6.371
1010,2024-08-02,2.198,49.93,6.134
1010,2024-08-03,2.339,50.18,6.041
1010,2024-08-04,2.521,49.64,6.081
1010,2024-08-05,2.171,49.79,6.089
1010,2024-08-06,1.935,50.82,5.945
1010,2024-08-07,2.127,49.27,6.098
1010,2024-08-08,2.14,48.86,6.155
1010,2024-08-09,2.075,51.09,5.87
1010,2024-08-10,2.282,50.22,6.048
1010,2024-08-11,2.289,49.45,5.689
1010,2024-08-12,2.322,48.91,5.84
1010,2024-08-13,2.24,51.2,6.202
1010,2024-08-14,2.198,49.34,6.259
1010,2024-08-15,1.952,48.82,6.349
1010,2024-08-16,2.083,50.87,5.897
1010,2024-08-17,1.983,48.17,6.07
1010,2024-08-18,2.21,49.47,6.034
1010,2024-08-19,2.126,50.23,6.235
1010,2024-08-20,2.141,49.34,6.129
1010,2024-08-21,2.249,49.11,6.094
1010,2024-08-22,2.092,50.05,6.169
1010,2024-08-23,2.352,48.42,6.017
1010,2024-08-24,2.349,49.4,6.222
1010,2024-08-25,1.968,50.33,6.034
1010,2024-08-26,2.399,48.54,6.24
1010,2024-08-27,2.084,50.98,6.109
1010,2024-08-28,2.01,49.41,6.116
1010,2024-08-29,2.088,49.54,5.92
1010,2024-08-30,1.906,49.15,5.862
1010,2024-08-31,2.213,50.18,5.858
1010,2024-09-01,2.378,49.15,6.153
1010,2024-09-02,1.859,49.84,5.775
1010,2024-09-03,,,
1010,2024-09-04,2.26,50.85,6.036
1010,2024-09-05,2.274,48.12,5.89
1010,2024-09-06,2.271,50.94,6.132
1010,2024-09-07,2.231,49.13,5.905
1010,2024-09-08,2.06,49.91,6.088
1010,2024-09-09,2.318,49.72,6.044
1010,2024-09-10,2.212,49.89,6.254
1010,2024-09-11,2.3,49.02,6.211
1010,2024-09-12,2.208,50.19,6.216
1010,2024-09-13,2.099,50.61,6.016
1010,2024-09-14,2.14,49.05,6.261
1010,2024-09-15,2.264,49.6,6.072
1010,2024-09-16,2.346,50.42,6.099
1010,2024-09-17,,,
1010,2024-09-18,1.905,49.94,6.121
1010,2024-09-19,1.838,49.88,5.892
1010,2024-09-20,2.047,50.09,6.174
1010,2024-09-21,2.021,49.28,5.856
1010,2024-09-22,2.186,49.94,6.149
1010,2024-09-23,2.09,49.34,6.072
1010,2024-09-24,2.402,49.28,6.093
1010,2024-09-25,2.031,47.3,5.926
1010,2024-09-26,2.013,47.85,6.225
1010,2024-09-27,1.991,49.98,6.061
1010,2024-09-28,2.091,50.34,6.203
1010,2024-09-29,2.179,50.05,5.978
1010,2024-09-30,2.056,49.71,5.98
1010,2024-10-01,1.972,49.31,6.092
1010,2024-10-02,1.888,50.16,6.229
1010,2024-10-03,2.182,49.21,5.894
1010,2024-10-04,2.043,49.6,6.0
1010,2024-10-05,1.96,51.08,6.01
1010,2024-10-06,2.096,48.24,6.044
1010,2024-10-07,2.21,49.02,6.017
1010,2024-10-08,2.537,49.36,6.236
1010,2024-10-09,2.456,47.72,6.183
1010,2024-10-10,1.978,48.43,6.085
1010,2024-10-11,2.061,50.65,6.203
1010,2024-10-12,1.775,50.11,6.229
1010,2024-10-13,1.773,49.47,5.994
1010,2024-10-14,1.795,50.89,5.979
1010,2024-10-15,2.32,48.63,6.181
1010,2024-10-16,2.117,51.48,6.385
1010,2024-10-17,1.867,49.54,5.744
1010,2024-10-18,2.018,49.01,5.994
1010,2024-10-19,2.05,50.67,6.194
1010,2024-10-20,2.02,50.11,5.967
1010,2024-10-21,2.425,49.8,6.206
1010,2024-10-22,1.779,49.48,6.114
1010,2024-10-23,2.059,47.81,5.903
1010,2024-10-24,2.192,47.55,6.016
1010,2024-10-25,2.237,49.59,6.135
1010,2024-10-26,1.731,50.54,5.954
1010,2024-10-27,2.181,48.81,6.166
1010,2024-10-28,1.906,49.68,6.127
1010,2024-10-29,2.036,48.05,6.039
1010,2024-10-30,2.156,49.55,6.082
1010,2024-10-31,2.292,49.6,6.031
1010,2024-11-01,,,
1010,2024-11-02,2.338,50.32,5.94
1010,2024-11-03,2.393,50.77,6.04
1010,2024-11-04,2.526,50.87,6.017
1010,2024-11-05,2.689,51.45,5.989
1010,2024-11-06,2.881,52.14,5.955
1010,2024-11-07,3.103,52.93,5.917
1010,2024-11-08,3.355,53.83,5.873
1010,2024-11-09,3.636,54.83,5.824
1010,2024-11-10,3.947,55.94,5.77
1010,2024-11-11,4.288,57.16,5.711
1010,2024-11-12,4.658,58.48,5.646
1010,2024-11-13,5.057,59.91,5.577
1010,2024-11-14,5.487,61.44,5.502
1010,2024-11-15,5.946,63.08,5.422
1010,2024-11-16,6.434,64.83,5.337
1010,2024-11-17,6.953,66.68,5.247
1010,2024-11-18,7.5,68.63,5.152
1010,2024-11-19,8.078,70.7,5.052
1010,2024-11-20,2.422,50.77,6.193
1010,2024-11-21,1.949,49.08,6.251
1010,2024-11-22,2.566,49.51,6.1
1010,2024-11-23,2.375,48.6,6.091
1010,2024-11-24,2.18,49.36,5.818
1010,2024-11-25,2.308,48.77,6.41
1010,2024-11-26,2.212,48.77,5.982
1010,2024-11-27,2.196,47.62,6.163
1010,2024-11-28,1.962,49.48,6.132
1010,2024-11-29,2.076,50.57,5.954
1010,2024-11-30,2.089,46.61,6.205
1010,2024-12-01,2.36,50.82,6.292
1010,2024-12-02,2.244,49.53,6.076
1010,2024-12-03,2.231,48.9,6.103
1010,2024-12-04,2.131,49.87,6.177
1010,2024-12-05,2.394,49.32,6.223
1010,2024-12-06,1.687,49.49,6.206
1010,2024-12-07,1.98,50.96,5.955
1010,2024-12-08,2.335,49.73,5.949
1010,2024-12-09,2.075,49.92,6.003
1010,2024-12-10,2.276,49.3,5.696
1010,2024-12-11,2.456,49.39,5.893
1010,2024-12-12,2.306,48.66,6.055
1010,2024-12-13,1.874,49.44,5.987
1010,2024-12-14,2.111,48.79,5.962
1010,2024-12-15,1.935,50.68,6.209
1010,2024-12-16,2.244,49.33,6.131
1010,2024-12-17,,,
1010,2024-12-18,2.108,50.83,6.058
1010,2024-12-19,,,
1010,2024-12-20,2.116,48.88,5.958
1010,2024-12-21,2.52,51.2,6.118
1010,2024-12-22,2.179,47.69,5.823
1010,2024-12-23,2.198,50.96,5.957
1010,2024-12-24,2.262,47.07,6.166
1010,2024-12-25,2.355,48.66,6.204
1010,2024-12-26,2.287,49.48,6.073
1010,2024-12-27,2.149,48.85,5.917
1010,2024-12-28,2.165,49.55,6.082
1010,2024-12-29,2.252,49.57,5.977
1010,2024-12-30,2.267,49.8,6.049
1010,2024-12-31,2.231,49.8,5.944
1010,2025-01-01,2.29,50.18,5.949
1010,2025-01-02,2.366,50.68,5.875
1010,2025-01-03,2.458,50.88,5.784
1010,2025-01-04,2.568,50.93,5.677
1010,2025-01-05,2.694,51.36,5.553
1010,2025-01-06,2.837,51.84,5.412
1010,2025-01-07,2.997,52.38,5.255
1010,2025-01-08,3.173,52.97,5.082
1010,2025-01-09,3.366,53.62,4.892
1010,2025-01-10,3.577,54.33,4.685
1010,2025-01-11,3.804,55.09,4.462
1010,2025-01-12,4.047,55.91,4.222
1010,2025-01-13,4.308,56.79,3.966
1010,2025-01-14,4.586,57.72,3.694
1010,2025-01-15,4.88,58.71,3.404
1010,2025-01-16,5.191,59.76,3.099
1010,2025-01-17,5.519,60.86,2.776
1010,2025-01-18,1.888,49.98,6.227
1010,2025-01-19,2.144,48.82,5.954
1010,2025-01-20,2.263,49.16,5.998
1010,2025-01-21,2.298,51.14,6.181
1010,2025-01-22,2.056,49.88,6.034
1010,2025-01-23,2.061,49.94,6.032
1010,2025-01-24,2.14,48.0,6.398
1010,2025-01-25,,,
1010,2025-01-26,1.816,48.91,5.988
1010,2025-01-27,2.312,50.01,5.962
1010,2025-01-28,2.213,48.55,6.074
1010,2025-01-29,2.416,49.91,6.326
1010,2025-01-30,1.944,50.09,6.061
1010,2025-01-31,2.375,48.11,6.041
1010,2025-02-01,1.992,49.86,6.105
1010,2025-02-02,2.213,48.67,6.038
1010,2025-02-03,2.082,50.78,6.136
1010,2025-02-04,1.691,49.91,6.446
1010,2025-02-05,2.146,49.6,5.983
1010,2025-02-06,2.231,52.55,6.052
1010,2025-02-07,2.32,50.38,6.071
1010,2025-02-08,2.037,49.18,5.781
1010,2025-02-09,1.935,50.42,6.168
1010,2025-02-10,2.291,49.83,6.073
1010,2025-02-11,2.089,50.89,5.801
1010,2025-02-12,2.355,48.57,6.043
1010,2025-02-13,2.427,51.49,6.105
1010,2025-02-14,2.113,49.06,5.954
1010,2025-02-15,2.125,49.18,6.238
1010,2025-02-16,2.02,48.83,5.997
1010,2025-02-17,1.772,49.26,5.868
1010,2025-02-18,2.156,51.45,6.197
1010,2025-02-19,2.295,49.74,6.062
1010,2025-02-20,2.359,48.5,6.102
1010,2025-02-21,2.153,49.41,5.851
1010,2025-02-22,2.509,49.8,5.884
1010,2025-02-23,2.058,50.5,5.937
1010,2025-02-24,2.153,49.24,6.059
1010,2025-02-25,2.054,49.75,6.062
1010,2025-02-26,2.074,52.46,6.279
1010,2025-02-27,2.105,49.43,6.302
1010,2025-02-28,,,
1010,2025-03-01,2.078,48.38,6.068
1010,2025-03-02,2.212,50.5,6.353
1010,2025-03-03,2.179,49.1,6.09
1010,2025-03-04,1.96,51.38,6.226
1010,2025-03-05,2.255,50.75,6.012
1010,2025-03-06,2.003,50.36,6.067
1010,2025-03-07,2.245,49.06,6.042
1010,2025-03-08,2.172,49.23,5.982
1010,2025-03-09,1.793,49.18,6.135
1010,2025-03-10,2.156,49.65,5.963
1010,2025-03-11,2.339,49.57,6.066
1010,2025-03-12,2.186,49.62,6.041
1010,2025-03-13,2.223,49.72,5.991
1010,2025-03-14,2.276,49.85,5.809
1010,2025-03-15,2.344,50.02,5.83
1010,2025-03-16,2.427,50.46,5.719
1010,2025-03-17,2.524,50.59,5.588
1010,2025-03-18,2.637,50.77,5.436
1010,2025-03-19,,,
1010,2025-03-20,2.908,51.46,5.074
1010,2025-03-21,3.066,51.86,4.862
1010,2025-03-22,,,
1010,2025-03-23,3.427,52.78,4.378
1010,2025-03-24,3.63,53.29,4.106
1010,2025-03-25,3.849,53.85,3.813
1010,2025-03-26,4.082,54.44,3.501
1010,2025-03-27,4.33,55.07,3.168
1010,2025-03-28,4.593,55.74,2.815
1010,2025-03-29,4.872,56.45,2.443
1010,2025-03-30,5.165,57.19,2.049
1010,2025-03-31,2.322,50.13,5.955
1010,2025-04-01,1.743,47.55,6.195
1010,2025-04-02,2.259,49.02,6.022
1010,2025-04-03,2.287,49.38,6.129
1010,2025-04-04,2.633,49.93,6.056
1010,2025-04-05,1.985,50.46,6.133
1010,2025-04-06,2.291,49.8,6.109
1010,2025-04-07,2.283,48.74,5.772
1010,2025-04-08,1.979,48.62,6.292
1010,2025-04-09,2.208,49.97,6.225
1010,2025-04-10,1.997,50.14,5.873
1010,2025-04-11,1.936,49.94,6.209
1010,2025-04-12,1.87,49.7,6.049
1010,2025-04-13,2.116,49.67,6.098
1010,2025-04-14,1.957,48.19,6.265
1010,2025-04-15,1.761,49.54,6.224
1010,2025-04-16,2.213,50.32,6.221
1010,2025-04-17,1.83,48.45,6.369
1010,2025-04-18,2.291,49.99,6.237
1010,2025-04-19,2.204,50.25,5.996
1010,2025-04-20,1.999,51.87,5.899
1010,2025-04-21,1.853,49.5,6.201
1010,2025-04-22,1.983,49.32,5.837
1010,2025-04-23,1.898,48.37,6.031
1010,2025-04-24,2.084,48.48,6.03
1010,2025-04-25,2.086,47.96,5.981
1010,2025-04-26,2.632,47.79,6.275
1010,2025-04-27,1.754,50.26,6.127
1010,2025-04-28,2.043,49.56,6.049
1010,2025-04-29,2.264,49.87,6.21
1010,2025-04-30,2.354,47.99,6.023
1010,2025-05-01,2.415,47.56,6.253
1010,2025-05-02,1.967,47.81,6.374
1010,2025-05-03,2.311,51.17,6.063
1010,2025-05-04,1.601,50.68,6.058
1010,2025-05-05,,,
1010,2025-05-06,2.321,49.67,5.802
1010,2025-05-07,2.293,49.73,5.902
1010,2025-05-08,1.884,48.59,5.935
1010,2025-05-09,1.996,48.93,5.851
1010,2025-05-10,1.739,50.51,6.081
1010,2025-05-11,2.012,50.27,6.124
1010,2025-05-12,1.889,50.46,6.077
1010,2025-05-13,2.208,49.89,6.077
1010,2025-05-14,2.009,49.69,6.212
1010,2025-05-15,2.271,50.07,6.235
1010,2025-05-16,2.134,49.42,6.259
1010,2025-05-17,2.09,51.25,6.061
1010,2025-05-18,2.497,49.8,6.084
1010,2025-05-19,2.382,50.11,6.292
1010,2025-05-20,1.899,49.49,6.14
1010,2025-05-21,2.423,48.92,6.27
1010,2025-05-22,2.303,49.53,6.014
1010,2025-05-23,2.413,49.25,6.075
1010,2025-05-24,2.243,48.79,5.99
1010,2025-05-25,1.806,50.38,6.078
1010,2025-05-26,2.082,51.56,6.142
1010,2025-05-27,1.683,49.87,6.017
1010,2025-05-28,1.883,49.48,6.361
1010,2025-05-29,2.02,48.87,5.869
1010,2025-05-30,2.402,48.13,6.205
1010,2025-05-31,2.163,50.19,5.926
1010,2025-06-01,2.197,50.15,6.124
1010,2025-06-02,2.299,48.8,5.971
1010,2025-06-03,1.979,49.67,6.092
1010,2025-06-04,2.37,48.74,6.092
1010,2025-06-05,2.198,50.99,5.967
1010,2025-06-06,1.968,49.7,5.907
1010,2025-06-07,2.043,50.02,5.979
1010,2025-06-08,2.107,51.28,6.084
1010,2025-06-09,2.273,47.39,6.197
1010,2025-06-10,2.432,50.0,6.31
1010,2025-06-11,2.095,49.85,5.835
1010,2025-06-12,2.111,49.3,6.146
1010,2025-06-13,2.505,49.61,6.014
1010,2025-06-14,2.777,50.83,6.083
1010,2025-06-15,,,
1010,2025-06-16,2.192,48.96,6.194
1010,2025-06-17,2.085,51.31,6.139
1010,2025-06-18,2.288,50.61,6.078
1010,2025-06-19,2.214,50.08,6.304
1010,2025-06-20,2.0,50.4,6.121
1010,2025-06-21,2.42,49.69,6.08
1010,2025-06-22,2.65,49.32,6.243
1010,2025-06-23,1.99,49.46,5.918
1010,2025-06-24,2.0,49.92,5.947
1010,2025-06-25,2.055,49.15,6.288
1010,2025-06-26,1.908,48.04,6.052
1010,2025-06-27,2.313,49.45,5.826
1010,2025-06-28,1.873,49.89,6.194
1010,2025-06-29,2.285,49.48,6.252
1010,2025-06-30,2.232,50.28,5.97
1010,2025-07-01,2.301,49.9,5.894
1010,2025-07-02,1.865,50.57,6.073
1010,2025-07-03,2.183,49.74,6.131
1010,2025-07-04,2.208,49.45,5.995
1010,2025-07-05,2.328,50.18,5.95
1010,2025-07-06,2.228,50.49,6.155
1010,2025-07-07,2.041,49.18,6.156
1010,2025-07-08,2.378,48.77,5.854
1010,2025-07-09,2.426,50.93,5.921
1010,2025-07-10,2.42,49.1,6.034
1010,2025-07-11,2.009,49.98,5.99
1010,2025-07-12,2.258,49.16,6.11
1010,2025-07-13,1.976,49.83,6.153
1010,2025-07-14,2.121,50.99,6.343
1010,2025-07-15,2.303,51.27,6.131
1010,2025-07-16,1.873,48.33,6.211
1010,2025-07-17,2.7,48.2,5.858
1010,2025-07-18,2.395,46.32,5.981
1010,2025-07-19,2.004,50.2,6.23
1010,2025-07-20,2.043,51.15,5.873
1010,2025-07-21,2.14,49.87,6.269
1010,2025-07-22,2.127,49.33,6.157
1010,2025-07-23,1.917,50.43,6.098
1010,2025-07-24,2.128,48.7,6.062
1010,2025-07-25,,,
1010,2025-07-26,2.033,50.94,5.926
1010,2025-07-27,2.507,50.83,6.004
1010,2025-07-28,2.142,50.31,6.018
1010,2025-07-29,2.078,49.12,6.254
1010,2025-07-30,2.464,49.29,5.934
1010,2025-07-31,2.217,48.72,5.99
1010,2025-08-01,2.278,51.44,5.832
1010,2025-08-02,2.042,50.84,6.102
1010,2025-08-03,2.371,49.56,6.078
1010,2025-08-04,2.09,49.55,6.234
1010,2025-08-05,2.327,49.85,6.351
1010,2025-08-06,2.281,48.97,6.155
1010,2025-08-07,2.496,50.12,5.957
1010,2025-08-08,2.351,50.1,6.111
1010,2025-08-09,2.151,50.04,6.119
1010,2025-08-10,1.946,49.66,6.07
1010,2025-08-11,2.095,47.15,5.925
1010,2025-08-12,2.019,49.42,6.127
1010,2025-08-13,2.457,48.23,5.907
1010,2025-08-14,2.067,47.96,6.066
1010,2025-08-15,1.702,51.81,6.035
1010,2025-08-16,2.23,49.12,5.712
1010,2025-08-17,2.316,49.42,6.165
1010,2025-08-18,1.974,49.31,6.38
1010,2025-08-19,2.296,48.77,6.027
1010,2025-08-20,1.894,51.19,5.991
1010,2025-08-21,2.203,49.55,6.082
1010,2025-08-22,2.177,50.07,5.892
1010,2025-08-23,2.242,49.76,6.072
1010,2025-08-24,,,
1010,2025-08-25,2.5,50.43,5.999
1010,2025-08-26,2.693,50.89,6.02
1010,2025-08-27,2.93,51.49,5.958
1010,2025-08-28,3.209,52.19,5.961
1010,2025-08-29,3.532,53.0,5.924
1010,2025-08-30,3.897,53.91,5.883
1010,2025-08-31,4.306,54.94,5.836
1010,2025-09-01,4.757,56.07,5.784
1010,2025-09-02,5.252,57.31,5.728
1010,2025-09-03,5.79,58.66,5.666
1010,2025-09-04,6.37,60.11,5.6
1010,2025-09-05,6.994,61.68,5.529
1010,2025-09-06,7.66,63.35,5.452
1010,2025-09-07,8.37,65.13,5.371
1010,2025-09-08,9.122,67.02,5.285
1010,2025-09-09,9.918,69.01,5.122
1010,2025-09-10,10.757,71.11,4.939
1010,2025-09-11,4.15,54.23,4.741
1010,2025-09-12,4.468,54.97,4.527
1010,2025-09-13,4.811,55.78,4.297
1010,2025-09-14,5.176,56.64,4.051
1010,2025-09-15,5.566,57.55,3.789
1010,2025-09-16,5.979,58.52,3.512
1010,2025-09-17,6.415,59.54,3.218
1010,2025-09-18,6.875,60.62,2.909
1010,2025-09-19,1.898,48.7,6.294
1010,2025-09-20,2.22,48.53,5.926
1010,2025-09-21,2.164,50.86,6.191
1010,2025-09-22,2.359,49.31,6.269
1010,2025-09-23,2.416,50.77,6.387
1010,2025-09-24,2.244,50.17,6.062
1010,2025-09-25,2.142,49.51,5.845
1010,2025-09-26,2.042,49.34,6.199
1010,2025-09-27,2.118,51.18,5.978
1010,2025-09-28,2.343,48.95,5.926
1010,2025-09-29,2.276,49.2,5.996
1010,2025-09-30,2.279,48.77,5.95
1010,2025-10-01,1.82,49.43,6.188
1010,2025-10-02,2.002,48.66,6.106
1010,2025-10-03,2.018,49.69,6.176
1010,2025-10-04,2.046,48.34,6.202
1010,2025-10-05,1.943,50.09,6.024
1010,2025-10-06,2.29,49.91,6.18
1010,2025-10-07,2.366,49.79,6.252
1010,2025-10-08,2.517,48.99,6.343
1010,2025-10-09,2.05,50.84,6.104
1010,2025-10-10,2.135,51.55,6.043
1010,2025-10-11,2.173,49.45,5.948
1010,2025-10-12,2.153,48.82,6.024
1010,2025-10-13,1.987,50.21,6.081
1010,2025-10-14,2.314,49.37,6.116
1010,2025-10-15,1.751,49.72,5.889
1010,2025-10-16,2.059,50.21,6.023
1010,2025-10-17,1.775,48.24,6.051
1010,2025-10-18,2.28,50.29,5.996
1010,2025-10-19,1.877,48.55,5.993
1010,2025-10-20,1.924,48.35,6.129
1010,2025-10-21,2.152,49.19,5.942
1010,2025-10-22,1.947,51.01,6.147
1010,2025-10-23,2.205,48.95,5.927
1010,2025-10-24,2.077,50.03,6.111
1010,2025-10-25,2.547,48.66,5.922
1010,2025-10-26,1.911,50.19,6.248
1010,2025-10-27,1.991,49.89,6.185
1010,2025-10-28,2.269,50.71,6.271
1010,2025-10-29,2.179,49.75,5.961
1010,2025-10-30,2.244,49.58,5.893
1010,2025-10-31,2.097,47.73,5.893
1010,2025-11-01,2.345,49.88,6.048
1010,2025-11-02,2.224,50.35,6.231
1010,2025-11-03,2.419,49.77,6.181
1010,2025-11-04,1.884,49.75,6.176
1010,2025-11-05,2.206,50.13,5.905
1010,2025-11-06,2.11,50.43,6.234
1010,2025-11-07,2.235,48.69,6.184
1010,2025-11-08,1.967,49.5,6.003
1010,2025-11-09,2.317,50.0,5.718
1010,2025-11-10,1.888,49.82,5.967
1010,2025-11-11,2.333,48.63,6.061
1010,2025-11-12,2.265,47.62,6.304
1010,2025-11-13,1.795,49.89,6.111
1010,2025-11-14,2.235,50.28,6.071
1010,2025-11-15,1.767,51.22,6.306
1010,2025-11-16,2.268,49.99,6.302
1010,2025-11-17,1.834,48.71,6.134
1010,2025-11-18,2.141,50.01,6.169
1010,2025-11-19,2.101,49.46,6.259
1010,2025-11-20,1.83,48.9,5.978
1010,2025-11-21,1.784,48.15,6.138
1010,2025-11-22,2.256,47.77,6.02
1010,2025-11-23,2.059,48.88,5.943
1010,2025-11-24,2.373,49.16,6.151
1010,2025-11-25,2.146,49.63,6.238
1010,2025-11-26,2.707,49.58,6.347
1010,2025-11-27,2.191,49.79,6.191
1010,2025-11-28,2.509,51.45,6.243
1010,2025-11-29,2.226,49.5,6.055
1010,2025-11-30,2.173,50.92,5.866
1010,2025-12-01,2.265,48.8,5.99
1010,2025-12-02,2.005,48.85,6.138
1010,2025-12-03,2.027,49.05,5.997
1010,2025-12-04,2.488,47.79,6.355
1010,2025-12-05,2.119,51.2,6.255
1010,2025-12-06,1.927,49.82,6.053
1010,2025-12-07,2.26,50.28,6.329
1010,2025-12-08,1.99,51.27,6.174
1010,2025-12-09,2.174,50.01,6.316
1010,2025-12-10,2.386,51.17,6.056
1010,2025-12-11,2.418,47.23,6.194
1010,2025-12-12,2.524,50.82,6.049
1010,2025-12-13,2.394,49.86,6.084
1010,2025-12-14,2.291,49.02,6.246
1010,2025-12-15,2.27,50.63,6.355
1010,2025-12-16,2.22,49.59,6.1
1010,2025-12-17,2.153,48.87,6.125
1010,2025-12-18,2.617,47.64,5.956
1010,2025-12-19,2.146,51.32,6.052
1010,2025-12-20,2.497,46.98,6.153
1010,2025-12-21,2.138,49.63,5.903
1010,2025-12-22,2.405,51.14,6.02
1010,2025-12-23,1.592,50.21,5.922
1010,2025-12-24,2.193,48.94,6.111
1010,2025-12-25,2.037,49.3,6.21
1010,2025-12-26,2.479,48.96,6.131
1010,2025-12-27,2.465,49.81,6.042
1010,2025-12-28,2.038,49.49,5.938
1010,2025-12-29,2.149,48.28,5.851
1010,2025-12-30,2.351,48.1,6.085
1010,2025-12-31,2.226,50.69,6.3
1011,2024-01-01,2.081,52.04,6.336
1011,2024-01-02,2.156,49.27,6.719
1011,2024-01-03,2.451,49.96,6.82
1011,2024-01-04,2.047,49.03,6.865
1011,2024-01-05,2.625,52.08,6.614
1011,2024-01-06,2.263,47.06,6.743
1011,2024-01-07,,,
1011,2024-01-08,2.57,49.48,6.786
1011,2024-01-09,2.307,50.48,7.05
1011,2024-01-10,2.341,49.24,6.549
1011,2024-01-11,2.203,48.3,6.623
1011,2024-01-12,2.414,50.86,6.736
1011,2024-01-13,2.449,49.95,6.576
1011,2024-01-14,2.147,49.03,6.828
1011,2024-01-15,2.442,49.04,6.562
1011,2024-01-16,2.502,49.04,6.782
1011,2024-01-17,2.406,49.45,6.504
1011,2024-01-18,2.172,47.58,6.602
1011,2024-01-19,2.495,49.42,6.769
1011,2024-01-20,2.578,48.68,6.821
1011,2024-01-21,2.222,49.77,6.586
1011,2024-01-22,1.965,49.62,6.503
1011,2024-01-23,2.181,48.24,6.815
1011,2024-01-24,2.319,50.63,6.58
1011,2024-01-25,2.565,50.04,6.791
1011,2024-01-26,2.545,48.39,6.927
1011,2024-01-27,2.448,48.24,6.829
1011,2024-01-28,2.193,48.6,6.502
1011,2024-01-29,2.462,49.63,6.918
1011,2024-01-30,2.314,50.55,6.9
1011,2024-01-31,2.119,48.39,6.642
1011,2024-02-01,1.972,48.51,6.667
1011,2024-02-02,2.508,49.8,6.947
1011,2024-02-03,2.003,49.23,6.78
1011,2024-02-04,2.556,49.23,6.796
1011,2024-02-05,2.749,49.16,6.897
1011,2024-02-06,2.323,48.96,6.814
1011,2024-02-07,2.154,51.02,7.158
1011,2024-02-08,2.193,50.26,6.942
1011,2024-02-09,2.186,48.95,6.757
1011,2024-02-10,2.389,50.53,6.752
1011,2024-02-11,2.508,51.16,6.689
1011,2024-02-12,2.171,49.75,6.917
1011,2024-02-13,2.252,49.59,6.554
1011,2024-02-14,2.191,48.8,6.868
1011,2024-02-15,2.536,49.41,6.645
1011,2024-02-16,,,
1011,2024-02-17,2.153,50.58,6.883
1011,2024-02-18,2.257,48.34,6.8
1011,2024-02-19,2.348,47.66,6.778
1011,2024-02-20,1.972,48.78,6.688
1011,2024-02-21,2.212,49.65,6.732
1011,2024-02-22,2.342,47.29,6.639
1011,2024-02-23,2.047,49.08,6.937
1011,2024-02-24,2.357,48.48,6.942
1011,2024-02-25,2.325,48.16,6.729
1011,2024-02-26,2.209,49.41,6.738
1011,2024-02-27,2.515,50.44,6.779
1011,2024-02-28,2.136,47.93,6.873
1011,2024-02-29,2.397,49.51,6.771
1011,2024-03-01,2.267,49.11,6.668
1011,2024-03-02,2.526,49.92,6.701
1011,2024-03-03,2.165,49.28,6.779
1011,2024-03-04,2.431,48.65,6.715
1011,2024-03-05,2.434,50.16,6.678
1011,2024-03-06,2.534,49.7,6.923
1011,2024-03-07,2.625,48.25,6.801
1011,2024-03-08,2.024,47.29,6.875
1011,2024-03-09,2.301,48.57,6.604
1011,2024-03-10,2.108,49.47,6.864
1011,2024-03-11,2.503,50.04,6.742
1011,2024-03-12,2.578,48.7,6.7
1011,2024-03-13,2.258,48.89,6.635
1011,2024-03-14,2.362,47.47,6.642
1011,2024-03-15,,,
1011,2024-03-16,2.355,49.38,6.756
1011,2024-03-17,2.29,48.69,6.726
1011,2024-03-18,1.999,49.17,7.041
1011,2024-03-19,2.179,48.29,6.811
1011,2024-03-20,2.508,48.37,6.775
1011,2024-03-21,2.034,49.54,6.725
1011,2024-03-22,2.371,47.72,6.619
1011,2024-03-23,2.358,49.28,6.617
1011,2024-03-24,2.313,50.45,6.792
1011,2024-03-25,2.469,48.7,6.509
1011,2024-03-26,2.171,48.77,6.983
1011,2024-03-27,2.582,48.43,6.975
1011,2024-03-28,2.231,47.97,6.516
1011,2024-03-29,2.511,48.68,6.922
1011,2024-03-30,2.203,47.99,6.906
1011,2024-03-31,2.366,49.03,6.91
1011,2024-04-01,2.252,48.71,6.841
1011,2024-04-02,2.639,48.13,6.987
1011,2024-04-03,2.115,49.28,6.618
1011,2024-04-04,2.194,50.24,6.67
1011,2024-04-05,2.597,50.03,6.831
1011,2024-04-06,2.471,48.97,6.747
1011,2024-04-07,2.308,49.22,6.524
1011,2024-04-08,2.266,48.2,6.863
1011,2024-04-09,2.068,48.99,6.894
1011,2024-04-10,2.263,49.89,6.708
1011,2024-04-11,2.384,49.99,6.797
1011,2024-04-12,2.548,50.57,6.884
1011,2024-04-13,2.496,47.74,6.422
1011,2024-04-14,2.595,50.78,6.656
1011,2024-04-15,,,
1011,2024-04-16,,,
1011,2024-04-17,2.249,49.24,6.553
1011,2024-04-18,2.611,50.45,6.548
1011,2024-04-19,2.337,49.21,6.773
1011,2024-04-20,2.588,48.18,7.015
1011,2024-04-21,2.01,49.54,6.554
1011,2024-04-22,2.221,48.73,6.982
1011,2024-04-23,2.161,49.19,6.884
1011,2024-04-24,2.366,49.74,6.891
1011,2024-04-25,2.164,49.99,6.939
1011,2024-04-26,2.06,49.87,6.677
1011,2024-04-27,2.301,50.18,6.91
1011,2024-04-28,1.873,47.69,6.513
1011,2024-04-29,2.201,50.37,6.62
1011,2024-04-30,2.398,48.4,6.79
1011,2024-05-01,2.094,49.32,6.857
1011,2024-05-02,2.305,48.82,6.533
1011,2024-05-03,2.145,48.08,6.454
1011,2024-05-04,,,
1011,2024-05-05,2.362,48.22,6.785
1011,2024-05-06,2.406,48.68,6.845
1011,2024-05-07,2.4,50.67,6.729
1011,2024-05-08,2.17,46.99,6.544
1011,2024-05-09,2.611,47.56,6.911
1011,2024-05-10,2.379,50.17,6.858
1011,2024-05-11,2.19,48.82,6.766
1011,2024-05-12,2.575,50.0,7.069
1011,2024-05-13,2.239,49.21,6.777
1011,2024-05-14,2.696,48.75,6.969
1011,2024-05-15,2.481,49.92,6.72
1011,2024-05-16,2.296,48.53,6.303
1011,2024-05-17,2.223,48.68,6.566
1011,2024-05-18,,,
1011,2024-05-19,,,
1011,2024-05-20,2.263,47.8,6.918
1011,2024-05-21,2.58,47.59,6.483
1011,2024-05-22,2.353,50.15,6.85
1011,2024-05-23,2.302,51.14,6.699
1011,2024-05-24,2.4,50.4,6.878
1011,2024-05-25,2.257,48.6,6.797
1011,2024-05-26,2.074,48.72,6.591
1011,2024-05-27,2.029,48.24,6.828
1011,2024-05-28,2.595,49.23,6.736
1011,2024-05-29,2.264,50.26,6.877
1011,2024-05-30,2.631,49.16,7.034
1011,2024-05-31,2.689,49.21,6.712
1011,2024-06-01,2.374,46.02,6.989
1011,2024-06-02,2.469,49.53,6.727
1011,2024-06-03,2.249,48.04,6.834
1011,2024-06-04,,,
1011,2024-06-05,2.336,49.59,6.641
1011,2024-06-06,2.318,49.35,6.761
1011,2024-06-07,2.614,49.97,6.675
1011,2024-06-08,2.301,50.76,6.827
1011,2024-06-09,2.496,46.97,6.583
1011,2024-06-10,2.344,47.69,6.597
1011,2024-06-11,2.442,50.88,6.873
1011,2024-06-12,2.68,49.72,6.823
1011,2024-06-13,2.016,48.53,6.828
1011,2024-06-14,2.549,48.98,6.828
1011,2024-06-15,2.198,49.26,6.9
1011,2024-06-16,2.359,50.3,6.814
1011,2024-06-17,,,
1011,2024-06-18,2.227,49.25,6.626
1011,2024-06-19,2.053,47.92,6.82
1011,2024-06-20,1.795,50.71,6.631
1011,2024-06-21,2.741,49.7,6.556
1011,2024-06-22,2.491,48.78,6.709
1011,2024-06-23,2.273,47.92,6.841
1011,2024-06-24,1.954,49.23,6.746
1011,2024-06-25,2.453,50.13,7.012
1011,2024-06-26,2.631,51.56,6.845
1011,2024-06-27,2.406,51.17,6.807
1011,2024-06-28,1.982,48.89,6.76
1011,2024-06-29,2.217,48.85,6.541
1011,2024-06-30,2.372,48.29,6.751
1011,2024-07-01,2.306,49.73,6.747
1011,2024-07-02,2.54,48.51,7.007
1011,2024-07-03,2.129,49.85,6.624
1011,2024-07-04,2.193,49.59,6.725
1011,2024-07-05,1.828,49.69,6.635
1011,2024-07-06,2.544,48.3,6.766
1011,2024-07-07,2.446,50.42,6.483
1011,2024-07-08,2.233,49.08,6.788
1011,2024-07-09,1.963,48.06,6.746
1011,2024-07-10,2.491,49.24,6.771
1011,2024-07-11,2.038,49.45,7.14
1011,2024-07-12,2.065,49.34,6.731
1011,2024-07-13,1.935,50.22,6.817
1011,2024-07-14,2.035,50.48,6.741
1011,2024-07-15,2.129,51.56,6.907
1011,2024-07-16,2.1,49.19,7.081
1011,2024-07-17,2.536,50.5,6.999
1011,2024-07-18,2.459,46.69,6.794
1011,2024-07-19,2.332,51.17,6.552
1011,2024-07-20,2.203,49.26,6.809
1011,2024-07-21,2.307,50.56,6.494
1011,2024-07-22,2.052,49.05,6.611
1011,2024-07-23,2.395,49.83,6.654
1011,2024-07-24,2.129,49.92,6.576
1011,2024-07-25,2.214,48.68,6.743
1011,2024-07-26,2.383,48.72,6.688
1011,2024-07-27,2.14,46.39,6.631
1011,2024-07-28,2.037,49.85,6.8
1011,2024-07-29,2.519,49.13,6.632
1011,2024-07-30,1.969,49.07,6.937
1011,2024-07-31,2.058,50.52,6.839
1011,2024-08-01,2.08,49.64,6.677
1011,2024-08-02,2.169,49.53,6.809
1011,2024-08-03,2.286,47.4,6.64
1011,2024-08-04,1.669,49.45,6.648
1011,2024-08-05,2.214,49.0,6.897
1011,2024-08-06,2.596,50.28,6.501
1011,2024-08-07,2.553,48.8,6.812
1011,2024-08-08,2.491,48.07,7.033
1011,2024-08-09,2.297,49.06,6.406
1011,2024-08-10,2.358,51.15,7.105
1011,2024-08-11,2.203,48.42,6.45
1011,2024-08-12,1.978,50.58,6.402
1011,2024-08-13,2.386,49.12,6.422
1011,2024-08-14,2.531,47.26,6.565
1011,2024-08-15,2.374,49.92,6.651
1011,2024-08-16,2.308,51.66,6.452
1011,2024-08-17,2.488,49.75,6.71
1011,2024-08-18,2.378,49.32,6.734
1011,2024-08-19,2.54,49.35,6.622
1011,2024-08-20,2.349,49.45,6.694
1011,2024-08-21,2.393,52.18,6.644
1011,2024-08-22,2.455,49.85,6.575
1011,2024-08-23,2.535,50.11,6.485
1011,2024-08-24,2.632,50.45,6.376
1011,2024-08-25,2.746,50.86,6.246
1011,2024-08-26,2.879,51.33,6.097
1011,2024-08-27,3.029,51.86,5.928
1011,2024-08-28,3.196,52.46,5.738
1011,2024-08-29,3.382,53.12,5.529
1011,2024-08-30,3.585,53.84,5.3
1011,2024-08-31,3.805,54.62,5.051
1011,2024-09-01,4.044,55.47,4.783
1011,2024-09-02,4.3,56.38,4.494
1011,2024-09-03,4.573,57.35,4.185
1011,2024-09-04,4.864,58.39,3.857
1011,2024-09-05,5.173,59.48,3.508
1011,2024-09-06,5.5,60.64,3.14
1011,2024-09-07,5.844,61.87,2.751
1011,2024-09-08,2.123,50.74,6.632
1011,2024-09-09,2.298,50.69,6.613
1011,2024-09-10,2.273,47.69,6.904
1011,2024-09-11,2.411,48.13,6.689
1011,2024-09-12,2.488,48.37,6.481
1011,2024-09-13,2.277,49.08,6.834
1011,2024-09-14,2.597,49.46,6.808
1011,2024-09-15,2.217,49.22,6.821
1011,2024-09-16,2.235,49.37,6.524
1011,2024-09-17,2.331,49.75,6.862
1011,2024-09-18,2.262,48.0,6.644
1011,2024-09-19,2.472,47.1,6.877
1011,2024-09-20,1.735,49.59,6.548
1011,2024-09-21,1.954,50.55,6.591
1011,2024-09-22,1.872,49.49,6.437
1011,2024-09-23,2.599,48.88,6.619
1011,2024-09-24,2.481,49.86,6.901
1011,2024-09-25,2.173,48.97,6.774
1011,2024-09-26,2.393,47.99,6.651
1011,2024-09-27,1.955,48.92,6.948
1011,2024-09-28,2.251,50.07,6.77
1011,2024-09-29,2.615,49.63,6.856
1011,2024-09-30,2.446,49.99,6.79
1011,2024-10-01,2.749,48.8,6.722
1011,2024-10-02,2.214,49.86,6.759
1011,2024-10-03,2.549,50.74,6.805
1011,2024-10-04,2.336,48.97,6.911
1011,2024-10-05,2.379,48.81,6.83
1011,2024-10-06,2.367,50.54,6.873
1011,2024-10-07,2.472,49.41,6.567
1011,2024-10-08,2.585,49.32,6.45
1011,2024-10-09,2.328,49.35,6.732
1011,2024-10-10,2.392,50.62,6.727
1011,2024-10-11,2.419,49.67,6.719
1011,2024-10-12,2.501,51.18,6.583
1011,2024-10-13,2.606,50.11,6.691
1011,2024-10-14,2.735,50.46,6.574
1011,2024-10-15,2.887,50.87,6.65
1011,2024-10-16,3.062,51.35,6.624
1011,2024-10-17,3.261,51.89,6.595
1011,2024-10-18,3.483,52.49,6.563
1011,2024-10-19,3.728,53.16,6.527
1011,2024-10-20,3.997,53.88,6.487
1011,2024-10-21,4.289,54.68,6.444
1011,2024-10-22,4.605,55.53,6.398
1011,2024-10-23,4.944,56.45,6.349
1011,2024-10-24,5.306,57.43,6.295
1011,2024-10-25,5.692,58.48,6.239
1011,2024-10-26,6.101,59.59,6.179
1011,2024-10-27,6.534,60.76,6.116
1011,2024-10-28,6.99,61.99,6.049
1011,2024-10-29,2.748,48.91,6.843
1011,2024-10-30,2.179,50.95,6.783
1011,2024-10-31,2.409,48.37,6.98
1011,2024-11-01,2.19,50.6,6.362
1011,2024-11-02,2.772,49.05,6.638
1011,2024-11-03,2.409,49.85,6.471
1011,2024-11-04,2.407,49.56,6.732
1011,2024-11-05,2.398,49.48,6.726
1011,2024-11-06,2.45,49.67,6.716
1011,2024-11-07,2.555,50.28,6.702
1011,2024-11-08,2.691,50.3,6.685
1011,2024-11-09,2.857,50.73,6.663
1011,2024-11-10,3.053,51.24,6.637
1011,2024-11-11,3.279,51.82,6.424
1011,2024-11-12,3.535,52.48,6.574
1011,2024-11-13,3.822,53.23,6.536
1011,2024-11-14,4.138,54.05,6.495
1011,2024-11-15,4.485,54.94,6.449
1011,2024-11-16,4.862,55.92,6.4
1011,2024-11-17,5.269,56.97,6.346
1011,2024-11-18,5.706,58.1,6.289
1011,2024-11-19,6.173,59.31,6.228
1011,2024-11-20,6.671,60.6,6.162
1011,2024-11-21,7.198,61.97,6.093
1011,2024-11-22,7.756,63.41,6.02
1011,2024-11-23,8.344,64.93,5.943
1011,2024-11-24,2.321,48.87,6.795
1011,2024-11-25,2.04,49.79,6.822
1011,2024-11-26,2.374,49.07,6.953
1011,2024-11-27,2.33,50.07,6.728
1011,2024-11-28,2.253,49.46,6.698
1011,2024-11-29,2.511,48.94,6.644
1011,2024-11-30,2.07,47.79,6.909
1011,2024-12-01,2.646,50.31,6.645
1011,2024-12-02,2.412,47.83,6.609
1011,2024-12-03,2.447,48.72,6.701
1011,2024-12-04,2.386,51.09,6.732
1011,2024-12-05,2.187,49.57,6.797
1011,2024-12-06,2.216,49.41,6.64
1011,2024-12-07,2.524,49.45,7.004
1011,2024-12-08,2.327,49.57,7.03
1011,2024-12-09,2.395,48.99,6.564
1011,2024-12-10,2.26,49.67,6.758
1011,2024-12-11,2.502,49.17,6.582
1011,2024-12-12,2.463,49.0,6.693
1011,2024-12-13,2.067,49.8,6.547
1011,2024-12-14,2.729,49.96,6.692
1011,2024-12-15,2.543,49.68,6.777
1011,2024-12-16,2.5,50.28,6.762
1011,2024-12-17,2.398,51.19,6.53
1011,2024-12-18,2.32,51.04,6.429
1011,2024-12-19,2.506,49.44,6.452
1011,2024-12-20,2.856,48.25,6.922
1011,2024-12-21,2.313,50.47,6.708
1011,2024-12-22,2.108,49.45,6.747
1011,2024-12-23,2.325,50.11,6.958
1011,2024-12-24,2.346,48.99,6.582
1011,2024-12-25,2.526,50.19,6.799
1011,2024-12-26,2.082,48.24,6.632
1011,2024-12-27,2.242,49.51,6.764
1011,2024-12-28,2.266,48.01,6.447
1011,2024-12-29,2.529,51.35,6.674
1011,2024-12-30,2.556,49.09,6.724
1011,2024-12-31,2.371,47.27,6.752
1011,2025-01-01,2.547,50.61,6.515
1011,2025-01-02,2.352,50.31,6.697
1011,2025-01-03,2.351,50.71,6.734
1011,2025-01-04,2.322,49.35,6.721
1011,2025-01-05,2.347,49.73,6.726
1011,2025-01-06,2.389,50.66,6.717
1011,2025-01-07,2.447,49.77,6.704
1011,2025-01-08,2.522,50.02,6.679
1011,2025-01-09,2.613,50.33,6.665
1011,2025-01-10,2.721,50.69,6.592
1011,2025-01-11,2.846,51.11,6.612
1011,2025-01-12,2.987,51.59,6.58
1011,2025-01-13,3.145,52.12,6.543
1011,2025-01-14,3.319,52.71,6.503
1011,2025-01-15,3.511,53.35,6.46
1011,2025-01-16,3.718,54.05,6.412
1011,2025-01-17,3.943,54.8,6.36
1011,2025-01-18,4.184,55.61,6.305
1011,2025-01-19,4.441,56.48,6.246
1011,2025-01-20,4.715,57.4,6.183
1011,2025-01-21,5.006,58.38,6.116
1011,2025-01-22,5.314,59.42,6.046
1011,2025-01-23,5.638,60.51,5.971
1011,2025-01-24,2.37,48.95,6.807
1011,2025-01-25,1.891,50.04,6.818
1011,2025-01-26,2.462,51.4,6.478
1011,2025-01-27,2.33,48.77,6.649
1011,2025-01-28,2.549,48.71,6.496
1011,2025-01-29,2.729,48.79,6.56
1011,2025-01-30,2.184,48.16,6.648
1011,2025-01-31,2.324,48.16,6.63
1011,2025-02-01,2.062,48.9,6.978
1011,2025-02-02,2.229,50.06,6.54
1011,2025-02-03,2.333,48.86,6.64
1011,2025-02-04,2.328,48.55,6.62
1011,2025-02-05,2.479,49.25,6.746
1011,2025-02-06,2.421,48.58,6.847
1011,2025-02-07,2.518,52.02,6.612
1011,2025-02-08,2.183,50.87,6.479
1011,2025-02-09,2.35,49.39,6.669
1011,2025-02-10,2.111,47.69,6.796
1011,2025-02-11,2.286,48.8,6.568
1011,2025-02-12,1.77,48.46,6.884
1011,2025-02-13,2.298,48.49,6.578
1011,2025-02-14,2.33,47.21,6.636
1011,2025-02-15,2.226,48.84,6.665
1011,2025-02-16,2.238,48.76,7.028
1011,2025-02-17,1.976,48.69,6.855
1011,2025-02-18,2.188,48.08,6.789
1011,2025-02-19,2.198,49.71,6.579
1011,2025-02-20,2.363,48.5,6.563
1011,2025-02-21,2.41,47.13,6.627
1011,2025-02-22,2.229,48.33,6.98
1011,2025-02-23,2.289,50.13,6.935
1011,2025-02-24,2.389,50.52,6.757
1011,2025-02-25,2.139,48.23,6.626
1011,2025-02-26,2.521,49.17,6.464
1011,2025-02-27,2.727,49.88,6.665
1011,2025-02-28,2.394,50.24,6.815
1011,2025-03-01,2.221,48.88,6.82
1011,2025-03-02,2.362,49.62,6.795
1011,2025-03-03,2.552,48.91,6.627
1011,2025-03-04,2.572,47.56,6.813
1011,2025-03-05,2.049,50.23,6.71
1011,2025-03-06,2.383,49.26,6.869
1011,2025-03-07,2.172,49.74,6.774
1011,2025-03-08,2.229,49.13,6.853
1011,2025-03-09,2.372,48.47,6.786
1011,2025-03-10,2.425,48.85,6.662
1011,2025-03-11,2.262,49.66,6.915
1011,2025-03-12,2.148,48.08,6.575
1011,2025-03-13,2.278,50.84,6.838
1011,2025-03-14,2.111,51.56,6.667
1011,2025-03-15,2.666,47.1,6.679
1011,2025-03-16,2.006,50.23,6.777
1011,2025-03-17,2.437,48.9,6.655
1011,2025-03-18,2.339,49.93,6.578
1011,2025-03-19,2.319,49.51,6.593
1011,2025-03-20,2.108,49.15,6.562
1011,2025-03-21,2.219,50.21,6.739
1011,2025-03-22,2.249,49.42,6.783
1011,2025-03-23,2.209,50.79,6.722
1011,2025-03-24,2.268,49.65,6.497
1011,2025-03-25,2.338,47.92,6.755
1011,2025-03-26,2.227,49.17,6.88
1011,2025-03-27,2.404,49.34,6.561
1011,2025-03-28,2.461,48.78,6.597
1011,2025-03-29,2.208,48.14,6.875
1011,2025-03-30,2.462,51.26,6.709
1011,2025-03-31,2.327,49.27,6.9
1011,2025-04-01,2.204,49.31,6.684
1011,2025-04-02,2.409,47.75,6.516
1011,2025-04-03,2.537,49.89,6.729
1011,2025-04-04,2.251,49.23,6.727
1011,2025-04-05,1.951,50.41,6.78
1011,2025-04-06,2.47,51.0,6.605
1011,2025-04-07,2.513,48.71,6.665
1011,2025-04-08,2.093,48.63,7.046
1011,2025-04-09,2.288,50.48,6.65
1011,2025-04-10,2.406,50.4,6.977
1011,2025-04-11,1.842,49.65,6.563
1011,2025-04-12,2.469,50.06,6.77
1011,2025-04-13,2.458,49.04,6.792
1011,2025-04-14,2.475,49.32,6.868
1011,2025-04-15,2.611,49.34,6.734
1011,2025-04-16,2.103,47.26,6.636
1011,2025-04-17,2.502,50.07,6.751
1011,2025-04-18,2.766,50.11,6.509
1011,2025-04-19,1.863,48.44,6.354
1011,2025-04-20,2.238,48.81,6.499
1011,2025-04-21,2.452,49.64,6.975
1011,2025-04-22,2.168,50.05,6.863
1011,2025-04-23,1.946,49.36,7.017
1011,2025-04-24,2.374,48.9,6.81
1011,2025-04-25,2.345,49.76,6.511
1011,2025-04-26,2.166,49.47,6.584
1011,2025-04-27,2.359,48.37,6.783
1011,2025-04-28,2.493,49.03,6.608
1011,2025-04-29,2.511,48.99,6.59
1011,2025-04-30,2.394,50.0,6.57
1011,2025-05-01,2.063,48.06,6.619
1011,2025-05-02,2.248,48.56,6.444
1011,2025-05-03,1.854,48.97,6.799
1011,2025-05-04,2.097,49.37,6.625
1011,2025-05-05,2.342,51.66,6.927
1011,2025-05-06,2.418,49.17,6.987
1011,2025-05-07,2.304,50.37,6.724
1011,2025-05-08,,,
1011,2025-05-09,1.917,50.61,6.902
1011,2025-05-10,2.052,51.04,6.767
1011,2025-05-11,2.078,49.91,6.708
1011,2025-05-12,2.189,48.4,6.93
1011,2025-05-13,2.188,49.0,6.835
1011,2025-05-14,2.744,50.81,6.707
1011,2025-05-15,2.509,51.45,6.659
1011,2025-05-16,2.102,50.6,6.735
1011,2025-05-17,2.173,51.69,6.877
1011,2025-05-18,2.197,50.02,6.84
1011,2025-05-19,2.189,48.53,6.645
1011,2025-05-20,2.202,49.44,6.712
1011,2025-05-21,1.897,49.64,6.76
1011,2025-05-22,2.54,50.25,6.673
1011,2025-05-23,2.442,50.19,6.722
1011,2025-05-24,2.434,48.49,6.587
1011,2025-05-25,2.326,50.5,6.612
1011,2025-05-26,2.398,48.8,6.779
1011,2025-05-27,2.233,49.62,6.771
1011,2025-05-28,1.909,49.99,6.689
1011,2025-05-29,2.33,50.03,7.064
1011,2025-05-30,2.31,49.86,6.709
1011,2025-05-31,2.041,48.82,6.841
1011,2025-06-01,1.855,49.22,6.777
1011,2025-06-02,,,
1011,2025-06-03,2.1,48.9,6.839
1011,2025-06-04,2.263,48.2,6.902
1011,2025-06-05,2.165,46.86,6.737
1011,2025-06-06,2.641,49.36,6.811
1011,2025-06-07,2.005,48.46,7.165
1011,2025-06-08,2.515,49.35,6.602
1011,2025-06-09,1.796,48.3,6.705
1011,2025-06-10,2.488,48.91,6.822
1011,2025-06-11,2.204,48.98,6.736
1011,2025-06-12,,,
1011,2025-06-13,2.315,48.48,6.663
1011,2025-06-14,2.289,48.17,6.701
1011,2025-06-15,1.979,49.45,6.695
1011,2025-06-16,2.374,50.15,6.744
1011,2025-06-17,2.297,48.44,6.976
1011,2025-06-18,2.399,49.84,6.77
1011,2025-06-19,2.022,49.35,6.68
1011,2025-06-20,2.152,49.83,6.841
1011,2025-06-21,2.108,47.51,6.834
1011,2025-06-22,2.327,49.43,6.576
1011,2025-06-23,2.196,49.08,6.645
1011,2025-06-24,2.101,49.54,6.572
1011,2025-06-25,2.579,48.67,6.787
1011,2025-06-26,2.196,49.22,6.866
1011,2025-06-27,2.522,47.19,6.703
1011,2025-06-28,2.47,49.31,6.923
1011,2025-06-29,2.158,50.67,6.651
1011,2025-06-30,1.933,49.52,6.689
1011,2025-07-01,2.343,49.4,6.727
1011,2025-07-02,2.439,49.67,6.764
1011,2025-07-03,2.538,50.72,6.986
1011,2025-07-04,2.381,48.66,6.57
1011,2025-07-05,2.39,47.88,6.822
1011,2025-07-06,2.176,48.24,6.749
1011,2025-07-07,2.157,48.67,6.914
1011,2025-07-08,2.949,49.42,6.536
1011,2025-07-09,2.533,50.14,6.563
1011,2025-07-10,2.036,48.6,6.993
1011,2025-07-11,2.364,48.33,6.926
1011,2025-07-12,2.396,50.2,6.899
1011,2025-07-13,,,
1011,2025-07-14,2.246,48.57,6.897
1011,2025-07-15,2.417,50.07,6.739
1011,2025-07-16,2.638,49.15,6.574
1011,2025-07-17,2.63,48.84,6.717
1011,2025-07-18,2.233,49.2,6.697
1011,2025-07-19,2.24,48.48,6.581
1011,2025-07-20,2.211,47.64,6.651
1011,2025-07-21,2.35,47.92,6.633
1011,2025-07-22,2.477,48.57,6.815
1011,2025-07-23,2.095,49.61,6.883
1011,2025-07-24,2.269,49.71,6.905
1011,2025-07-25,2.186,50.17,6.902
1011,2025-07-26,2.149,48.54,6.577
1011,2025-07-27,2.201,49.29,6.823
1011,2025-07-28,2.674,47.89,6.859
1011,2025-07-29,2.656,48.34,6.799
1011,2025-07-30,2.601,50.33,6.596
1011,2025-07-31,1.97,49.18,6.3
1011,2025-08-01,2.367,51.18,6.761
1011,2025-08-02,2.789,49.99,6.612
1011,2025-08-03,2.389,48.85,6.871
1011,2025-08-04,2.162,48.62,6.516
1011,2025-08-05,2.426,47.26,6.819
1011,2025-08-06,,,
1011,2025-08-07,,,
1011,2025-08-08,2.357,52.87,6.669
1011,2025-08-09,2.402,51.37,6.714
1011,2025-08-10,2.271,49.64,6.861
1011,2025-08-11,2.302,48.28,6.856
1011,2025-08-12,2.099,47.56,6.922
1011,2025-08-13,2.297,48.93,6.85
1011,2025-08-14,2.45,49.29,6.668
1011,2025-08-15,2.325,47.86,6.671
1011,2025-08-16,2.271,50.0,6.76
1011,2025-08-17,2.014,50.28,6.684
1011,2025-08-18,2.534,48.34,6.489
1011,2025-08-19,2.071,49.06,6.427
1011,2025-08-20,2.443,47.92,6.85
1011,2025-08-21,2.233,50.32,6.753
1011,2025-08-22,2.468,48.42,7.032
1011,2025-08-23,2.517,48.18,6.66
1011,2025-08-24,2.242,47.36,6.892
1011,2025-08-25,1.693,48.29,6.758
1011,2025-08-26,1.893,47.59,6.809
1011,2025-08-27,2.109,50.37,6.746
1011,2025-08-28,2.12,49.94,6.902
1011,2025-08-29,2.365,48.09,6.813
1011,2025-08-30,2.706,48.42,6.665
1011,2025-08-31,2.441,49.23,6.72
1011,2025-09-01,2.279,49.42,6.701
1011,2025-09-02,2.579,48.25,6.748
1011,2025-09-03,2.314,50.65,6.734
1011,2025-09-04,2.48,49.94,6.672
1011,2025-09-05,2.387,51.32,6.649
1011,2025-09-06,2.478,49.9,6.719
1011,2025-09-07,2.605,50.34,6.469
1011,2025-09-08,2.769,50.91,6.692
1011,2025-09-09,2.969,51.61,6.674
1011,2025-09-10,3.206,52.44,6.27
1011,2025-09-11,3.479,53.39,6.571
1011,2025-09-12,3.788,54.47,6.598
1011,2025-09-13,4.134,55.68,6.398
1011,2025-09-14,4.517,57.02,6.531
1011,2025-09-15,,,
1011,2025-09-16,5.39,60.07,6.451
1011,2025-09-17,5.882,61.79,6.406
1011,2025-09-18,6.41,63.63,6.357
1011,2025-09-19,6.974,65.61,6.305
1011,2025-09-20,7.575,67.7,6.25
1011,2025-09-21,8.212,69.93,6.191
1011,2025-09-22,8.885,72.28,6.129
1011,2025-09-23,9.595,74.76,6.064
1011,2025-09-24,2.474,50.79,6.532
1011,2025-09-25,2.598,51.2,6.692
1011,2025-09-26,2.758,50.86,6.668
1011,2025-09-27,2.953,51.53,6.612
1011,2025-09-28,3.184,52.33,6.505
1011,2025-09-29,3.451,53.25,6.437
1011,2025-09-30,3.753,54.29,6.519
1011,2025-10-01,4.09,55.46,6.468
1011,2025-10-02,4.463,56.75,6.412
1011,2025-10-03,4.872,58.16,6.351
1011,2025-10-04,5.316,59.69,6.285
1011,2025-10-05,5.795,61.35,6.213
1011,2025-10-06,6.31,63.13,6.136
1011,2025-10-07,6.861,65.03,6.053
1011,2025-10-08,7.447,67.05,5.966
1011,2025-10-09,,,
1011,2025-10-10,8.726,71.47,5.774
1011,2025-10-11,9.419,73.87,5.671
1011,2025-10-12,2.535,48.61,6.928
1011,2025-10-13,2.302,48.64,6.651
1011,2025-10-14,,,
1011,2025-10-15,2.371,49.56,6.878
1011,2025-10-16,2.125,48.52,6.25
1011,2025-10-17,2.383,50.28,6.894
1011,2025-10-18,2.247,50.78,6.778
1011,2025-10-19,2.25,50.09,6.644
1011,2025-10-20,2.255,50.64,6.834
1011,2025-10-21,2.118,50.25,6.661
1011,2025-10-22,2.585,50.25,6.828
1011,2025-10-23,,,
1011,2025-10-24,2.354,47.44,6.848
1011,2025-10-25,2.054,48.97,6.59
1011,2025-10-26,2.491,46.06,6.633
1011,2025-10-27,2.264,48.76,7.012
1011,2025-10-28,2.346,48.19,6.78
1011,2025-10-29,2.404,49.43,6.707
1011,2025-10-30,2.381,48.59,6.598
1011,2025-10-31,2.347,49.31,6.655
1011,2025-11-01,2.383,48.41,6.769
1011,2025-11-02,2.379,49.05,6.551
1011,2025-11-03,2.217,50.81,6.727
1011,2025-11-04,2.25,48.27,6.695
1011,2025-11-05,2.261,47.56,6.439
1011,2025-11-06,2.165,50.73,6.735
1011,2025-11-07,2.201,50.09,6.917
1011,2025-11-08,2.575,49.27,6.668
1011,2025-11-09,2.021,48.9,6.701
1011,2025-11-10,2.649,49.62,6.772
1011,2025-11-11,2.204,48.94,6.643
1011,2025-11-12,2.434,50.28,6.471
1011,2025-11-13,2.31,49.01,6.738
1011,2025-11-14,2.273,48.68,6.666
1011,2025-11-15,2.422,49.86,6.636
1011,2025-11-16,2.651,48.5,6.942
1011,2025-11-17,2.286,49.86,6.75
1011,2025-11-18,2.303,48.12,6.621
1011,2025-11-19,2.202,48.76,6.63
1011,2025-11-20,2.717,49.49,6.973
1011,2025-11-21,2.545,48.6,6.855
1011,2025-11-22,2.535,50.3,6.466
1011,2025-11-23,2.316,49.22,6.824
1011,2025-11-24,1.93,49.52,6.658
1011,2025-11-25,2.406,47.33,6.645
1011,2025-11-26,1.952,49.87,6.902
1011,2025-11-27,2.184,49.39,6.841
1011,2025-11-28,2.504,47.31,6.606
1011,2025-11-29,2.193,49.56,6.731
1011,2025-11-30,2.173,49.64,6.829
1011,2025-12-01,1.884,48.59,6.715
1011,2025-12-02,2.453,48.21,6.796
1011,2025-12-03,2.393,47.89,6.628
1011,2025-12-04,2.212,49.33,6.928
1011,2025-12-05,2.382,49.34,6.952
1011,2025-12-06,1.987,49.09,6.634
1011,2025-12-07,2.123,51.33,6.52
1011,2025-12-08,2.348,49.28,6.662
1011,2025-12-09,2.486,49.46,6.864
1011,2025-12-10,2.303,47.71,6.765
1011,2025-12-11,2.063,49.61,6.725
1011,2025-12-12,2.211,50.24,6.761
1011,2025-12-13,2.532,48.41,6.511
1011,2025-12-14,2.19,51.41,6.727
1011,2025-12-15,2.36,48.74,6.718
1011,2025-12-16,2.396,49.45,6.638
1011,2025-12-17,2.199,48.93,6.853
1011,2025-12-18,2.314,48.91,6.635
1011,2025-12-19,1.95,46.41,6.637
1011,2025-12-20,2.193,50.16,6.839
1011,2025-12-21,2.316,47.1,6.829
1011,2025-12-22,2.436,50.55,6.744
1011,2025-12-23,2.569,48.18,6.768
1011,2025-12-24,2.213,48.77,6.792
1011,2025-12-25,2.403,51.82,6.784
1011,2025-12-26,2.284,48.32,6.586
1011,2025-12-27,2.152,49.08,6.859
1011,2025-12-28,2.153,48.04,7.037
1011,2025-12-29,2.297,49.11,6.792
1011,2025-12-30,2.31,49.71,6.694
1011,2025-12-31,2.158,50.87,6.911
1012,2024-01-01,2.218,47.13,6.119
1012,2024-01-02,2.362,47.31,6.348
1012,2024-01-03,2.03,46.09,6.092
1012,2024-01-04,2.511,48.29,6.291
1012,2024-01-05,2.483,47.73,6.504
1012,2024-01-06,2.391,47.2,6.415
1012,2024-01-07,2.355,46.51,6.478
1012,2024-01-08,2.72,45.42,6.356
1012,2024-01-09,2.016,46.71,6.449
1012,2024-01-10,2.119,46.95,6.32
1012,2024-01-11,2.662,46.0,6.153
1012,2024-01-12,1.983,47.45,6.407
1012,2024-01-13,2.292,47.94,6.328
1012,2024-01-14,2.195,46.69,6.221
1012,2024-01-15,2.041,46.76,6.176
1012,2024-01-16,2.039,47.14,6.513
1012,2024-01-17,2.186,48.78,6.097
1012,2024-01-18,2.284,48.55,6.216
1012,2024-01-19,2.328,45.53,6.389
1012,2024-01-20,2.348,46.67,6.425
1012,2024-01-21,2.243,49.65,6.371
1012,2024-01-22,2.236,46.83,6.117
1012,2024-01-23,2.352,48.87,6.495
1012,2024-01-24,2.101,47.65,6.32
1012,2024-01-25,1.962,48.39,6.123
1012,2024-01-26,2.398,46.81,6.494
1012,2024-01-27,1.811,47.25,6.323
1012,2024-01-28,2.341,47.69,6.069
1012,2024-01-29,2.486,47.15,5.95
1012,2024-01-30,1.978,47.11,6.313
1012,2024-01-31,1.78,48.56,6.244
1012,2024-02-01,2.057,47.0,6.376
1012,2024-02-02,2.291,48.46,6.358
1012,2024-02-03,2.034,46.58,6.223
1012,2024-02-04,2.437,46.86,6.399
1012,2024-02-05,2.358,47.88,6.369
1012,2024-02-06,2.03,47.66,6.182
1012,2024-02-07,2.383,48.11,6.451
1012,2024-02-08,1.939,47.2,6.366
1012,2024-02-09,2.137,47.14,6.31
1012,2024-02-10,2.274,46.7,6.387
1012,2024-02-11,2.496,45.62,6.219
1012,2024-02-12,2.388,46.76,6.221
1012,2024-02-13,2.531,48.18,6.321
1012,2024-02-14,1.936,47.1,6.199
1012,2024-02-15,2.876,47.36,6.558
1012,2024-02-16,2.051,48.39,6.373
1012,2024-02-17,2.284,46.27,6.442
1012,2024-02-18,2.544,47.51,6.598
1012,2024-02-19,2.332,46.62,6.548
1012,2024-02-20,2.472,48.27,6.644
1012,2024-02-21,1.981,45.74,6.213
1012,2024-02-22,2.002,46.82,6.579
1012,2024-02-23,2.139,46.67,6.279
1012,2024-02-24,2.114,46.84,6.309
1012,2024-02-25,2.251,46.62,6.37
1012,2024-02-26,2.163,49.0,6.352
1012,2024-02-27,1.993,46.96,6.337
1012,2024-02-28,2.273,47.02,6.386
1012,2024-02-29,1.944,45.77,6.563
1012,2024-03-01,2.229,47.2,6.021
1012,2024-03-02,2.292,47.24,6.128
1012,2024-03-03,2.301,47.36,6.151
1012,2024-03-04,2.39,47.67,6.329
1012,2024-03-05,2.516,47.86,6.318
1012,2024-03-06,2.677,48.23,6.304
1012,2024-03-07,,,
1012,2024-03-08,3.108,49.23,6.268
1012,2024-03-09,3.377,49.85,6.134
1012,2024-03-10,3.681,50.56,6.219
1012,2024-03-11,4.022,51.35,6.191
1012,2024-03-12,4.398,52.22,6.159
1012,2024-03-13,4.811,53.17,6.124
1012,2024-03-14,5.259,54.21,6.086
1012,2024-03-15,5.743,55.33,6.045
1012,2024-03-16,6.263,56.54,6.001
1012,2024-03-17,6.819,57.82,5.955
1012,2024-03-18,7.41,59.19,5.905
1012,2024-03-19,8.038,60.64,5.852
1012,2024-03-20,8.701,62.18,5.796
1012,2024-03-21,9.4,63.8,5.736
1012,2024-03-22,2.154,45.69,6.257
1012,2024-03-23,2.66,46.38,6.252
1012,2024-03-24,2.415,47.17,6.175
1012,2024-03-25,2.57,47.13,6.163
1012,2024-03-26,2.103,48.67,6.302
1012,2024-03-27,2.38,46.8,6.237
1012,2024-03-28,2.277,47.41,6.383
1012,2024-03-29,2.209,46.87,6.267
1012,2024-03-30,2.057,45.91,6.208
1012,2024-03-31,2.27,46.84,6.286
1012,2024-04-01,2.229,47.27,5.977
1012,2024-04-02,2.42,48.86,6.34
1012,2024-04-03,2.789,48.38,6.307
1012,2024-04-04,2.527,47.68,6.319
1012,2024-04-05,2.469,48.05,6.277
1012,2024-04-06,,,
1012,2024-04-07,2.769,49.12,6.209
1012,2024-04-08,2.964,49.81,6.214
1012,2024-04-09,,,
1012,2024-04-10,3.445,51.52,6.13
1012,2024-04-11,3.73,52.53,6.08
1012,2024-04-12,4.045,53.65,6.025
1012,2024-04-13,4.39,54.87,5.964
1012,2024-04-14,4.765,56.21,5.899
1012,2024-04-15,5.171,57.65,5.828
1012,2024-04-16,5.606,59.19,5.752
1012,2024-04-17,6.071,60.84,5.67
1012,2024-04-18,6.566,62.6,5.584
1012,2024-04-19,7.092,64.47,5.492
1012,2024-04-20,7.647,66.44,5.395
1012,2024-04-21,8.232,68.52,5.293
1012,2024-04-22,2.202,46.47,6.334
1012,2024-04-23,2.103,47.58,6.436
1012,2024-04-24,2.045,47.99,6.156
1012,2024-04-25,2.198,49.65,6.301
1012,2024-04-26,2.11,46.4,6.49
1012,2024-04-27,2.036,47.06,6.354
1012,2024-04-28,2.174,47.08,6.324
1012,2024-04-29,2.228,46.61,6.175
1012,2024-04-30,2.289,47.09,6.291
1012,2024-05-01,1.873,47.21,6.441
1012,2024-05-02,2.141,46.86,6.487
1012,2024-05-03,2.46,45.52,6.094
1012,2024-05-04,1.933,47.44,6.397
1012,2024-05-05,2.249,45.78,6.285
1012,2024-05-06,2.124,47.1,6.202
1012,2024-05-07,2.441,48.16,6.606
1012,2024-05-08,2.469,45.95,6.435
1012,2024-05-09,2.276,47.06,6.18
1012,2024-05-10,2.122,47.38,6.189
1012,2024-05-11,1.905,47.14,6.363
1012,2024-05-12,2.116,46.74,6.122
1012,2024-05-13,2.053,47.2,6.307
1012,2024-05-14,2.23,47.84,6.409
1012,2024-05-15,2.533,46.21,6.144
1012,2024-05-16,2.604,47.03,6.361
1012,2024-05-17,2.284,47.88,6.399
1012,2024-05-18,2.248,46.61,6.24
1012,2024-05-19,2.197,46.03,6.39
1012,2024-05-20,2.283,47.93,6.431
1012,2024-05-21,2.182,47.86,6.397
1012,2024-05-22,2.575,48.11,6.237
1012,2024-05-23,2.073,47.18,6.459
1012,2024-05-24,2.247,46.57,6.287
1012,2024-05-25,2.101,48.66,6.365
1012,2024-05-26,2.413,48.39,6.344
1012,2024-05-27,2.585,47.96,6.334
1012,2024-05-28,2.357,46.71,6.042
1012,2024-05-29,2.264,47.31,6.486
1012,2024-05-30,2.235,46.34,6.404
1012,2024-05-31,2.34,46.18,6.353
1012,2024-06-01,2.132,47.28,6.423
1012,2024-06-02,2.555,47.5,6.273
1012,2024-06-03,2.578,47.73,6.313
1012,2024-06-04,2.428,47.29,6.408
1012,2024-06-05,2.39,49.16,6.021
1012,2024-06-06,2.147,46.25,6.226
1012,2024-06-07,2.592,48.46,6.247
1012,2024-06-08,1.952,46.81,6.29
1012,2024-06-09,2.084,48.1,6.256
1012,2024-06-10,2.651,46.31,6.221
1012,2024-06-11,2.146,49.32,6.369
1012,2024-06-12,2.067,48.58,6.447
1012,2024-06-13,1.9,45.66,6.399
1012,2024-06-14,2.436,48.46,6.342
1012,2024-06-15,2.467,47.38,6.341
1012,2024-06-16,2.288,48.08,6.337
1012,2024-06-17,2.361,47.68,6.33
1012,2024-06-18,2.463,48.06,6.267
1012,2024-06-19,2.594,48.54,6.216
1012,2024-06-20,2.755,49.13,6.247
1012,2024-06-21,2.944,49.83,6.274
1012,2024-06-22,3.163,50.64,6.253
1012,2024-06-23,3.412,51.55,6.229
1012,2024-06-24,3.689,52.58,6.203
1012,2024-06-25,3.996,53.71,6.174
1012,2024-06-26,4.331,54.94,6.142
1012,2024-06-27,4.696,56.29,6.107
1012,2024-06-28,5.091,57.74,6.069
1012,2024-06-29,5.514,59.3,5.896
1012,2024-06-30,5.966,60.97,5.986
1012,2024-07-01,6.448,62.74,5.94
1012,2024-07-02,6.959,64.63,5.891
1012,2024-07-03,7.499,66.62,5.84
1012,2024-07-04,8.069,68.71,5.785
1012,2024-07-05,1.909,48.78,6.436
1012,2024-07-06,2.215,48.81,6.103
1012,2024-07-07,2.19,46.93,6.45
1012,2024-07-08,2.056,48.26,6.356
1012,2024-07-09,2.641,48.19,6.363
1012,2024-07-10,2.248,47.21,6.0
1012,2024-07-11,2.247,49.35,6.108
1012,2024-07-12,2.441,47.12,6.29
1012,2024-07-13,2.27,46.6,6.139
1012,2024-07-14,1.976,47.27,6.525
1012,2024-07-15,2.239,47.13,6.17
1012,2024-07-16,2.322,46.82,6.442
1012,2024-07-17,2.271,46.97,6.387
1012,2024-07-18,2.449,45.95,6.746
1012,2024-07-19,2.412,47.83,6.342
1012,2024-07-20,2.342,45.93,6.551
1012,2024-07-21,2.208,48.31,6.271
1012,2024-07-22,2.248,47.92,6.168
1012,2024-07-23,2.624,46.87,6.387
1012,2024-07-24,1.915,46.87,6.521
1012,2024-07-25,2.464,46.61,6.256
1012,2024-07-26,2.33,47.25,6.487
1012,2024-07-27,2.105,48.94,6.421
1012,2024-07-28,2.24,47.57,6.338
1012,2024-07-29,2.362,46.84,6.366
1012,2024-07-30,1.965,48.95,6.356
1012,2024-07-31,2.275,46.86,6.247
1012,2024-08-01,2.357,46.91,6.358
1012,2024-08-02,2.067,49.33,6.398
1012,2024-08-03,2.269,47.9,6.229
1012,2024-08-04,2.52,48.41,5.955
1012,2024-08-05,2.282,47.85,6.43
1012,2024-08-06,2.074,47.77,6.237
1012,2024-08-07,1.929,47.92,6.418
1012,2024-08-08,,,
1012,2024-08-09,2.438,49.39,6.393
1012,2024-08-10,2.204,46.12,6.303
1012,2024-08-11,2.224,44.95,6.289
1012,2024-08-12,2.202,46.98,6.329
1012,2024-08-13,2.099,45.82,6.389
1012,2024-08-14,2.59,47.41,6.08
1012,2024-08-15,2.381,46.1,6.518
1012,2024-08-16,2.537,47.29,6.485
1012,2024-08-17,2.007,48.32,6.384
1012,2024-08-18,2.362,46.76,6.097
1012,2024-08-19,2.373,46.54,6.46
1012,2024-08-20,2.02,48.02,6.337
1012,2024-08-21,2.072,46.52,6.577
1012,2024-08-22,2.082,47.18,6.269
1012,2024-08-23,2.445,47.12,6.308
1012,2024-08-24,2.288,46.01,6.48
1012,2024-08-25,2.104,48.17,6.023
1012,2024-08-26,2.381,46.2,6.279
1012,2024-08-27,2.114,48.13,6.311
1012,2024-08-28,2.269,47.62,5.998
1012,2024-08-29,2.229,46.22,6.198
1012,2024-08-30,2.076,46.91,6.371
1012,2024-08-31,2.431,48.08,6.386
1012,2024-09-01,2.254,46.97,6.579
1012,2024-09-02,1.794,49.39,6.476
1012,2024-09-03,2.207,46.29,6.141
1012,2024-09-04,2.539,48.41,6.452
1012,2024-09-05,1.803,45.65,6.393
1012,2024-09-06,2.423,47.0,6.353
1012,2024-09-07,2.289,48.22,6.17
1012,2024-09-08,2.003,45.39,6.61
1012,2024-09-09,2.24,47.51,6.595
1012,2024-09-10,2.02,46.17,6.381
1012,2024-09-11,1.942,45.96,6.218
1012,2024-09-12,2.32,46.53,6.17
1012,2024-09-13,2.299,46.71,6.173
1012,2024-09-14,1.889,46.76,6.468
1012,2024-09-15,2.138,46.66,6.088
1012,2024-09-16,2.249,46.4,6.505
1012,2024-09-17,1.933,44.7,6.312
1012,2024-09-18,2.456,48.55,6.39
1012,2024-09-19,2.098,49.29,6.449
1012,2024-09-20,2.321,47.68,6.689
1012,2024-09-21,2.37,46.96,6.446
1012,2024-09-22,2.058,46.28,6.313
1012,2024-09-23,2.311,47.51,6.393
1012,2024-09-24,,,
1012,2024-09-25,2.323,46.36,6.344
1012,2024-09-26,2.158,47.06,6.354
1012,2024-09-27,2.434,47.96,6.192
1012,2024-09-28,2.384,47.52,6.385
1012,2024-09-29,2.546,47.18,6.139
1012,2024-09-30,2.453,47.36,6.505
1012,2024-10-01,1.977,46.52,6.283
1012,2024-10-02,2.132,47.18,6.167
1012,2024-10-03,,,
1012,2024-10-04,2.44,46.51,6.439
1012,2024-10-05,2.106,47.12,6.355
1012,2024-10-06,2.246,48.12,6.117
1012,2024-10-07,2.304,48.25,6.148
1012,2024-10-08,2.222,45.1,6.418
1012,2024-10-09,2.441,45.83,6.67
1012,2024-10-10,2.049,48.21,6.377
1012,2024-10-11,2.343,47.65,6.382
1012,2024-10-12,2.088,47.66,6.425
1012,2024-10-13,2.328,45.87,6.212
1012,2024-10-14,2.062,47.3,6.502
1012,2024-10-15,2.188,47.8,6.247
1012,2024-10-16,2.426,47.65,6.346
1012,2024-10-17,2.055,46.52,6.22
1012,2024-10-18,2.258,46.67,6.162
1012,2024-10-19,2.369,47.53,6.227
1012,2024-10-20,2.221,47.41,6.203
1012,2024-10-21,2.19,48.5,6.281
1012,2024-10-22,,,
1012,2024-10-23,2.069,46.65,6.383
1012,2024-10-24,2.392,48.44,6.257
1012,2024-10-25,2.385,46.11,6.4
1012,2024-10-26,2.584,47.33,6.256
1012,2024-10-27,2.299,48.63,6.506
1012,2024-10-28,2.457,46.24,6.457
1012,2024-10-29,2.146,47.55,6.288
1012,2024-10-30,2.338,49.1,6.334
1012,2024-10-31,2.064,45.99,6.351
1012,2024-11-01,2.291,45.29,6.192
1012,2024-11-02,2.229,48.26,6.172
1012,2024-11-03,2.431,47.23,6.321
1012,2024-11-04,2.291,47.34,6.209
1012,2024-11-05,2.368,47.53,6.325
1012,2024-11-06,2.476,48.44,6.312
1012,2024-11-07,2.615,48.12,6.295
1012,2024-11-08,2.784,48.52,6.275
1012,2024-11-09,2.985,49.0,6.25
1012,2024-11-10,3.216,49.55,6.222
1012,2024-11-11,3.478,50.18,6.19
1012,2024-11-12,3.771,50.88,6.154
1012,2024-11-13,4.095,51.65,6.115
1012,2024-11-14,4.449,52.5,6.072
1012,2024-11-15,4.835,53.42,6.025
1012,2024-11-16,5.251,54.41,5.974
1012,2024-11-17,5.698,55.48,5.92
1012,2024-11-18,6.176,56.62,5.862
1012,2024-11-19,6.685,57.83,5.8
1012,2024-11-20,7.224,59.12,5.734
1012,2024-11-21,7.795,60.48,5.664
1012,2024-11-22,8.396,61.92,5.591
1012,2024-11-23,2.157,46.16,6.39
1012,2024-11-24,2.521,47.24,6.144
1012,2024-11-25,2.238,46.8,6.088
1012,2024-11-26,2.363,46.74,6.554
1012,2024-11-27,2.114,48.12,6.25
1012,2024-11-28,2.127,47.53,6.231
1012,2024-11-29,2.328,48.32,6.309
1012,2024-11-30,2.414,46.17,6.236
1012,2024-12-01,2.115,47.82,6.657
1012,2024-12-02,2.494,47.23,6.41
1012,2024-12-03,2.197,46.61,6.465
1012,2024-12-04,2.549,45.67,6.473
1012,2024-12-05,2.004,47.14,6.655
1012,2024-12-06,2.176,46.08,6.014
1012,2024-12-07,2.37,47.92,6.456
1012,2024-12-08,2.23,47.66,6.368
1012,2024-12-09,2.131,47.69,6.354
1012,2024-12-10,2.37,49.95,6.514
1012,2024-12-11,2.428,48.46,6.434
1012,2024-12-12,2.165,45.23,6.089
1012,2024-12-13,2.393,47.8,6.379
1012,2024-12-14,2.16,47.42,6.318
1012,2024-12-15,2.09,47.42,6.506
1012,2024-12-16,,,
1012,2024-12-17,2.134,48.11,6.436
1012,2024-12-18,2.149,44.44,6.364
1012,2024-12-19,2.393,45.9,6.439
1012,2024-12-20,2.053,47.82,6.4
1012,2024-12-21,2.06,47.4,6.035
1012,2024-12-22,2.193,48.11,6.444
1012,2024-12-23,2.261,46.84,6.337
1012,2024-12-24,2.425,46.68,6.226
1012,2024-12-25,2.207,47.98,6.481
1012,2024-12-26,2.117,47.37,6.336
1012,2024-12-27,1.993,45.51,6.586
1012,2024-12-28,2.181,48.14,6.501
1012,2024-12-29,2.153,46.14,6.179
1012,2024-12-30,2.459,48.08,6.457
1012,2024-12-31,1.93,47.39,6.342
1012,2025-01-01,1.897,47.78,6.338
1012,2025-01-02,1.879,48.21,6.32
1012,2025-01-03,2.229,47.2,6.342
1012,2025-01-04,2.327,47.85,6.224
1012,2025-01-05,2.557,47.35,6.333
1012,2025-01-06,2.387,47.53,6.116
1012,2025-01-07,2.509,47.8,6.304
1012,2025-01-08,2.667,48.14,6.156
1012,2025-01-09,2.859,48.55,6.155
1012,2025-01-10,3.087,49.04,6.226
1012,2025-01-11,3.35,49.6,6.177
1012,2025-01-12,3.647,50.24,6.151
1012,2025-01-13,3.98,50.95,6.106
1012,2025-01-14,4.347,51.74,6.056
1012,2025-01-15,4.75,52.6,6.001
1012,2025-01-16,5.188,53.54,5.942
1012,2025-01-17,5.66,54.55,5.878
1012,2025-01-18,6.168,55.64,5.81
1012,2025-01-19,6.711,56.81,5.736
1012,2025-01-20,7.289,58.05,5.658
1012,2025-01-21,7.901,59.36,5.576
1012,2025-01-22,8.549,60.75,5.488
1012,2025-01-23,9.232,62.21,5.396
1012,2025-01-24,2.349,44.97,6.332
1012,2025-01-25,2.0,47.28,6.256
1012,2025-01-26,2.086,47.75,6.264
1012,2025-01-27,2.126,47.92,6.467
1012,2025-01-28,2.624,48.43,6.336
1012,2025-01-29,,,
1012,2025-01-30,2.294,48.5,6.297
1012,2025-01-31,1.881,48.05,6.33
1012,2025-02-01,2.141,46.74,6.273
1012,2025-02-02,2.264,46.52,6.532
1012,2025-02-03,2.213,48.46,6.585
1012,2025-02-04,2.183,47.9,6.33
1012,2025-02-05,2.325,45.49,6.475
1012,2025-02-06,2.335,46.17,6.131
1012,2025-02-07,2.003,48.35,6.156
1012,2025-02-08,1.978,47.36,6.452
1012,2025-02-09,2.348,45.51,6.087
1012,2025-02-10,2.398,47.64,6.755
1012,2025-02-11,1.973,48.18,6.493
1012,2025-02-12,2.372,47.85,6.599
1012,2025-02-13,1.965,47.16,6.331
1012,2025-02-14,2.206,47.01,6.144
1012,2025-02-15,2.489,46.68,6.213
1012,2025-02-16,1.919,46.7,6.215
1012,2025-02-17,2.237,47.48,6.469
1012,2025-02-18,2.196,49.69,6.191
1012,2025-02-19,2.229,49.76,6.224
1012,2025-02-20,2.388,47.25,6.34
1012,2025-02-21,2.285,47.42,6.164
1012,2025-02-22,2.355,47.7,6.251
1012,2025-02-23,2.454,48.1,6.312
1012,2025-02-24,2.58,48.61,6.295
1012,2025-02-25,2.734,49.22,6.101
1012,2025-02-26,2.917,49.96,5.986
1012,2025-02-27,3.128,50.8,6.222
1012,2025-02-28,3.366,51.76,6.19
1012,2025-03-01,,,
1012,2025-03-02,,,
1012,2025-03-03,4.251,55.31,6.071
1012,2025-03-04,4.601,56.72,6.024
1012,2025-03-05,4.98,58.24,5.973
1012,2025-03-06,5.388,59.87,5.918
1012,2025-03-07,5.823,61.62,5.86
1012,2025-03-08,6.286,63.48,5.798
1012,2025-03-09,6.777,65.45,5.732
1012,2025-03-10,7.297,67.53,5.662
1012,2025-03-11,7.844,69.73,5.588
1012,2025-03-12,2.278,46.86,6.437
1012,2025-03-13,2.267,49.06,6.026
1012,2025-03-14,2.231,48.11,6.249
1012,2025-03-15,2.086,46.61,6.342
1012,2025-03-16,2.504,45.85,6.241
1012,2025-03-17,2.259,48.33,6.229
1012,2025-03-18,2.531,47.19,6.263
1012,2025-03-19,2.054,47.55,6.201
1012,2025-03-20,1.899,48.35,6.266
1012,2025-03-21,2.51,45.32,6.357
1012,2025-03-22,2.002,46.6,6.402
1012,2025-03-23,2.255,47.39,6.185
1012,2025-03-24,2.158,48.58,6.315
1012,2025-03-25,2.202,47.12,6.226
1012,2025-03-26,2.166,47.28,6.482
1012,2025-03-27,2.015,47.17,6.606
1012,2025-03-28,,,
1012,2025-03-29,2.273,47.35,6.409
1012,2025-03-30,2.09,46.64,6.307
1012,2025-03-31,2.571,46.5,6.42
1012,2025-04-01,2.246,46.83,6.316
1012,2025-04-02,2.507,47.82,6.158
1012,2025-04-03,2.136,48.36,6.533
1012,2025-04-04,2.388,47.33,6.684
1012,2025-04-05,2.112,46.94,6.442
1012,2025-04-06,2.043,48.42,6.347
1012,2025-04-07,2.181,47.76,6.419
1012,2025-04-08,2.19,47.93,6.6
1012,2025-04-09,2.743,47.08,6.278
1012,2025-04-10,1.965,46.79,6.459
1012,2025-04-11,2.099,47.69,6.375
1012,2025-04-12,2.369,47.05,6.023
1012,2025-04-13,2.196,48.36,6.295
1012,2025-04-14,2.256,46.34,6.434
1012,2025-04-15,2.381,47.53,6.402
1012,2025-04-16,2.2,47.22,6.331
1012,2025-04-17,2.086,46.2,6.162
1012,2025-04-18,1.958,46.86,6.387
1012,2025-04-19,2.214,46.17,6.376
1012,2025-04-20,2.335,46.86,6.431
1012,2025-04-21,2.269,46.94,6.618
1012,2025-04-22,2.459,49.82,6.356
1012,2025-04-23,2.145,46.18,6.515
1012,2025-04-24,,,
1012,2025-04-25,2.061,46.75,6.765
1012,2025-04-26,1.846,47.57,6.426
1012,2025-04-27,2.341,46.87,6.748
1012,2025-04-28,2.134,46.42,6.201
1012,2025-04-29,2.354,48.62,6.169
1012,2025-04-30,,,
1012,2025-05-01,1.92,45.49,6.331
1012,2025-05-02,2.046,47.06,6.548
1012,2025-05-03,2.167,46.86,6.474
1012,2025-05-04,2.089,45.64,6.477
1012,2025-05-05,2.169,47.37,6.236
1012,2025-05-06,2.334,47.71,6.349
1012,2025-05-07,2.222,47.26,6.481
1012,2025-05-08,2.318,47.66,6.269
1012,2025-05-09,2.195,48.95,6.357
1012,2025-05-10,2.089,46.76,6.537
1012,2025-05-11,2.03,48.44,6.349
1012,2025-05-12,1.789,49.36,6.391
1012,2025-05-13,2.341,44.35,6.539
1012,2025-05-14,2.442,46.99,6.423
1012,2025-05-15,2.028,48.55,6.136
1012,2025-05-16,2.035,47.55,6.374
1012,2025-05-17,2.054,46.61,6.36
1012,2025-05-18,2.291,48.62,6.407
1012,2025-05-19,2.243,48.09,6.701
1012,2025-05-20,2.177,45.63,6.528
1012,2025-05-21,2.213,48.03,6.379
1012,2025-05-22,1.893,47.04,6.257
1012,2025-05-23,2.198,47.41,6.484
1012,2025-05-24,2.186,46.06,6.385
1012,2025-05-25,2.319,47.75,6.554
1012,2025-05-26,2.082,47.38,6.405
1012,2025-05-27,2.118,46.29,6.507
1012,2025-05-28,2.265,46.88,6.236
1012,2025-05-29,2.753,48.62,6.33
1012,2025-05-30,,,
1012,2025-05-31,2.627,45.75,6.233
1012,2025-06-01,2.04,47.72,6.415
1012,2025-06-02,2.235,46.92,6.3
1012,2025-06-03,2.039,46.71,6.302
1012,2025-06-04,2.494,47.46,6.251
1012,2025-06-05,,,
1012,2025-06-06,,,
1012,2025-06-07,2.428,46.28,6.491
1012,2025-06-08,2.483,47.28,6.417
1012,2025-06-09,2.094,47.66,6.442
1012,2025-06-10,2.274,48.32,6.544
1012,2025-06-11,2.128,47.16,6.397
1012,2025-06-12,2.455,47.36,6.311
1012,2025-06-13,1.809,47.46,6.555
1012,2025-06-14,2.659,47.87,6.298
1012,2025-06-15,2.18,45.37,6.379
1012,2025-06-16,1.815,48.6,6.03
1012,2025-06-17,,,
1012,2025-06-18,2.059,47.24,6.351
1012,2025-06-19,2.232,46.15,6.452
1012,2025-06-20,2.251,47.49,6.432
1012,2025-06-21,2.438,49.18,6.498
1012,2025-06-22,1.864,46.64,6.269
1012,2025-06-23,2.304,45.62,6.268
1012,2025-06-24,2.455,47.66,6.384
1012,2025-06-25,1.969,47.26,6.233
1012,2025-06-26,2.374,47.18,6.292
1012,2025-06-27,2.387,45.72,6.36
1012,2025-06-28,2.12,47.64,6.052
1012,2025-06-29,1.847,47.86,6.112
1012,2025-06-30,2.257,42.96,6.411
1012,2025-07-01,2.132,47.39,6.242
1012,2025-07-02,2.536,47.98,6.342
1012,2025-07-03,2.239,47.23,6.276
1012,2025-07-04,2.366,47.33,6.193
1012,2025-07-05,2.316,47.5,6.283
1012,2025-07-06,2.384,49.35,6.237
1012,2025-07-07,2.471,48.05,6.177
1012,2025-07-08,2.577,49.46,6.105
1012,2025-07-09,2.703,48.86,6.019
1012,2025-07-10,2.848,49.37,5.921
1012,2025-07-11,3.012,49.95,5.809
1012,2025-07-12,3.196,50.6,5.683
1012,2025-07-13,3.399,51.31,5.545
1012,2025-07-14,3.621,52.09,5.394
1012,2025-07-15,3.863,52.95,5.229
1012,2025-07-16,4.124,53.86,5.051
1012,2025-07-17,,,
1012,2025-07-18,4.704,55.9,4.656
1012,2025-07-19,5.023,57.03,4.438
1012,2025-07-20,5.361,58.22,4.208
1012,2025-07-21,5.719,59.48,3.964
1012,2025-07-22,6.096,60.8,3.707
1012,2025-07-23,2.445,46.89,6.244
1012,2025-07-24,2.246,47.51,6.269
1012,2025-07-25,2.26,46.49,6.518
1012,2025-07-26,2.094,48.34,6.515
1012,2025-07-27,2.13,48.08,6.192
1012,2025-07-28,,,
1012,2025-07-29,2.3,48.14,6.227
1012,2025-07-30,2.091,47.07,5.956
1012,2025-07-31,2.221,46.81,6.514
1012,2025-08-01,2.118,48.21,6.246
1012,2025-08-02,1.973,47.14,6.353
1012,2025-08-03,2.237,46.43,6.382
1012,2025-08-04,2.252,48.81,6.151
1012,2025-08-05,2.242,47.05,6.48
1012,2025-08-06,1.641,47.68,6.245
1012,2025-08-07,2.432,48.73,6.126
1012,2025-08-08,2.225,45.98,6.394
1012,2025-08-09,2.037,46.93,6.369
1012,2025-08-10,2.605,48.2,6.263
1012,2025-08-11,2.232,46.94,6.336
1012,2025-08-12,2.373,46.79,6.597
1012,2025-08-13,2.252,47.09,6.448
1012,2025-08-14,1.769,46.94,6.346
1012,2025-08-15,2.464,46.93,6.29
1012,2025-08-16,2.001,47.64,6.62
1012,2025-08-17,2.441,47.33,6.279
1012,2025-08-18,2.201,48.94,6.052
1012,2025-08-19,2.056,47.56,6.527
1012,2025-08-20,1.742,48.9,6.27
1012,2025-08-21,,,
1012,2025-08-22,2.027,48.96,6.134
1012,2025-08-23,2.233,47.11,6.14
1012,2025-08-24,2.009,48.45,6.015
1012,2025-08-25,2.368,47.4,6.23
1012,2025-08-26,2.121,48.85,6.254
1012,2025-08-27,2.137,46.47,6.589
1012,2025-08-28,2.619,46.79,6.331
1012,2025-08-29,2.382,47.63,6.256
1012,2025-08-30,2.099,46.29,6.318
1012,2025-08-31,2.299,48.7,6.373
1012,2025-09-01,2.229,47.2,6.342
1012,2025-09-02,2.237,47.77,6.336
1012,2025-09-03,2.262,48.26,6.05
1012,2025-09-04,2.304,47.85,6.123
1012,2025-09-05,2.362,47.56,6.248
1012,2025-09-06,2.437,47.76,6.195
1012,2025-09-07,2.528,48.01,6.13
1012,2025-09-08,2.637,48.3,6.054
1012,2025-09-09,2.761,48.64,5.966
1012,2025-09-10,2.903,49.02,5.866
1012,2025-09-11,3.061,49.45,5.754
1012,2025-09-12,3.235,49.92,5.63
1012,2025-09-13,3.427,50.44,5.495
1012,2025-09-14,3.634,51.01,5.348
1012,2025-09-15,3.859,51.61,5.189
1012,2025-09-16,4.1,52.27,5.018
1012,2025-09-17,4.358,52.97,4.836
1012,2025-09-18,4.632,53.71,4.642
1012,2025-09-19,4.923,54.5,4.436
1012,2025-09-20,5.231,55.33,4.218
1012,2025-09-21,5.555,56.21,3.989
1012,2025-09-22,2.475,48.15,6.325
1012,2025-09-23,1.905,47.31,6.387
1012,2025-09-24,2.104,48.04,6.306
1012,2025-09-25,,,
1012,2025-09-26,2.127,45.07,6.205
1012,2025-09-27,2.142,45.83,6.262
1012,2025-09-28,1.998,45.9,6.051
1012,2025-09-29,2.6,46.01,6.782
1012,2025-09-30,2.189,47.34,6.474
1012,2025-10-01,2.361,47.35,6.261
1012,2025-10-02,2.071,48.95,6.234
1012,2025-10-03,2.133,48.63,6.53
1012,2025-10-04,2.21,47.52,6.134
1012,2025-10-05,2.547,47.1,6.192
1012,2025-10-06,2.493,47.89,6.501
1012,2025-10-07,2.633,47.65,6.334
1012,2025-10-08,2.523,46.76,6.462
1012,2025-10-09,2.516,47.91,6.362
1012,2025-10-10,2.183,46.73,6.346
1012,2025-10-11,2.089,47.14,6.249
1012,2025-10-12,2.481,47.08,6.418
1012,2025-10-13,2.084,46.64,6.382
1012,2025-10-14,2.329,46.59,6.381
1012,2025-10-15,2.104,47.29,6.282
1012,2025-10-16,2.019,47.1,6.526
1012,2025-10-17,2.236,46.01,6.357
1012,2025-10-18,2.049,48.87,6.437
1012,2025-10-19,2.164,48.9,6.171
1012,2025-10-20,2.396,48.84,6.098
1012,2025-10-21,2.187,48.38,6.456
1012,2025-10-22,2.421,47.13,6.248
1012,2025-10-23,2.137,46.29,6.22
1012,2025-10-24,2.292,46.22,6.401
1012,2025-10-25,2.027,45.51,6.546
1012,2025-10-26,2.482,46.9,6.305
1012,2025-10-27,1.825,45.52,6.302
1012,2025-10-28,2.28,47.32,6.413
1012,2025-10-29,2.334,47.48,6.429
1012,2025-10-30,1.714,46.68,6.356
1012,2025-10-31,,,
1012,2025-11-01,1.926,47.15,6.462
1012,2025-11-02,2.208,47.77,6.23
1012,2025-11-03,2.172,46.88,6.66
1012,2025-11-04,2.158,48.88,6.242
1012,2025-11-05,2.344,46.33,6.379
1012,2025-11-06,2.67,46.6,6.338
1012,2025-11-07,2.025,46.74,6.376
1012,2025-11-08,2.294,47.01,6.723
1012,2025-11-09,2.233,47.42,6.308
1012,2025-11-10,2.437,47.74,6.5
1012,2025-11-11,1.808,46.88,6.348
1012,2025-11-12,1.907,48.76,6.294
1012,2025-11-13,2.013,45.38,6.461
1012,2025-11-14,2.011,47.46,6.398
1012,2025-11-15,2.271,47.24,6.32
1012,2025-11-16,2.13,45.86,6.201
1012,2025-11-17,1.829,45.8,6.411
1012,2025-11-18,2.077,47.3,6.859
1012,2025-11-19,1.906,48.32,6.327
1012,2025-11-20,2.073,47.58,6.442
1012,2025-11-21,2.185,47.11,6.26
1012,2025-11-22,2.069,46.88,6.869
1012,2025-11-23,2.461,46.7,6.133
1012,2025-11-24,2.663,46.8,6.26
1012,2025-11-25,2.32,47.81,6.065
1012,2025-11-26,1.92,48.23,6.451
1012,2025-11-27,2.502,47.72,6.371
1012,2025-11-28,2.632,47.2,6.342
1012,2025-11-29,2.242,47.74,6.34
1012,2025-11-30,2.296,48.19,6.333
1012,2025-12-01,,,
1012,2025-12-02,2.441,47.9,6.306
1012,2025-12-03,2.56,48.3,5.943
1012,2025-12-04,2.705,48.78,6.211
1012,2025-12-05,2.877,49.36,6.233
1012,2025-12-06,3.075,50.02,6.199
1012,2025-12-07,3.3,50.77,5.935
1012,2025-12-08,3.551,51.61,6.119
1012,2025-12-09,3.829,52.53,6.072
1012,2025-12-10,4.133,53.55,6.021
1012,2025-12-11,4.463,54.65,5.965
1012,2025-12-12,4.82,55.84,5.905
1012,2025-12-13,,,
1012,2025-12-14,5.613,58.48,5.771
1012,2025-12-15,6.05,59.94,5.697
1012,2025-12-16,6.512,61.48,5.619
1012,2025-12-17,7.001,63.11,5.537
1012,2025-12-18,7.517,64.83,5.45
1012,2025-12-19,2.568,47.05,6.223
1012,2025-12-20,2.297,46.15,6.037
1012,2025-12-21,2.105,48.26,6.522
1012,2025-12-22,2.203,48.76,6.002
1012,2025-12-23,2.001,45.31,6.179
1012,2025-12-24,2.485,47.73,6.155
1012,2025-12-25,2.282,47.0,6.235
1012,2025-12-26,,,
1012,2025-12-27,,,
1012,2025-12-28,2.635,47.68,6.393
1012,2025-12-29,2.245,49.2,6.169
1012,2025-12-30,1.787,46.4,6.542
1012,2025-12-31,2.109,46.71,6.525
1013,2024-01-01,2.295,43.67,5.555
1013,2024-01-02,1.974,44.34,5.63
1013,2024-01-03,1.899,42.42,5.515
1013,2024-01-04,2.283,43.64,5.467
1013,2024-01-05,2.269,44.25,5.628
1013,2024-01-06,2.658,43.34,5.622
1013,2024-01-07,2.317,43.41,5.605
1013,2024-01-08,2.378,45.22,5.532
1013,2024-01-09,2.463,44.49,5.536
1013,2024-01-10,2.572,45.67,5.484
1013,2024-01-11,2.706,45.24,5.421
1013,2024-01-12,2.864,44.41,5.347
1013,2024-01-13,3.046,44.75,5.261
1013,2024-01-14,3.253,45.13,5.164
1013,2024-01-15,3.484,45.56,5.055
1013,2024-01-16,3.739,46.03,4.935
1013,2024-01-17,4.018,46.54,4.803
1013,2024-01-18,4.322,47.1,4.66
1013,2024-01-19,4.65,47.71,4.505
1013,2024-01-20,5.002,48.36,4.339
1013,2024-01-21,5.379,49.05,4.161
1013,2024-01-22,5.779,49.79,3.972
1013,2024-01-23,6.205,50.58,3.772
1013,2024-01-24,6.654,51.41,3.56
1013,2024-01-25,7.128,52.28,3.337
1013,2024-01-26,2.427,43.39,5.377
1013,2024-01-27,2.206,45.34,5.593
1013,2024-01-28,2.459,43.85,5.632
1013,2024-01-29,2.173,43.81,5.678
1013,2024-01-30,2.604,43.28,5.498
1013,2024-01-31,2.237,42.55,5.434
1013,2024-02-01,2.792,43.78,5.354
1013,2024-02-02,2.413,44.46,5.628
1013,2024-02-03,2.261,43.38,5.541
1013,2024-02-04,2.043,41.2,5.718
1013,2024-02-05,2.184,42.59,5.416
1013,2024-02-06,2.665,45.32,5.829
1013,2024-02-07,2.018,42.81,5.601
1013,2024-02-08,1.954,43.56,5.597
1013,2024-02-09,2.329,41.46,5.651
1013,2024-02-10,2.521,42.8,5.735
1013,2024-02-11,2.193,42.51,5.749
1013,2024-02-12,2.096,44.17,5.352
1013,2024-02-13,2.224,44.01,5.543
1013,2024-02-14,2.225,43.93,5.695
1013,2024-02-15,2.494,44.39,5.716
1013,2024-02-16,2.646,42.89,5.662
1013,2024-02-17,2.239,45.08,5.496
1013,2024-02-18,2.103,43.13,5.692
1013,2024-02-19,2.028,44.3,5.601
1013,2024-02-20,1.92,45.5,5.629
1013,2024-02-21,2.254,42.85,5.812
1013,2024-02-22,1.955,43.75,5.613
1013,2024-02-23,2.411,43.25,5.697
1013,2024-02-24,2.221,43.5,5.848
1013,2024-02-25,2.126,43.68,5.779
1013,2024-02-26,2.557,43.3,5.441
1013,2024-02-27,1.919,43.39,5.469
1013,2024-02-28,2.45,44.09,5.329
1013,2024-02-29,2.289,42.05,5.788
1013,2024-03-01,2.32,42.63,5.603
1013,2024-03-02,2.265,42.87,5.548
1013,2024-03-03,2.039,41.99,5.616
1013,2024-03-04,2.389,43.72,5.453
1013,2024-03-05,2.507,42.91,5.714
1013,2024-03-06,1.86,42.51,5.495
1013,2024-03-07,2.287,42.01,5.764
1013,2024-03-08,2.269,43.32,5.628
1013,2024-03-09,2.28,43.81,5.62
1013,2024-03-10,2.349,43.43,5.598
1013,2024-03-11,2.369,44.29,5.56
1013,2024-03-12,2.448,44.0,5.508
1013,2024-03-13,2.548,44.02,5.441
1013,2024-03-14,2.671,44.33,5.359
1013,2024-03-15,2.817,44.7,5.262
1013,2024-03-16,2.984,45.12,5.15
1013,2024-03-17,3.175,45.6,5.023
1013,2024-03-18,3.387,46.14,4.881
1013,2024-03-19,3.622,46.73,4.724
1013,2024-03-20,3.879,47.38,4.552
1013,2024-03-21,4.159,48.08,4.366
1013,2024-03-22,4.461,48.85,4.164
1013,2024-03-23,4.785,49.67,3.947
1013,2024-03-24,5.132,50.54,3.716
1013,2024-03-25,5.501,51.47,3.469
1013,2024-03-26,5.892,52.46,3.208
1013,2024-03-27,6.306,53.5,2.932
1013,2024-03-28,6.742,54.6,2.64
1013,2024-03-29,2.222,44.86,5.804
1013,2024-03-30,2.2,42.17,5.764
1013,2024-03-31,,,
1013,2024-04-01,2.292,43.29,5.875
1013,2024-04-02,2.317,43.45,5.511
1013,2024-04-03,2.37,42.59,5.452
1013,2024-04-04,2.309,42.56,5.625
1013,2024-04-05,2.263,44.92,5.439
1013,2024-04-06,2.089,42.42,5.611
1013,2024-04-07,2.281,41.73,5.625
1013,2024-04-08,2.305,42.94,5.548
1013,2024-04-09,1.992,44.66,5.645
1013,2024-04-10,2.279,44.05,5.447
1013,2024-04-11,2.009,43.31,5.298
1013,2024-04-12,1.924,42.05,5.756
1013,2024-04-13,2.247,43.26,5.772
1013,2024-04-14,,,
1013,2024-04-15,2.451,43.96,5.574
1013,2024-04-16,2.149,44.4,5.702
1013,2024-04-17,1.966,41.76,5.585
1013,2024-04-18,2.081,42.93,5.81
1013,2024-04-19,2.209,42.79,5.46
1013,2024-04-20,2.239,45.09,5.677
1013,2024-04-21,2.356,43.06,5.566
1013,2024-04-22,2.224,43.28,5.739
1013,2024-04-23,2.474,42.86,5.645
1013,2024-04-24,2.133,40.49,5.371
1013,2024-04-25,2.356,44.49,5.587
1013,2024-04-26,2.391,41.44,5.489
1013,2024-04-27,2.34,43.32,5.628
1013,2024-04-28,2.37,43.35,5.621
1013,2024-04-29,2.308,43.45,5.457
1013,2024-04-30,2.44,43.61,5.571
1013,2024-05-01,2.424,43.84,5.485
1013,2024-05-02,2.511,44.79,5.47
1013,2024-05-03,2.617,44.5,5.401
1013,2024-05-04,2.743,44.92,5.32
1013,2024-05-05,2.888,45.41,5.225
1013,2024-05-06,3.053,45.97,5.118
1013,2024-05-07,3.237,46.59,4.999
1013,2024-05-08,3.44,47.28,4.867
1013,2024-05-09,3.663,48.04,4.722
1013,2024-05-10,3.905,48.85,4.565
1013,2024-05-11,4.166,49.74,4.395
1013,2024-05-12,4.447,50.69,4.213
1013,2024-05-13,4.747,51.71,4.018
1013,2024-05-14,5.066,52.79,3.81
1013,2024-05-15,5.405,53.93,3.59
1013,2024-05-16,5.763,55.15,3.357
1013,2024-05-17,6.141,56.42,3.112
1013,2024-05-18,2.442,43.33,5.463
1013,2024-05-19,2.463,43.56,5.658
1013,2024-05-20,1.747,42.46,5.49
1013,2024-05-21,2.157,43.4,5.349
1013,2024-05-22,2.045,43.94,5.592
1013,2024-05-23,2.387,43.77,5.966
1013,2024-05-24,2.374,42.4,5.639
1013,2024-05-25,2.376,43.91,5.659
1013,2024-05-26,2.384,42.13,5.627
1013,2024-05-27,2.339,42.6,5.661
1013,2024-05-28,2.244,42.47,5.441
1013,2024-05-29,2.148,42.72,5.677
1013,2024-05-30,2.41,43.21,5.755
1013,2024-05-31,2.268,44.01,5.676
1013,2024-06-01,2.481,44.4,5.681
1013,2024-06-02,2.177,43.78,5.643
1013,2024-06-03,2.212,42.59,5.745
1013,2024-06-04,2.108,44.08,5.47
1013,2024-06-05,2.399,44.32,5.346
1013,2024-06-06,2.1,42.57,5.565
1013,2024-06-07,1.789,42.13,5.634
1013,2024-06-08,2.103,43.17,5.728
1013,2024-06-09,2.126,45.28,5.528
1013,2024-06-10,2.265,43.02,5.663
1013,2024-06-11,2.194,43.15,5.631
1013,2024-06-12,2.523,44.04,5.744
1013,2024-06-13,2.332,42.14,5.569
1013,2024-06-14,2.463,42.24,5.73
1013,2024-06-15,2.549,43.21,5.747
1013,2024-06-16,2.479,44.17,5.597
1013,2024-06-17,2.454,43.01,5.615
1013,2024-06-18,2.172,42.67,5.569
1013,2024-06-19,2.358,41.64,5.532
1013,2024-06-20,2.248,44.92,5.544
1013,2024-06-21,2.425,42.06,5.478
1013,2024-06-22,2.152,44.64,5.743
1013,2024-06-23,2.403,42.61,5.697
1013,2024-06-24,2.168,44.48,5.618
1013,2024-06-25,2.42,45.04,5.652
1013,2024-06-26,2.517,42.44,5.642
1013,2024-06-27,2.518,43.91,5.857
1013,2024-06-28,2.188,44.06,5.766
1013,2024-06-29,2.538,44.58,5.588
1013,2024-06-30,1.923,43.01,5.738
1013,2024-07-01,2.305,44.57,5.394
1013,2024-07-02,,,
1013,2024-07-03,2.274,42.31,5.523
1013,2024-07-04,2.031,44.33,5.683
1013,2024-07-05,,,
1013,2024-07-06,2.127,43.31,5.52
1013,2024-07-07,2.528,43.2,5.528
1013,2024-07-08,2.708,44.1,5.424
1013,2024-07-09,2.446,45.02,5.441
1013,2024-07-10,2.48,42.08,5.491
1013,2024-07-11,2.367,44.39,5.688
1013,2024-07-12,2.255,45.36,5.673
1013,2024-07-13,2.228,42.44,5.744
1013,2024-07-14,2.038,43.9,5.88
1013,2024-07-15,2.114,43.39,5.767
1013,2024-07-16,2.434,43.68,5.367
1013,2024-07-17,2.19,44.58,5.542
1013,2024-07-18,2.351,41.72,5.856
1013,2024-07-19,2.093,42.81,5.657
1013,2024-07-20,2.738,41.93,5.689
1013,2024-07-21,2.549,43.0,5.665
1013,2024-07-22,2.257,45.2,5.431
1013,2024-07-23,2.653,42.27,5.694
1013,2024-07-24,2.379,42.85,5.611
1013,2024-07-25,2.497,42.71,5.488
1013,2024-07-26,2.244,43.73,5.688
1013,2024-07-27,2.185,43.0,5.884
1013,2024-07-28,2.563,42.53,5.606
1013,2024-07-29,2.426,42.55,5.445
1013,2024-07-30,2.444,43.16,5.614
1013,2024-07-31,2.48,42.09,5.5
1013,2024-08-01,2.304,40.9,5.277
1013,2024-08-02,2.186,44.49,5.56
1013,2024-08-03,2.355,43.45,5.687
1013,2024-08-04,1.924,42.72,5.492
1013,2024-08-05,2.296,43.16,5.617
1013,2024-08-06,2.505,44.05,5.611
1013,2024-08-07,2.232,42.45,5.563
1013,2024-08-08,2.654,43.35,5.572
1013,2024-08-09,2.208,42.78,5.583
1013,2024-08-10,2.069,44.55,5.589
1013,2024-08-11,2.396,40.87,5.61
1013,2024-08-12,2.243,41.91,5.704
1013,2024-08-13,2.402,44.73,5.557
1013,2024-08-14,2.148,42.12,5.508
1013,2024-08-15,2.389,42.52,5.701
1013,2024-08-16,2.301,42.09,5.531
1013,2024-08-17,2.329,40.97,5.941
1013,2024-08-18,2.469,43.22,5.593
1013,2024-08-19,2.124,44.0,5.919
1013,2024-08-20,2.245,43.62,5.667
1013,2024-08-21,2.501,42.07,5.674
1013,2024-08-22,2.524,42.78,5.761
1013,2024-08-23,2.422,44.97,5.692
1013,2024-08-24,2.055,43.12,5.61
1013,2024-08-25,2.319,42.37,5.579
1013,2024-08-26,2.197,44.2,5.495
1013,2024-08-27,2.214,43.01,5.49
1013,2024-08-28,1.968,41.43,5.753
1013,2024-08-29,2.269,43.32,5.276
1013,2024-08-30,,,
1013,2024-08-31,2.439,43.48,5.618
1013,2024-09-01,2.432,43.68,5.583
1013,2024-09-02,2.558,43.97,5.589
1013,2024-09-03,2.721,44.34,5.567
1013,2024-09-04,2.92,44.78,5.54
1013,2024-09-05,3.155,45.31,5.275
1013,2024-09-06,3.427,45.93,5.335
1013,2024-09-07,3.734,46.62,5.43
1013,2024-09-08,4.078,47.39,5.383
1013,2024-09-09,4.458,48.25,5.332
1013,2024-09-10,4.874,49.19,5.276
1013,2024-09-11,5.326,50.21,5.215
1013,2024-09-12,5.814,51.31,5.149
1013,2024-09-13,6.339,52.49,5.078
1013,2024-09-14,6.9,53.76,5.002
1013,2024-09-15,7.497,55.1,4.921
1013,2024-09-16,8.13,56.53,4.836
1013,2024-09-17,8.799,58.04,4.745
1013,2024-09-18,9.505,59.63,4.65
1013,2024-09-19,2.134,42.96,5.689
1013,2024-09-20,2.565,43.02,5.708
1013,2024-09-21,2.481,42.85,5.6
1013,2024-09-22,2.06,45.23,5.5
1013,2024-09-23,2.228,41.69,5.642
1013,2024-09-24,2.129,43.75,5.601
1013,2024-09-25,2.035,45.22,5.734
1013,2024-09-26,2.206,43.48,5.485
1013,2024-09-27,2.43,45.47,5.449
1013,2024-09-28,2.283,43.32,5.722
1013,2024-09-29,2.222,43.49,5.656
1013,2024-09-30,1.838,44.11,5.793
1013,2024-10-01,2.709,42.6,5.818
1013,2024-10-02,2.039,43.35,5.347
1013,2024-10-03,2.275,43.9,5.656
1013,2024-10-04,2.434,42.65,5.641
1013,2024-10-05,2.306,43.79,5.63
1013,2024-10-06,2.437,44.42,5.756
1013,2024-10-07,1.805,42.15,5.903
1013,2024-10-08,2.269,43.32,5.591
1013,2024-10-09,2.277,43.73,5.599
1013,2024-10-10,2.301,43.41,5.595
1013,2024-10-11,2.342,44.35,5.554
1013,2024-10-12,2.444,44.57,5.497
1013,2024-10-13,2.472,43.92,5.423
1013,2024-10-14,2.562,44.18,5.333
1013,2024-10-15,2.667,44.5,5.227
1013,2024-10-16,2.789,44.86,5.104
1013,2024-10-17,2.927,45.27,4.965
1013,2024-10-18,3.082,45.73,4.81
1013,2024-10-19,3.253,46.23,4.638
1013,2024-10-20,3.44,46.79,4.45
1013,2024-10-21,3.643,47.39,4.245
1013,2024-10-22,3.862,48.04,4.024
1013,2024-10-23,4.098,48.74,3.787
1013,2024-10-24,4.35,49.49,3.533
1013,2024-10-25,4.619,50.29,3.263
1013,2024-10-26,4.903,51.13,2.977
1013,2024-10-27,5.204,52.02,2.674
1013,2024-10-28,5.521,52.96,2.355
1013,2024-10-29,2.252,43.14,5.633
1013,2024-10-30,2.236,44.16,5.53
1013,2024-10-31,2.46,41.15,5.635
1013,2024-11-01,2.407,44.74,5.454
1013,2024-11-02,2.29,44.01,5.416
1013,2024-11-03,2.239,44.2,5.724
1013,2024-11-04,2.383,43.55,5.495
1013,2024-11-05,2.477,44.33,5.625
1013,2024-11-06,2.182,44.49,5.464
1013,2024-11-07,2.354,44.08,5.391
1013,2024-11-08,1.907,43.08,5.411
1013,2024-11-09,2.135,43.2,5.481
1013,2024-11-10,,,
1013,2024-11-11,1.953,43.15,5.505
1013,2024-11-12,1.967,42.53,5.644
1013,2024-11-13,2.318,42.08,5.552
1013,2024-11-14,1.875,43.26,5.625
1013,2024-11-15,2.204,42.44,5.431
1013,2024-11-16,2.683,42.99,5.769
1013,2024-11-17,2.338,42.08,5.639
1013,2024-11-18,2.618,41.99,5.542
1013,2024-11-19,2.58,42.94,5.727
1013,2024-11-20,2.117,43.12,5.384
1013,2024-11-21,2.229,45.54,5.503
1013,2024-11-22,2.343,43.28,5.66
1013,2024-11-23,2.489,44.42,5.84
1013,2024-11-24,2.555,43.86,5.535
1013,2024-11-25,2.424,43.67,5.876
1013,2024-11-26,2.336,43.06,5.784
1013,2024-11-27,2.059,44.01,5.48
1013,2024-11-28,2.479,43.89,5.686
1013,2024-11-29,2.154,41.95,5.777
1013,2024-11-30,2.466,44.03,5.469
1013,2024-12-01,2.536,43.16,5.83
1013,2024-12-02,1.981,41.76,5.383
1013,2024-12-03,2.672,42.58,5.814
1013,2024-12-04,2.231,44.07,5.78
1013,2024-12-05,2.485,44.3,5.857
1013,2024-12-06,2.459,43.24,5.737
1013,2024-12-07,2.642,44.59,5.653
1013,2024-12-08,2.507,44.16,5.38
1013,2024-12-09,2.597,41.81,5.873
1013,2024-12-10,2.439,42.26,5.709
1013,2024-12-11,2.114,43.71,5.738
1013,2024-12-12,2.234,42.46,5.529
1013,2024-12-13,2.409,42.73,5.285
1013,2024-12-14,2.461,43.66,5.686
1013,2024-12-15,2.301,43.07,5.483
1013,2024-12-16,2.128,42.66,5.609
1013,2024-12-17,2.021,41.94,5.697
1013,2024-12-18,2.289,45.42,5.423
1013,2024-12-19,2.873,41.95,5.681
1013,2024-12-20,2.247,42.92,5.502
1013,2024-12-21,2.174,44.45,5.53
1013,2024-12-22,2.393,43.25,5.726
1013,2024-12-23,2.418,42.4,5.398
1013,2024-12-24,2.298,42.2,5.529
1013,2024-12-25,1.871,44.52,5.578
1013,2024-12-26,2.136,44.13,5.763
1013,2024-12-27,2.146,41.38,5.601
1013,2024-12-28,2.397,41.95,5.712
1013,2024-12-29,2.146,43.99,5.451
1013,2024-12-30,2.225,44.99,5.392
1013,2024-12-31,2.05,42.8,5.589
1013,2025-01-01,2.161,44.31,5.843
1013,2025-01-02,2.714,41.73,5.689
1013,2025-01-03,2.438,41.66,5.549
1013,2025-01-04,2.358,42.08,5.52
1013,2025-01-05,2.104,43.85,5.811
1013,2025-01-06,2.028,43.55,5.706
1013,2025-01-07,2.477,44.07,5.401
1013,2025-01-08,2.27,41.56,5.323
1013,2025-01-09,2.392,45.03,5.898
1013,2025-01-10,2.332,42.93,5.636
1013,2025-01-11,2.298,46.04,5.615
1013,2025-01-12,1.777,43.61,5.666
1013,2025-01-13,2.454,41.51,5.6
1013,2025-01-14,2.625,43.3,5.591
1013,2025-01-15,2.288,42.48,5.603
1013,2025-01-16,2.239,44.91,5.318
1013,2025-01-17,2.317,43.57,5.564
1013,2025-01-18,2.223,44.61,5.543
1013,2025-01-19,1.907,42.53,5.77
1013,2025-01-20,2.202,42.56,5.757
1013,2025-01-21,2.272,43.49,5.556
1013,2025-01-22,2.486,43.42,5.594
1013,2025-01-23,2.077,42.39,5.624
1013,2025-01-24,2.211,43.87,5.903
1013,2025-01-25,2.278,44.53,5.77
1013,2025-01-26,2.367,42.98,5.514
1013,2025-01-27,2.662,42.83,5.826
1013,2025-01-28,2.402,42.84,5.475
1013,2025-01-29,,,
1013,2025-01-30,2.035,43.21,5.628
1013,2025-01-31,2.595,43.78,5.44
1013,2025-02-01,1.931,44.47,5.548
1013,2025-02-02,,,
1013,2025-02-03,2.45,43.05,5.771
1013,2025-02-04,2.296,43.03,5.806
1013,2025-02-05,2.064,44.84,5.354
1013,2025-02-06,2.383,43.21,5.541
1013,2025-02-07,2.181,43.4,5.772
1013,2025-02-08,2.546,43.02,5.688
1013,2025-02-09,1.69,44.24,5.689
1013,2025-02-10,2.293,43.74,5.709
1013,2025-02-11,1.751,42.15,5.726
1013,2025-02-12,2.29,44.29,5.805
1013,2025-02-13,2.213,43.74,5.556
1013,2025-02-14,2.444,44.55,5.283
1013,2025-02-15,2.046,43.87,5.685
1013,2025-02-16,2.077,43.27,5.519
1013,2025-02-17,1.842,42.3,5.368
1013,2025-02-18,2.184,44.33,5.62
1013,2025-02-19,2.308,44.59,5.502
1013,2025-02-20,2.224,42.43,5.603
1013,2025-02-21,2.079,43.26,5.309
1013,2025-02-22,2.229,43.8,5.69
1013,2025-02-23,2.386,43.19,5.604
1013,2025-02-24,2.334,43.72,5.639
1013,2025-02-25,,,
1013,2025-02-26,2.173,42.67,5.492
1013,2025-02-27,2.094,44.56,5.752
1013,2025-02-28,1.716,41.59,5.705
1013,2025-03-01,2.393,43.97,5.573
1013,2025-03-02,2.337,42.52,5.434
1013,2025-03-03,2.064,43.35,5.686
1013,2025-03-04,2.378,42.64,5.537
1013,2025-03-05,2.321,43.48,5.735
1013,2025-03-06,2.176,42.69,5.508
1013,2025-03-07,2.334,43.6,5.637
1013,2025-03-08,,,
1013,2025-03-09,2.134,42.23,5.53
1013,2025-03-10,2.479,43.18,5.69
1013,2025-03-11,1.958,43.96,5.409
1013,2025-03-12,2.654,42.46,5.803
1013,2025-03-13,2.323,45.3,5.549
1013,2025-03-14,2.188,42.93,5.548
1013,2025-03-15,2.358,44.11,5.584
1013,2025-03-16,2.084,41.46,5.558
1013,2025-03-17,2.191,42.3,5.507
1013,2025-03-18,2.672,42.29,5.638
1013,2025-03-19,2.367,42.12,5.519
1013,2025-03-20,2.24,41.7,5.566
1013,2025-03-21,2.241,42.87,5.635
1013,2025-03-22,2.457,42.44,5.58
1013,2025-03-23,2.457,44.96,5.493
1013,2025-03-24,2.207,43.24,5.727
1013,2025-03-25,2.511,43.6,5.897
1013,2025-03-26,2.269,41.18,5.523
1013,2025-03-27,2.264,44.83,5.738
1013,2025-03-28,2.425,44.88,5.507
1013,2025-03-29,2.125,42.18,5.571
1013,2025-03-30,1.96,42.22,5.452
1013,2025-03-31,2.243,42.53,5.525
1013,2025-04-01,2.45,44.75,5.5
1013,2025-04-02,2.213,41.95,5.595
1013,2025-04-03,2.45,42.26,5.562
1013,2025-04-04,2.517,41.69,5.928
1013,2025-04-05,2.204,43.59,5.483
1013,2025-04-06,2.275,44.17,5.702
1013,2025-04-07,2.246,42.32,5.732
1013,2025-04-08,2.405,44.47,5.354
1013,2025-04-09,2.373,43.47,5.362
1013,2025-04-10,2.312,42.45,5.738
1013,2025-04-11,2.55,43.88,5.44
1013,2025-04-12,2.354,44.61,5.566
1013,2025-04-13,2.332,44.61,5.226
1013,2025-04-14,2.128,43.85,5.455
1013,2025-04-15,2.29,44.66,5.576
1013,2025-04-16,2.544,43.32,5.777
1013,2025-04-17,2.418,43.64,5.911
1013,2025-04-18,2.299,45.14,5.523
1013,2025-04-19,2.258,43.2,5.827
1013,2025-04-20,2.091,42.49,5.614
1013,2025-04-21,2.131,42.08,5.581
1013,2025-04-22,2.482,42.79,5.583
1013,2025-04-23,2.282,41.41,5.581
1013,2025-04-24,2.295,42.37,5.393
1013,2025-04-25,2.531,42.15,5.604
1013,2025-04-26,2.194,43.13,5.451
1013,2025-04-27,2.182,41.92,5.666
1013,2025-04-28,2.563,43.2,6.013
1013,2025-04-29,2.403,43.31,5.425
1013,2025-04-30,1.961,44.13,5.858
1013,2025-05-01,,,
1013,2025-05-02,2.122,44.92,5.568
1013,2025-05-03,2.177,43.07,5.767
1013,2025-05-04,2.232,41.91,5.691
1013,2025-05-05,1.952,44.11,5.791
1013,2025-05-06,2.134,43.74,5.814
1013,2025-05-07,2.642,42.88,5.576
1013,2025-05-08,2.238,44.17,5.54
1013,2025-05-09,2.183,45.33,5.709
1013,2025-05-10,2.47,43.71,5.692
1013,2025-05-11,2.006,42.91,5.867
1013,2025-05-12,2.233,43.54,5.304
1013,2025-05-13,2.536,42.4,5.767
1013,2025-05-14,2.28,45.36,5.691
1013,2025-05-15,2.347,42.1,5.575
1013,2025-05-16,2.235,42.29,5.499
1013,2025-05-17,2.349,44.37,5.502
1013,2025-05-18,2.419,43.14,5.503
1013,2025-05-19,2.246,42.08,5.854
1013,2025-05-20,2.301,44.29,5.622
1013,2025-05-21,2.329,44.51,5.579
1013,2025-05-22,1.901,41.68,5.626
1013,2025-05-23,2.462,44.0,5.701
1013,2025-05-24,2.643,44.35,5.729
1013,2025-05-25,2.444,45.23,5.617
1013,2025-05-26,2.328,43.83,5.589
1013,2025-05-27,2.207,44.11,5.505
1013,2025-05-28,2.353,43.45,5.613
1013,2025-05-29,2.671,44.07,5.599
1013,2025-05-30,2.577,45.1,5.528
1013,2025-05-31,2.143,44.07,5.574
1013,2025-06-01,2.585,42.72,5.802
1013,2025-06-02,2.143,43.27,5.735
1013,2025-06-03,2.154,45.35,5.661
1013,2025-06-04,2.254,42.07,5.795
1013,2025-06-05,2.407,42.73,5.637
1013,2025-06-06,2.238,42.67,5.789
1013,2025-06-07,2.481,44.68,5.618
1013,2025-06-08,2.344,42.45,5.832
1013,2025-06-09,2.596,42.92,5.699
1013,2025-06-10,2.008,43.28,5.575
1013,2025-06-11,2.307,43.91,5.446
1013,2025-06-12,2.416,43.97,5.621
1013,2025-06-13,2.589,43.42,5.599
1013,2025-06-14,2.348,43.54,5.461
1013,2025-06-15,2.41,43.72,5.513
1013,2025-06-16,2.49,44.51,5.449
1013,2025-06-17,2.587,44.23,5.37
1013,2025-06-18,2.702,44.56,5.277
1013,2025-06-19,2.835,44.94,5.17
1013,2025-06-20,2.985,45.37,5.048
1013,2025-06-21,3.153,45.85,4.912
1013,2025-06-22,3.339,46.39,4.762
1013,2025-06-23,3.542,46.97,4.598
1013,2025-06-24,3.763,47.6,4.419
1013,2025-06-25,4.002,48.29,4.226
1013,2025-06-26,4.258,49.03,4.018
1013,2025-06-27,4.532,49.81,3.797
1013,2025-06-28,4.824,50.65,3.561
1013,2025-06-29,5.133,51.54,3.31
1013,2025-06-30,,,
1013,2025-07-01,5.805,53.47,2.767
1013,2025-07-02,2.326,44.36,5.87
1013,2025-07-03,2.787,42.98,5.526
1013,2025-07-04,2.061,44.01,5.604
1013,2025-07-05,2.172,43.63,5.554
1013,2025-07-06,2.471,43.55,5.511
1013,2025-07-07,2.07,42.91,5.692
1013,2025-07-08,1.825,43.72,5.473
1013,2025-07-09,1.959,44.46,5.469
1013,2025-07-10,2.327,43.33,5.584
1013,2025-07-11,2.506,42.99,5.701
1013,2025-07-12,2.307,46.16,5.831
1013,2025-07-13,2.301,44.03,5.617
1013,2025-07-14,2.503,44.0,5.756
1013,2025-07-15,2.281,41.86,5.822
1013,2025-07-16,2.555,44.44,5.69
1013,2025-07-17,2.584,41.71,5.745
1013,2025-07-18,2.226,44.54,5.591
1013,2025-07-19,2.542,43.67,5.385
1013,2025-07-20,2.428,42.84,5.736
1013,2025-07-21,2.264,42.63,5.455
1013,2025-07-22,2.285,43.51,5.704
1013,2025-07-23,2.503,42.93,5.5
1013,2025-07-24,2.043,41.59,5.448
1013,2025-07-25,1.972,44.41,5.603
1013,2025-07-26,2.52,41.79,5.434
1013,2025-07-27,,,
1013,2025-07-28,2.344,42.84,5.593
1013,2025-07-29,2.494,44.9,5.589
1013,2025-07-30,1.963,41.78,5.845
1013,2025-07-31,2.024,44.34,5.74
1013,2025-08-01,2.178,43.8,5.586
1013,2025-08-02,2.269,43.32,5.628
1013,2025-08-03,2.319,43.34,5.621
1013,2025-08-04,2.317,43.42,5.572
1013,2025-08-05,2.376,43.56,5.424
1013,2025-08-06,,,
1013,2025-08-07,2.568,43.99,5.456
1013,2025-08-08,2.699,44.38,5.38
1013,2025-08-09,2.855,44.63,5.29
1013,2025-08-10,3.034,45.03,5.187
1013,2025-08-11,3.237,45.48,5.07
1013,2025-08-12,3.464,45.99,4.939
1013,2025-08-13,3.715,46.55,4.794
1013,2025-08-14,3.99,47.17,4.636
1013,2025-08-15,4.289,47.84,4.464
1013,2025-08-16,4.612,48.56,4.278
1013,2025-08-17,4.959,49.34,4.078
1013,2025-08-18,5.329,50.17,3.865
1013,2025-08-19,5.724,51.05,3.638
1013,2025-08-20,6.142,51.99,3.397
1013,2025-08-21,6.584,53.11,3.142
1013,2025-08-22,7.051,54.29,2.873
1013,2025-08-23,5.498,55.55,3.336
1013,2025-08-24,5.847,56.87,3.088
1013,2025-08-25,2.146,43.2,5.65
1013,2025-08-26,2.369,42.9,5.573
1013,2025-08-27,2.543,44.62,5.595
1013,2025-08-28,,,
1013,2025-08-29,2.22,43.12,5.365
1013,2025-08-30,2.475,42.69,5.676
1013,2025-08-31,2.464,44.41,5.653
1013,2025-09-01,2.293,44.24,5.703
1013,2025-09-02,2.346,43.98,5.724
1013,2025-09-03,2.105,41.88,5.89
1013,2025-09-04,2.334,43.64,5.562
1013,2025-09-05,2.149,43.53,5.651
1013,2025-09-06,2.237,43.04,5.822
1013,2025-09-07,2.302,43.79,5.567
1013,2025-09-08,2.47,43.18,5.791
1013,2025-09-09,2.233,43.74,5.549
1013,2025-09-10,2.227,43.33,5.555
1013,2025-09-11,2.197,43.06,5.462
1013,2025-09-12,2.831,45.07,5.601
1013,2025-09-13,2.197,43.3,5.928
1013,2025-09-14,2.375,43.96,5.893
1013,2025-09-15,1.978,44.29,5.635
1013,2025-09-16,2.291,42.39,5.698
1013,2025-09-17,2.039,43.16,5.792
1013,2025-09-18,2.167,42.47,5.465
1013,2025-09-19,2.43,43.17,5.561
1013,2025-09-20,,,
1013,2025-09-21,2.315,44.22,5.345
1013,2025-09-22,2.403,43.35,5.505
1013,2025-09-23,2.316,42.1,5.529
1013,2025-09-24,2.191,43.82,5.572
1013,2025-09-25,2.297,42.34,5.589
1013,2025-09-26,2.477,41.9,5.284
1013,2025-09-27,2.321,43.77,5.685
1013,2025-09-28,2.204,43.39,5.546
1013,2025-09-29,2.185,42.61,5.689
1013,2025-09-30,2.377,44.07,5.707
1013,2025-10-01,2.215,43.8,5.593
1013,2025-10-02,2.467,43.52,5.883
1013,2025-10-03,1.998,44.37,5.366
1013,2025-10-04,2.434,43.65,5.611
1013,2025-10-05,2.116,44.61,5.629
1013,2025-10-06,2.265,43.7,5.83
1013,2025-10-07,2.707,43.69,5.603
1013,2025-10-08,2.49,40.51,5.698
1013,2025-10-09,2.177,43.0,5.645
1013,2025-10-10,2.204,45.27,5.921
1013,2025-10-11,2.461,42.77,5.568
1013,2025-10-12,2.471,43.22,5.485
1013,2025-10-13,2.276,42.91,5.544
1013,2025-10-14,,,
1013,2025-10-15,2.197,43.95,5.829
1013,2025-10-16,1.727,45.25,5.268
1013,2025-10-17,2.501,45.03,5.426
1013,2025-10-18,2.182,43.12,5.827
1013,2025-10-19,2.402,42.45,5.555
1013,2025-10-20,2.246,42.8,5.508
1013,2025-10-21,2.224,43.86,5.549
1013,2025-10-22,2.102,42.95,5.486
1013,2025-10-23,2.435,44.14,5.459
1013,2025-10-24,2.45,43.63,5.63
1013,2025-10-25,2.536,42.11,5.503
1013,2025-10-26,2.423,42.2,5.872
1013,2025-10-27,2.369,44.2,5.246
1013,2025-10-28,2.177,44.2,5.697
1013,2025-10-29,2.291,43.36,5.512
1013,2025-10-30,2.368,44.83,5.867
1013,2025-10-31,1.78,43.29,5.47
1013,2025-11-01,2.047,43.06,5.692
1013,2025-11-02,2.245,43.31,5.86
1013,2025-11-03,2.446,43.9,5.701
1013,2025-11-04,2.564,41.05,5.523
1013,2025-11-05,2.626,43.49,5.59
1013,2025-11-06,2.128,43.5,5.647
1013,2025-11-07,2.295,42.5,5.836
1013,2025-11-08,2.177,42.49,5.639
1013,2025-11-09,2.117,44.59,5.71
1013,2025-11-10,2.209,42.88,5.453
1013,2025-11-11,,,
1013,2025-11-12,2.445,44.28,5.803
1013,2025-11-13,1.981,42.11,5.575
1013,2025-11-14,2.254,45.83,5.545
1013,2025-11-15,2.079,42.6,5.561
1013,2025-11-16,2.564,42.71,5.789
1013,2025-11-17,2.625,41.89,5.694
1013,2025-11-18,2.184,42.73,5.677
1013,2025-11-19,2.137,42.38,5.509
1013,2025-11-20,2.404,42.88,5.355
1013,2025-11-21,2.473,42.23,5.775
1013,2025-11-22,2.079,40.93,5.552
1013,2025-11-23,2.193,44.52,5.744
1013,2025-11-24,2.333,44.1,5.694
1013,2025-11-25,2.066,44.0,5.53
1013,2025-11-26,2.581,43.88,5.453
1013,2025-11-27,2.287,43.94,5.755
1013,2025-11-28,2.291,42.63,5.301
1013,2025-11-29,2.043,46.23,5.269
1013,2025-11-30,2.525,42.74,5.85
1013,2025-12-01,2.006,42.12,5.493
1013,2025-12-02,2.131,45.39,5.644
1013,2025-12-03,2.157,42.94,5.775
1013,2025-12-04,2.251,43.39,5.928
1013,2025-12-05,1.987,42.32,5.465
1013,2025-12-06,2.12,43.07,5.589
1013,2025-12-07,2.396,43.81,5.751
1013,2025-12-08,2.269,43.66,5.614
1013,2025-12-09,2.301,42.11,5.497
1013,2025-12-10,2.474,44.09,5.757
1013,2025-12-11,2.367,42.55,5.362
1013,2025-12-12,2.48,41.76,5.762
1013,2025-12-13,2.282,44.24,5.609
1013,2025-12-14,2.097,43.67,5.615
1013,2025-12-15,2.611,43.1,5.512
1013,2025-12-16,1.934,42.55,5.578
1013,2025-12-17,2.0,44.1,5.771
1013,2025-12-18,2.045,43.06,5.652
1013,2025-12-19,2.753,42.64,5.782
1013,2025-12-20,2.293,43.89,5.702
1013,2025-12-21,2.494,43.62,5.558
1013,2025-12-22,1.962,42.12,5.574
1013,2025-12-23,2.055,44.59,5.622
1013,2025-12-24,2.34,41.65,5.547
1013,2025-12-25,2.183,42.52,5.823
1013,2025-12-26,2.3,43.69,5.442
1013,2025-12-27,2.399,43.24,5.87
1013,2025-12-28,2.295,44.13,5.511
1013,2025-12-29,2.294,43.91,5.482
1013,2025-12-30,2.32,40.95,5.61
1013,2025-12-31,2.235,44.66,5.422
1014,2024-01-01,2.351,44.58,6.615
1014,2024-01-02,2.492,44.88,6.62
1014,2024-01-03,2.709,44.49,6.376
1014,2024-01-04,2.739,46.4,6.542
1014,2024-01-05,2.474,45.33,6.473
1014,2024-01-06,2.542,44.63,6.384
1014,2024-01-07,2.626,44.84,6.276
1014,2024-01-08,2.47,43.44,6.818
1014,2024-01-09,2.32,44.35,6.568
1014,2024-01-10,2.565,46.23,6.386
1014,2024-01-11,2.117,44.85,6.599
1014,2024-01-12,2.366,44.06,6.591
1014,2024-01-13,2.215,42.98,7.014
1014,2024-01-14,2.386,41.71,6.6
1014,2024-01-15,2.291,44.08,6.597
1014,2024-01-16,1.968,43.4,6.764
1014,2024-01-17,2.498,44.52,6.504
1014,2024-01-18,2.345,43.06,6.564
1014,2024-01-19,2.368,44.88,6.591
1014,2024-01-20,,,
1014,2024-01-21,2.147,43.55,6.669
1014,2024-01-22,2.341,44.45,6.638
1014,2024-01-23,2.49,43.68,6.267
1014,2024-01-24,2.666,44.11,6.779
1014,2024-01-25,2.378,43.42,6.546
1014,2024-01-26,2.229,44.61,6.717
1014,2024-01-27,2.568,42.49,6.626
1014,2024-01-28,2.294,44.05,6.703
1014,2024-01-29,2.289,44.7,6.81
1014,2024-01-30,2.333,45.0,6.586
1014,2024-01-31,2.457,44.68,6.549
1014,2024-02-01,2.096,45.43,6.672
1014,2024-02-02,2.358,44.39,6.6
1014,2024-02-03,2.325,46.68,6.88
1014,2024-02-04,2.25,43.64,6.582
1014,2024-02-05,2.668,42.16,6.529
1014,2024-02-06,2.025,42.0,6.911
1014,2024-02-07,2.329,42.28,6.515
1014,2024-02-08,2.375,44.12,6.733
1014,2024-02-09,,,
1014,2024-02-10,2.629,42.69,6.716
1014,2024-02-11,1.922,44.82,6.853
1014,2024-02-12,2.269,42.37,6.824
1014,2024-02-13,2.163,44.2,6.56
1014,2024-02-14,2.057,44.99,6.703
1014,2024-02-15,2.217,45.29,6.798
1014,2024-02-16,2.416,44.36,6.639
1014,2024-02-17,2.279,42.76,6.898
1014,2024-02-18,2.718,43.15,6.854
1014,2024-02-19,2.035,45.55,6.877
1014,2024-02-20,2.402,45.7,6.627
1014,2024-02-21,2.396,43.71,6.683
1014,2024-02-22,2.361,44.99,6.443
1014,2024-02-23,2.464,44.88,6.492
1014,2024-02-24,2.289,43.79,6.71
1014,2024-02-25,2.439,45.16,6.517
1014,2024-02-26,2.291,43.25,6.63
1014,2024-02-27,2.244,44.71,6.465
1014,2024-02-28,2.159,44.73,6.52
1014,2024-02-29,2.258,43.99,6.443
1014,2024-03-01,2.483,43.58,6.67
1014,2024-03-02,2.245,45.66,6.515
1014,2024-03-03,2.484,43.35,6.645
1014,2024-03-04,2.306,43.26,6.712
1014,2024-03-05,2.342,42.75,6.571
1014,2024-03-06,2.598,43.91,6.628
1014,2024-03-07,2.115,43.95,6.967
1014,2024-03-08,2.328,43.33,6.707
1014,2024-03-09,2.522,45.24,6.862
1014,2024-03-10,2.457,44.26,6.849
1014,2024-03-11,2.421,44.72,6.756
1014,2024-03-12,2.62,42.77,6.705
1014,2024-03-13,2.26,43.82,6.384
1014,2024-03-14,2.372,45.69,6.699
1014,2024-03-15,2.694,45.19,6.478
1014,2024-03-16,2.122,44.61,6.426
1014,2024-03-17,2.458,45.29,6.616
1014,2024-03-18,2.468,44.89,6.797
1014,2024-03-19,2.415,44.47,6.715
1014,2024-03-20,2.436,44.57,6.735
1014,2024-03-21,,,
1014,2024-03-22,2.383,43.77,6.743
1014,2024-03-23,2.33,45.92,6.469
1014,2024-03-24,2.427,46.57,6.463
1014,2024-03-25,2.386,44.35,6.639
1014,2024-03-26,2.715,44.16,6.782
1014,2024-03-27,2.551,46.52,6.62
1014,2024-03-28,2.77,44.64,6.515
1014,2024-03-29,2.553,44.78,6.546
1014,2024-03-30,2.441,44.67,6.555
1014,2024-03-31,2.503,44.3,6.529
1014,2024-04-01,2.616,43.87,6.464
1014,2024-04-02,2.201,45.0,6.866
1014,2024-04-03,2.067,42.76,6.654
1014,2024-04-04,2.079,45.26,6.38
1014,2024-04-05,2.507,45.71,6.654
1014,2024-04-06,2.292,43.99,6.705
1014,2024-04-07,2.302,43.84,6.753
1014,2024-04-08,2.381,46.17,6.473
1014,2024-04-09,2.513,44.05,6.348
1014,2024-04-10,2.282,43.67,6.969
1014,2024-04-11,2.2,45.15,6.432
1014,2024-04-12,2.262,43.13,6.414
1014,2024-04-13,2.506,42.16,6.653
1014,2024-04-14,2.321,44.23,6.792
1014,2024-04-15,2.474,43.71,6.775
1014,2024-04-16,2.555,43.45,6.502
1014,2024-04-17,2.306,43.49,6.629
1014,2024-04-18,2.198,43.61,6.515
1014,2024-04-19,2.118,43.92,6.625
1014,2024-04-20,,,
1014,2024-04-21,2.154,45.0,7.0
1014,2024-04-22,2.393,43.88,6.804
1014,2024-04-23,2.101,43.84,6.597
1014,2024-04-24,2.387,43.91,6.604
1014,2024-04-25,2.272,45.03,6.833
1014,2024-04-26,2.506,44.51,6.521
1014,2024-04-27,2.139,46.42,6.586
1014,2024-04-28,2.37,42.06,6.555
1014,2024-04-29,2.49,45.03,6.629
1014,2024-04-30,2.041,45.18,6.881
1014,2024-05-01,2.418,41.32,6.528
1014,2024-05-02,2.243,44.77,6.438
1014,2024-05-03,2.17,44.09,6.455
1014,2024-05-04,2.055,44.07,6.531
1014,2024-05-05,2.36,44.19,6.416
1014,2024-05-06,2.231,44.59,6.438
1014,2024-05-07,2.274,43.82,6.498
1014,2024-05-08,2.49,43.48,6.699
1014,2024-05-09,1.757,45.16,6.663
1014,2024-05-10,2.519,44.2,6.571
1014,2024-05-11,2.788,45.03,6.68
1014,2024-05-12,2.332,46.86,6.631
1014,2024-05-13,2.268,42.84,6.607
1014,2024-05-14,2.324,43.3,6.491
1014,2024-05-15,2.519,43.48,6.744
1014,2024-05-16,2.822,44.09,6.619
1014,2024-05-17,2.185,45.86,6.593
1014,2024-05-18,1.751,44.63,6.569
1014,2024-05-19,2.403,45.28,6.646
1014,2024-05-20,2.328,46.08,6.61
1014,2024-05-21,2.312,42.2,6.439
1014,2024-05-22,2.3,43.83,6.534
1014,2024-05-23,1.918,43.5,6.445
1014,2024-05-24,2.404,44.61,6.184
1014,2024-05-25,2.202,43.15,6.428
1014,2024-05-26,2.399,45.81,7.009
1014,2024-05-27,2.248,43.68,6.357
1014,2024-05-28,2.167,43.41,6.607
1014,2024-05-29,1.987,43.13,6.737
1014,2024-05-30,2.614,42.87,6.597
1014,2024-05-31,2.327,44.13,6.607
1014,2024-06-01,2.411,43.58,6.47
1014,2024-06-02,2.644,44.49,6.514
1014,2024-06-03,2.441,43.69,6.515
1014,2024-06-04,2.39,44.63,6.447
1014,2024-06-05,1.892,44.38,6.6
1014,2024-06-06,,,
1014,2024-06-07,2.515,44.9,6.76
1014,2024-06-08,2.124,43.64,6.882
1014,2024-06-09,2.044,45.41,6.714
1014,2024-06-10,2.417,43.6,7.118
1014,2024-06-11,2.309,43.27,6.652
1014,2024-06-12,2.624,45.05,6.46
1014,2024-06-13,2.084,42.91,6.409
1014,2024-06-14,2.328,43.49,6.666
1014,2024-06-15,2.467,42.64,6.755
1014,2024-06-16,2.43,42.67,6.769
1014,2024-06-17,2.099,44.46,6.634
1014,2024-06-18,2.062,43.24,6.83
1014,2024-06-19,2.25,45.83,6.638
1014,2024-06-20,2.758,45.61,6.571
1014,2024-06-21,2.184,44.51,6.606
1014,2024-06-22,2.252,43.49,6.644
1014,2024-06-23,2.511,44.13,6.724
1014,2024-06-24,2.43,43.9,6.445
1014,2024-06-25,2.609,45.28,6.471
1014,2024-06-26,2.208,42.26,6.807
1014,2024-06-27,2.211,43.98,6.575
1014,2024-06-28,2.502,44.23,6.808
1014,2024-06-29,2.296,44.55,6.729
1014,2024-06-30,2.339,44.84,6.678
1014,2024-07-01,2.142,43.76,6.813
1014,2024-07-02,,,
1014,2024-07-03,2.188,42.97,6.731
1014,2024-07-04,2.218,45.27,6.755
1014,2024-07-05,,,
1014,2024-07-06,2.278,44.03,6.488
1014,2024-07-07,2.273,45.26,6.628
1014,2024-07-08,2.55,43.43,6.861
1014,2024-07-09,2.686,42.46,6.741
1014,2024-07-10,2.276,44.65,6.839
1014,2024-07-11,2.646,44.24,6.867
1014,2024-07-12,2.436,43.81,6.545
1014,2024-07-13,1.904,43.46,6.631
1014,2024-07-14,2.394,44.6,6.853
1014,2024-07-15,2.06,45.02,6.715
1014,2024-07-16,2.554,43.23,6.501
1014,2024-07-17,2.239,42.75,6.703
1014,2024-07-18,2.648,44.82,6.695
1014,2024-07-19,2.618,43.07,6.555
1014,2024-07-20,2.245,45.41,6.576
1014,2024-07-21,2.151,45.56,6.773
1014,2024-07-22,2.551,44.15,6.63
1014,2024-07-23,2.362,46.45,6.468
1014,2024-07-24,2.393,44.22,6.495
1014,2024-07-25,2.534,44.32,6.587
1014,2024-07-26,2.517,44.46,6.603
1014,2024-07-27,2.61,44.63,6.588
1014,2024-07-28,2.724,44.98,6.507
1014,2024-07-29,2.859,45.09,6.548
1014,2024-07-30,3.014,45.39,6.326
1014,2024-07-31,3.19,45.71,6.495
1014,2024-08-01,3.387,46.08,6.463
1014,2024-08-02,3.605,46.49,6.428
1014,2024-08-03,3.843,46.94,6.389
1014,2024-08-04,4.102,47.42,6.347
1014,2024-08-05,4.382,47.94,6.302
1014,2024-08-06,4.682,48.5,6.254
1014,2024-08-07,5.003,49.1,6.202
1014,2024-08-08,5.345,49.74,6.147
1014,2024-08-09,5.708,50.42,6.088
1014,2024-08-10,6.091,51.14,6.026
1014,2024-08-11,6.495,51.89,5.961
1014,2024-08-12,2.339,43.14,6.44
1014,2024-08-13,2.455,43.76,6.373
1014,2024-08-14,2.239,42.39,6.482
1014,2024-08-15,2.317,46.13,6.19
1014,2024-08-16,2.164,42.03,6.551
1014,2024-08-17,2.267,44.07,6.615
1014,2024-08-18,2.508,42.59,6.476
1014,2024-08-19,2.678,44.19,6.559
1014,2024-08-20,2.289,44.35,6.698
1014,2024-08-21,2.431,44.74,6.533
1014,2024-08-22,2.201,43.52,6.771
1014,2024-08-23,2.06,44.84,6.518
1014,2024-08-24,2.234,43.44,6.911
1014,2024-08-25,2.298,43.19,6.626
1014,2024-08-26,2.284,43.34,6.427
1014,2024-08-27,,,
1014,2024-08-28,2.379,45.8,6.666
1014,2024-08-29,2.565,45.02,6.403
1014,2024-08-30,2.24,44.76,6.925
1014,2024-08-31,2.423,42.13,6.563
1014,2024-09-01,2.456,44.04,6.716
1014,2024-09-02,2.539,44.77,7.04
1014,2024-09-03,2.472,42.38,6.526
1014,2024-09-04,2.538,45.1,6.521
1014,2024-09-05,2.36,43.05,6.7
1014,2024-09-06,2.098,44.11,6.269
1014,2024-09-07,2.136,44.38,6.796
1014,2024-09-08,2.259,44.02,6.498
1014,2024-09-09,2.157,44.11,6.848
1014,2024-09-10,,,
1014,2024-09-11,2.308,45.29,6.461
1014,2024-09-12,2.34,45.65,6.431
1014,2024-09-13,2.266,45.49,6.823
1014,2024-09-14,2.413,44.27,6.444
1014,2024-09-15,2.72,42.14,6.636
1014,2024-09-16,2.156,43.03,6.703
1014,2024-09-17,2.24,43.66,6.764
1014,2024-09-18,2.121,44.77,6.639
1014,2024-09-19,2.564,45.32,6.51
1014,2024-09-20,2.516,43.76,6.76
1014,2024-09-21,2.09,43.47,6.704
1014,2024-09-22,2.439,44.23,6.8
1014,2024-09-23,2.077,44.34,6.474
1014,2024-09-24,2.422,44.83,6.87
1014,2024-09-25,2.351,44.9,6.713
1014,2024-09-26,2.359,43.93,6.585
1014,2024-09-27,2.006,41.67,6.727
1014,2024-09-28,2.385,43.72,6.619
1014,2024-09-29,2.384,41.17,6.351
1014,2024-09-30,2.603,43.97,6.532
1014,2024-10-01,2.373,46.82,6.685
1014,2024-10-02,2.34,45.37,6.675
1014,2024-10-03,2.213,44.5,6.667
1014,2024-10-04,2.453,46.36,6.515
1014,2024-10-05,2.507,43.1,6.473
1014,2024-10-06,2.495,44.55,6.565
1014,2024-10-07,2.525,44.68,6.659
1014,2024-10-08,2.319,43.45,6.614
1014,2024-10-09,2.078,43.57,6.682
1014,2024-10-10,2.366,44.84,6.527
1014,2024-10-11,2.632,44.4,6.541
1014,2024-10-12,2.591,43.58,6.537
1014,2024-10-13,,,
1014,2024-10-14,2.75,44.81,6.538
1014,2024-10-15,2.619,43.94,6.62
1014,2024-10-16,2.514,43.41,6.559
1014,2024-10-17,2.162,44.54,6.833
1014,2024-10-18,2.485,44.02,6.521
1014,2024-10-19,,,
1014,2024-10-20,2.779,42.97,6.694
1014,2024-10-21,2.27,44.1,6.882
1014,2024-10-22,2.301,43.78,6.606
1014,2024-10-23,2.585,42.7,6.445
1014,2024-10-24,2.577,45.68,6.745
1014,2024-10-25,2.527,44.29,6.469
1014,2024-10-26,2.257,44.4,6.62
1014,2024-10-27,2.232,45.02,6.588
1014,2024-10-28,2.405,45.54,6.449
1014,2024-10-29,2.447,45.17,6.752
1014,2024-10-30,2.532,43.47,6.68
1014,2024-10-31,2.215,44.38,6.605
1014,2024-11-01,2.05,43.56,6.671
1014,2024-11-02,,,
1014,2024-11-03,2.337,44.54,6.582
1014,2024-11-04,2.328,45.34,6.678
1014,2024-11-05,2.541,43.09,6.735
1014,2024-11-06,2.077,44.93,6.347
1014,2024-11-07,2.351,44.54,6.698
1014,2024-11-08,2.288,43.13,6.467
1014,2024-11-09,2.444,47.06,6.305
1014,2024-11-10,2.347,44.05,6.751
1014,2024-11-11,2.486,45.36,6.795
1014,2024-11-12,2.106,44.11,6.47
1014,2024-11-13,2.272,44.53,6.751
1014,2024-11-14,2.186,45.05,6.637
1014,2024-11-15,2.564,44.22,6.749
1014,2024-11-16,,,
1014,2024-11-17,2.372,45.42,6.817
1014,2024-11-18,2.491,45.27,6.654
1014,2024-11-19,2.315,46.64,6.453
1014,2024-11-20,2.233,44.47,6.519
1014,2024-11-21,2.622,42.39,6.58
1014,2024-11-22,2.338,42.73,6.534
1014,2024-11-23,,,
1014,2024-11-24,2.822,44.18,6.62
1014,2024-11-25,2.4,44.26,6.589
1014,2024-11-26,2.471,45.32,6.539
1014,2024-11-27,2.548,44.62,6.434
1014,2024-11-28,2.659,44.89,6.376
1014,2024-11-29,2.795,45.22,6.264
1014,2024-11-30,2.955,45.61,6.131
1014,2024-12-01,3.14,46.06,5.978
1014,2024-12-02,3.35,46.56,5.805
1014,2024-12-03,3.584,47.13,5.612
1014,2024-12-04,3.843,47.76,5.398
1014,2024-12-05,4.127,48.44,5.164
1014,2024-12-06,4.435,49.19,4.909
1014,2024-12-07,4.768,49.99,4.634
1014,2024-12-08,5.126,50.86,4.339
1014,2024-12-09,5.508,51.78,4.023
1014,2024-12-10,5.915,52.77,3.687
1014,2024-12-11,6.347,53.81,3.331
1014,2024-12-12,6.803,54.92,2.954
1014,2024-12-13,7.284,56.08,2.557
1014,2024-12-14,2.565,46.26,6.787
1014,2024-12-15,2.743,43.6,6.69
1014,2024-12-16,2.158,45.1,6.569
1014,2024-12-17,2.389,44.77,6.957
1014,2024-12-18,2.444,43.96,6.859
1014,2024-12-19,2.312,44.68,6.732
1014,2024-12-20,2.491,44.26,6.611
1014,2024-12-21,1.923,44.85,6.44
1014,2024-12-22,2.489,43.98,6.565
1014,2024-12-23,2.319,44.25,6.64
1014,2024-12-24,1.994,43.41,6.485
1014,2024-12-25,2.309,43.75,6.792
1014,2024-12-26,2.733,44.38,6.442
1014,2024-12-27,2.338,44.48,6.886
1014,2024-12-28,2.759,44.56,6.572
1014,2024-12-29,2.79,45.07,6.513
1014,2024-12-30,2.418,43.42,6.59
1014,2024-12-31,2.302,43.4,6.711
1014,2025-01-01,2.496,42.49,6.794
1014,2025-01-02,2.645,45.47,6.465
1014,2025-01-03,2.712,46.12,6.733
1014,2025-01-04,2.43,44.55,6.563
1014,2025-01-05,2.193,44.81,6.426
1014,2025-01-06,2.66,43.4,6.454
1014,2025-01-07,2.009,44.3,6.817
1014,2025-01-08,2.32,45.6,6.422
1014,2025-01-09,2.376,44.5,6.534
1014,2025-01-10,2.462,42.75,6.636
1014,2025-01-11,2.247,44.48,6.862
1014,2025-01-12,2.393,44.18,6.302
1014,2025-01-13,2.541,45.06,6.653
1014,2025-01-14,2.372,45.85,6.655
1014,2025-01-15,2.201,44.24,6.373
1014,2025-01-16,2.517,44.69,6.561
1014,2025-01-17,2.397,45.18,6.578
1014,2025-01-18,2.173,43.31,6.715
1014,2025-01-19,2.225,43.97,6.58
1014,2025-01-20,2.731,42.52,6.545
1014,2025-01-21,2.33,44.45,6.66
1014,2025-01-22,2.47,44.92,6.795
1014,2025-01-23,2.27,44.55,6.425
1014,2025-01-24,2.334,44.65,6.636
1014,2025-01-25,2.355,43.43,6.593
1014,2025-01-26,2.266,43.35,6.619
1014,2025-01-27,2.514,45.49,6.77
1014,2025-01-28,2.572,44.86,6.534
1014,2025-01-29,2.525,43.83,6.397
1014,2025-01-30,2.287,44.8,6.594
1014,2025-01-31,2.241,43.43,6.429
1014,2025-02-01,1.973,43.2,6.879
1014,2025-02-02,2.575,44.55,6.841
1014,2025-02-03,2.304,44.11,6.461
1014,2025-02-04,2.127,44.5,6.627
1014,2025-02-05,2.14,46.58,6.375
1014,2025-02-06,2.52,44.62,6.599
1014,2025-02-07,2.309,44.37,6.553
1014,2025-02-08,2.512,46.27,6.92
1014,2025-02-09,2.401,43.4,6.702
1014,2025-02-10,2.548,44.06,6.663
1014,2025-02-11,2.415,43.72,6.801
1014,2025-02-12,1.805,44.11,6.566
1014,2025-02-13,2.63,46.5,6.733
1014,2025-02-14,2.112,42.24,6.522
1014,2025-02-15,2.66,45.48,6.536
1014,2025-02-16,2.392,42.86,6.927
1014,2025-02-17,2.212,42.59,6.192
1014,2025-02-18,2.263,44.04,6.722
1014,2025-02-19,2.203,44.1,6.512
1014,2025-02-20,2.436,43.89,6.773
1014,2025-02-21,2.465,43.07,6.51
1014,2025-02-22,2.103,44.87,6.654
1014,2025-02-23,2.002,42.9,6.419
1014,2025-02-24,2.615,44.83,6.798
1014,2025-02-25,2.439,47.06,6.513
1014,2025-02-26,2.104,42.88,6.404
1014,2025-02-27,2.562,44.47,6.128
1014,2025-02-28,2.597,44.33,6.343
1014,2025-03-01,2.458,42.65,6.738
1014,2025-03-02,2.465,44.22,6.429
1014,2025-03-03,2.258,45.2,6.42
1014,2025-03-04,1.787,45.16,6.628
1014,2025-03-05,2.506,44.9,6.599
1014,2025-03-06,2.207,43.63,6.645
1014,2025-03-07,2.756,44.09,6.579
1014,2025-03-08,2.282,43.32,6.91
1014,2025-03-09,2.475,45.4,6.445
1014,2025-03-10,2.213,43.47,6.519
1014,2025-03-11,2.077,43.12,6.585
1014,2025-03-12,2.26,43.62,6.71
1014,2025-03-13,2.779,45.94,6.856
1014,2025-03-14,2.367,42.59,6.631
1014,2025-03-15,1.973,45.12,6.751
1014,2025-03-16,2.568,44.99,6.69
1014,2025-03-17,2.597,43.67,7.09
1014,2025-03-18,2.201,44.43,6.524
1014,2025-03-19,2.384,42.71,6.843
1014,2025-03-20,2.361,44.61,6.622
1014,2025-03-21,2.209,44.69,6.665
1014,2025-03-22,2.379,43.45,6.734
1014,2025-03-23,2.047,44.41,6.823
1014,2025-03-24,2.433,44.25,6.523
1014,2025-03-25,2.559,44.81,6.606
1014,2025-03-26,2.192,44.94,6.48
1014,2025-03-27,2.493,45.32,6.206
1014,2025-03-28,2.514,44.12,6.957
1014,2025-03-29,,,
1014,2025-03-30,2.648,45.14,6.617
1014,2025-03-31,2.361,45.92,6.499
1014,2025-04-01,2.209,44.34,6.589
1014,2025-04-02,2.517,43.76,6.684
1014,2025-04-03,2.464,43.57,6.817
1014,2025-04-04,1.932,44.13,6.672
1014,2025-04-05,2.374,42.49,6.648
1014,2025-04-06,2.209,43.15,6.458
1014,2025-04-07,2.284,44.92,6.53
1014,2025-04-08,2.378,46.29,6.628
1014,2025-04-09,2.664,45.63,6.334
1014,2025-04-10,2.441,43.62,6.546
1014,2025-04-11,2.224,45.48,6.631
1014,2025-04-12,,,
1014,2025-04-13,2.4,43.72,6.357
1014,2025-04-14,2.439,45.59,6.414
1014,2025-04-15,2.901,45.17,6.749
1014,2025-04-16,2.169,45.16,6.245
1014,2025-04-17,2.246,44.84,6.973
1014,2025-04-18,2.551,45.25,6.659
1014,2025-04-19,2.289,43.96,6.767
1014,2025-04-20,2.395,43.95,6.718
1014,2025-04-21,2.036,43.65,6.364
1014,2025-04-22,2.033,45.17,6.719
1014,2025-04-23,2.494,44.74,6.477
1014,2025-04-24,2.157,45.25,6.593
1014,2025-04-25,2.511,43.93,6.627
1014,2025-04-26,2.263,43.98,6.66
1014,2025-04-27,2.421,44.25,6.749
1014,2025-04-28,2.595,44.28,6.632
1014,2025-04-29,2.199,44.03,6.802
1014,2025-04-30,2.201,45.71,6.674
1014,2025-05-01,2.586,44.45,6.54
1014,2025-05-02,2.361,41.61,6.696
1014,2025-05-03,,,
1014,2025-05-04,2.536,44.52,6.752
1014,2025-05-05,2.162,44.42,6.568
1014,2025-05-06,2.351,44.32,6.573
1014,2025-05-07,2.107,44.05,6.778
1014,2025-05-08,2.093,45.81,6.344
1014,2025-05-09,2.488,43.46,6.698
1014,2025-05-10,2.598,45.04,6.549
1014,2025-05-11,2.395,45.22,6.735
1014,2025-05-12,2.066,45.26,6.723
1014,2025-05-13,2.332,46.5,6.479
1014,2025-05-14,2.422,43.39,6.698
1014,2025-05-15,2.351,43.63,6.877
1014,2025-05-16,2.588,44.67,6.566
1014,2025-05-17,2.193,44.82,6.745
1014,2025-05-18,2.419,44.86,7.001
1014,2025-05-19,2.287,43.61,6.33
1014,2025-05-20,2.339,43.9,6.592
1014,2025-05-21,2.288,45.87,6.914
1014,2025-05-22,2.454,44.97,6.602
1014,2025-05-23,2.115,44.97,6.605
1014,2025-05-24,2.296,45.15,6.465
1014,2025-05-25,2.425,46.11,6.201
1014,2025-05-26,2.528,44.15,6.744
1014,2025-05-27,2.57,44.61,6.726
1014,2025-05-28,2.393,42.69,6.825
1014,2025-05-29,2.583,43.95,6.715
1014,2025-05-30,2.609,44.61,6.469
1014,2025-05-31,2.332,44.94,6.328
1014,2025-06-01,2.747,43.56,6.665
1014,2025-06-02,2.661,42.92,6.852
1014,2025-06-03,2.299,43.44,6.689
1014,2025-06-04,,,
1014,2025-06-05,2.263,43.21,6.897
1014,2025-06-06,,,
1014,2025-06-07,2.426,44.75,6.598
1014,2025-06-08,2.41,45.75,6.773
1014,2025-06-09,2.277,44.44,6.56
1014,2025-06-10,2.453,43.5,6.511
1014,2025-06-11,2.596,44.48,6.56
1014,2025-06-12,2.535,43.89,6.728
1014,2025-06-13,2.487,45.33,6.506
1014,2025-06-14,2.29,45.34,6.572
1014,2025-06-15,2.296,42.59,6.671
1014,2025-06-16,2.686,43.99,6.491
1014,2025-06-17,2.365,46.35,6.539
1014,2025-06-18,2.206,45.49,6.656
1014,2025-06-19,2.536,44.06,6.662
1014,2025-06-20,2.683,41.15,6.504
1014,2025-06-21,2.059,44.96,6.538
1014,2025-06-22,2.683,44.65,6.766
1014,2025-06-23,2.163,44.1,6.552
1014,2025-06-24,2.527,45.07,6.62
1014,2025-06-25,2.372,44.54,6.604
1014,2025-06-26,2.235,44.84,6.522
1014,2025-06-27,2.168,44.0,6.734
1014,2025-06-28,2.154,44.08,6.58
1014,2025-06-29,2.109,44.64,6.355
1014,2025-06-30,2.282,43.91,6.876
1014,2025-07-01,2.556,44.15,6.585
1014,2025-07-02,2.362,44.18,6.62
1014,2025-07-03,2.738,44.51,6.59
1014,2025-07-04,2.447,44.41,6.54
1014,2025-07-05,2.521,44.62,6.455
1014,2025-07-06,2.616,44.89,6.381
1014,2025-07-07,2.733,45.22,6.271
1014,2025-07-08,2.87,45.61,6.141
1014,2025-07-09,3.029,46.06,5.992
1014,2025-07-10,3.21,46.57,5.822
1014,2025-07-11,3.411,47.14,5.633
1014,2025-07-12,3.633,47.77,5.423
1014,2025-07-13,3.877,48.46,5.194
1014,2025-07-14,4.142,49.2,4.945
1014,2025-07-15,4.428,50.01,4.675
1014,2025-07-16,4.736,50.88,4.386
1014,2025-07-17,5.064,51.81,4.077
1014,2025-07-18,5.414,52.8,3.748
1014,2025-07-19,5.785,53.84,3.399
1014,2025-07-20,6.177,54.95,3.03
1014,2025-07-21,6.59,56.12,2.641
1014,2025-07-22,2.165,44.13,6.668
1014,2025-07-23,2.113,42.44,6.573
1014,2025-07-24,2.327,42.96,6.453
1014,2025-07-25,2.016,43.25,6.687
1014,2025-07-26,2.292,43.85,6.49
1014,2025-07-27,2.22,42.94,6.777
1014,2025-07-28,2.551,45.58,6.724
1014,2025-07-29,2.032,44.06,6.51
1014,2025-07-30,2.022,43.18,6.588
1014,2025-07-31,2.036,43.42,6.892
1014,2025-08-01,2.124,44.2,6.716
1014,2025-08-02,2.165,43.52,6.77
1014,2025-08-03,2.461,43.07,6.539
1014,2025-08-04,2.182,42.9,6.738
1014,2025-08-05,2.3,44.12,6.421
1014,2025-08-06,2.314,45.89,6.72
1014,2025-08-07,2.448,41.35,6.767
1014,2025-08-08,2.064,43.75,6.586
1014,2025-08-09,2.177,44.17,6.688
1014,2025-08-10,2.334,43.3,6.563
1014,2025-08-11,2.605,46.36,6.578
1014,2025-08-12,2.205,44.3,6.658
1014,2025-08-13,2.192,42.41,6.687
1014,2025-08-14,2.481,44.38,6.644
1014,2025-08-15,2.354,42.93,6.692
1014,2025-08-16,2.338,44.92,6.465
1014,2025-08-17,2.695,44.13,6.396
1014,2025-08-18,,,
1014,2025-08-19,2.487,43.15,6.253
1014,2025-08-20,2.713,44.5,6.367
1014,2025-08-21,2.251,45.75,6.414
1014,2025-08-22,2.788,43.86,6.734
1014,2025-08-23,2.484,43.09,6.72
1014,2025-08-24,2.407,43.75,7.089
1014,2025-08-25,2.63,44.33,6.574
1014,2025-08-26,2.388,43.74,6.568
1014,2025-08-27,1.853,44.56,6.601
1014,2025-08-28,2.397,45.26,6.409
1014,2025-08-29,2.313,43.27,6.772
1014,2025-08-30,2.06,42.55,6.48
1014,2025-08-31,2.486,43.2,6.498
1014,2025-09-01,2.239,42.49,6.648
1014,2025-09-02,2.174,43.32,6.541
1014,2025-09-03,2.778,43.84,6.696
1014,2025-09-04,2.574,42.38,6.732
1014,2025-09-05,2.65,44.12,6.739
1014,2025-09-06,2.698,44.02,6.616
1014,2025-09-07,2.095,42.46,6.488
1014,2025-09-08,2.715,43.62,6.617
1014,2025-09-09,2.147,42.4,6.452
1014,2025-09-10,2.145,44.63,6.387
1014,2025-09-11,2.418,43.74,6.378
1014,2025-09-12,2.282,44.49,6.772
1014,2025-09-13,2.687,45.41,6.405
1014,2025-09-14,2.28,44.67,6.795
1014,2025-09-15,2.478,44.0,6.608
1014,2025-09-16,2.347,44.3,6.565
1014,2025-09-17,,,
1014,2025-09-18,2.298,43.96,6.864
1014,2025-09-19,2.266,45.74,6.401
1014,2025-09-20,2.383,43.41,6.688
1014,2025-09-21,2.323,43.88,6.546
1014,2025-09-22,2.518,44.22,6.457
1014,2025-09-23,2.296,44.34,6.299
1014,2025-09-24,2.407,44.72,6.47
1014,2025-09-25,2.673,42.83,6.471
1014,2025-09-26,2.448,43.48,6.622
1014,2025-09-27,2.899,43.89,6.751
1014,2025-09-28,2.376,44.26,6.681
1014,2025-09-29,2.416,44.6,6.579
1014,2025-09-30,2.473,44.39,6.881
1014,2025-10-01,2.582,44.05,6.525
1014,2025-10-02,2.506,43.07,6.627
1014,2025-10-03,2.348,42.84,6.569
1014,2025-10-04,2.316,42.8,6.722
1014,2025-10-05,2.277,44.79,6.694
1014,2025-10-06,2.355,45.52,6.618
1014,2025-10-07,2.055,43.14,6.715
1014,2025-10-08,2.114,42.6,6.665
1014,2025-10-09,2.128,43.6,6.521
1014,2025-10-10,2.633,44.18,6.767
1014,2025-10-11,2.404,43.43,6.546
1014,2025-10-12,2.555,43.73,6.526
1014,2025-10-13,2.308,44.62,6.733
1014,2025-10-14,2.418,44.32,6.549
1014,2025-10-15,2.191,43.51,6.629
1014,2025-10-16,1.972,42.68,7.016
1014,2025-10-17,2.303,43.81,6.757
1014,2025-10-18,2.254,45.02,6.545
1014,2025-10-19,2.23,42.29,6.543
1014,2025-10-20,2.079,45.47,6.775
1014,2025-10-21,2.467,44.13,6.68
1014,2025-10-22,2.505,45.45,6.486
1014,2025-10-23,2.458,43.31,6.726
1014,2025-10-24,2.563,43.18,6.381
1014,2025-10-25,2.19,42.64,6.823
1014,2025-10-26,2.468,44.19,6.819
1014,2025-10-27,2.339,44.09,6.877
1014,2025-10-28,2.257,43.76,6.429
1014,2025-10-29,2.355,44.05,6.721
1014,2025-10-30,2.165,44.4,6.929
1014,2025-10-31,2.287,43.18,6.694
1014,2025-11-01,2.347,44.88,6.601
1014,2025-11-02,2.005,42.4,6.83
1014,2025-11-03,2.645,43.5,6.412
1014,2025-11-04,2.542,44.3,6.615
1014,2025-11-05,2.507,43.71,6.695
1014,2025-11-06,2.688,44.13,6.559
1014,2025-11-07,2.483,42.41,6.638
1014,2025-11-08,2.469,43.65,6.768
1014,2025-11-09,2.674,43.91,6.754
1014,2025-11-10,2.258,42.56,6.62
1014,2025-11-11,2.091,44.52,6.446
1014,2025-11-12,2.536,42.73,6.397
1014,2025-11-13,2.305,43.13,6.489
1014,2025-11-14,2.554,42.67,6.548
1014,2025-11-15,2.481,44.14,6.512
1014,2025-11-16,,,
1014,2025-11-17,2.34,44.53,6.598
1014,2025-11-18,2.137,44.77,6.607
1014,2025-11-19,2.361,43.6,6.724
1014,2025-11-20,2.32,44.48,6.43
1014,2025-11-21,2.511,45.68,6.539
1014,2025-11-22,,,
1014,2025-11-23,2.406,42.25,6.52
1014,2025-11-24,2.299,45.68,6.78
1014,2025-11-25,2.376,43.08,6.531
1014,2025-11-26,2.336,46.78,6.663
1014,2025-11-27,2.264,44.8,6.848
1014,2025-11-28,2.4,41.68,6.794
1014,2025-11-29,2.134,44.82,6.65
1014,2025-11-30,2.19,43.83,6.65
1014,2025-12-01,2.401,44.15,6.63
1014,2025-12-02,2.538,44.79,6.567
1014,2025-12-03,2.455,44.3,6.464
1014,2025-12-04,2.532,44.49,6.613
1014,2025-12-05,2.672,44.75,6.599
1014,2025-12-06,2.852,45.09,6.582
1014,2025-12-07,3.073,45.51,6.56
1014,2025-12-08,3.334,46.01,6.459
1014,2025-12-09,3.634,46.58,6.506
1014,2025-12-10,3.975,47.22,6.473
1014,2025-12-11,4.356,47.94,6.436
1014,2025-12-12,4.777,48.74,6.395
1014,2025-12-13,5.238,49.61,6.35
1014,2025-12-14,5.739,50.56,6.302
1014,2025-12-15,6.281,51.59,6.249
1014,2025-12-16,6.862,52.69,6.193
1014,2025-12-17,7.484,53.86,6.132
1014,2025-12-18,,,
1014,2025-12-19,8.847,56.45,6.0
1014,2025-12-20,9.589,57.85,5.928
1014,2025-12-21,10.371,59.33,5.852
1014,2025-12-22,2.567,44.75,6.739
1014,2025-12-23,1.967,44.81,6.556
1014,2025-12-24,2.419,42.95,6.719
1014,2025-12-25,2.351,44.25,6.315
1014,2025-12-26,2.474,44.31,6.64
1014,2025-12-27,2.116,43.01,6.517
1014,2025-12-28,,,
1014,2025-12-29,2.529,43.89,6.48
1014,2025-12-30,1.966,45.93,6.936
1014,2025-12-31,2.333,45.05,6.991
1015,2024-01-01,1.983,48.57,6.213
1015,2024-01-02,2.256,49.2,6.005
1015,2024-01-03,2.036,49.29,5.86
1015,2024-01-04,1.935,48.27,5.808
1015,2024-01-05,1.874,47.95,5.921
1015,2024-01-06,1.52,46.55,6.189
1015,2024-01-07,1.757,48.67,5.956
1015,2024-01-08,2.092,48.16,5.975
1015,2024-01-09,1.941,47.65,5.836
1015,2024-01-10,1.758,46.61,6.192
1015,2024-01-11,1.87,46.55,5.916
1015,2024-01-12,1.744,47.43,5.858
1015,2024-01-13,1.491,48.75,6.011
1015,2024-01-14,1.831,47.9,5.865
1015,2024-01-15,1.747,47.04,5.922
1015,2024-01-16,1.626,48.71,5.706
1015,2024-01-17,1.835,49.0,5.714
1015,2024-01-18,1.811,48.16,6.037
1015,2024-01-19,1.906,47.68,5.835
1015,2024-01-20,1.878,48.19,6.035
1015,2024-01-21,1.91,47.79,6.022
1015,2024-01-22,1.827,48.48,6.061
1015,2024-01-23,1.725,46.83,6.055
1015,2024-01-24,1.852,49.16,6.119
1015,2024-01-25,1.871,47.97,5.934
1015,2024-01-26,2.065,50.24,5.904
1015,2024-01-27,1.882,45.82,6.116
1015,2024-01-28,1.735,47.05,5.786
1015,2024-01-29,2.035,46.41,5.816
1015,2024-01-30,1.866,47.96,5.765
1015,2024-01-31,2.037,48.32,5.837
1015,2024-02-01,2.304,47.33,6.142
1015,2024-02-02,2.034,48.1,6.16
1015,2024-02-03,1.618,48.12,5.889
1015,2024-02-04,1.687,47.13,5.738
1015,2024-02-05,1.975,47.88,5.841
1015,2024-02-06,1.541,46.75,5.985
1015,2024-02-07,1.778,47.47,6.192
1015,2024-02-08,1.915,47.33,5.924
1015,2024-02-09,1.772,47.21,6.099
1015,2024-02-10,1.699,46.83,6.076
1015,2024-02-11,1.86,48.24,5.74
1015,2024-02-12,1.794,47.87,6.131
1015,2024-02-13,1.766,49.71,6.154
1015,2024-02-14,1.974,45.79,6.044
1015,2024-02-15,1.738,47.8,5.946
1015,2024-02-16,1.823,47.99,6.141
1015,2024-02-17,2.119,48.45,6.045
1015,2024-02-18,2.044,48.16,5.986
1015,2024-02-19,1.876,50.24,6.028
1015,2024-02-20,1.832,47.15,6.18
1015,2024-02-21,1.923,46.27,5.815
1015,2024-02-22,1.917,48.47,5.93
1015,2024-02-23,1.613,47.06,5.889
1015,2024-02-24,1.717,48.06,5.999
1015,2024-02-25,2.093,47.61,5.984
1015,2024-02-26,1.68,49.98,5.904
1015,2024-02-27,2.202,46.92,5.999
1015,2024-02-28,2.01,49.51,5.942
1015,2024-02-29,1.867,48.35,6.153
1015,2024-03-01,1.778,48.1,6.127
1015,2024-03-02,1.898,48.03,5.955
1015,2024-03-03,2.034,46.88,5.975
1015,2024-03-04,1.967,47.95,5.914
1015,2024-03-05,2.142,48.05,5.834
1015,2024-03-06,1.971,47.55,6.026
1015,2024-03-07,1.746,46.66,6.109
1015,2024-03-08,1.989,47.37,5.677
1015,2024-03-09,2.028,47.67,5.811
1015,2024-03-10,1.857,47.73,6.124
1015,2024-03-11,1.696,46.48,6.171
1015,2024-03-12,1.723,48.06,5.822
1015,2024-03-13,1.99,49.05,5.792
1015,2024-03-14,1.7,47.75,5.745
1015,2024-03-15,2.232,49.35,6.117
1015,2024-03-16,2.028,48.19,5.984
1015,2024-03-17,1.517,47.46,5.941
1015,2024-03-18,1.661,46.9,5.835
1015,2024-03-19,1.891,46.69,6.069
1015,2024-03-20,1.626,47.19,5.891
1015,2024-03-21,1.847,47.72,6.165
1015,2024-03-22,2.056,46.84,5.928
1015,2024-03-23,2.005,47.64,6.083
1015,2024-03-24,1.659,49.66,6.038
1015,2024-03-25,2.028,45.96,5.979
1015,2024-03-26,2.076,48.17,5.913
1015,2024-03-27,1.734,48.06,6.218
1015,2024-03-28,2.003,48.28,6.151
1015,2024-03-29,1.753,48.24,5.812
1015,2024-03-30,1.611,47.9,6.212
1015,2024-03-31,2.114,47.57,5.766
1015,2024-04-01,2.105,47.69,6.045
1015,2024-04-02,1.69,47.01,6.065
1015,2024-04-03,1.35,47.21,5.962
1015,2024-04-04,2.079,48.0,5.81
1015,2024-04-05,1.754,47.99,5.822
1015,2024-04-06,1.95,48.09,6.094
1015,2024-04-07,1.611,47.19,5.846
1015,2024-04-08,1.975,46.71,5.962
1015,2024-04-09,2.092,50.03,5.993
1015,2024-04-10,1.904,48.42,5.863
1015,2024-04-11,2.036,48.81,5.8
1015,2024-04-12,1.938,48.17,5.771
1015,2024-04-13,2.07,48.67,5.899
1015,2024-04-14,1.767,48.94,6.115
1015,2024-04-15,1.761,49.3,5.943
1015,2024-04-16,1.482,47.87,5.918
1015,2024-04-17,1.785,48.47,6.218
1015,2024-04-18,1.813,48.79,6.169
1015,2024-04-19,1.644,46.39,6.089
1015,2024-04-20,2.077,47.95,6.026
1015,2024-04-21,1.819,48.31,6.047
1015,2024-04-22,2.472,47.03,6.11
1015,2024-04-23,1.994,47.34,6.005
1015,2024-04-24,1.71,49.07,6.106
1015,2024-04-25,1.872,48.37,5.997
1015,2024-04-26,2.021,47.88,6.112
1015,2024-04-27,2.09,47.41,5.758
1015,2024-04-28,2.175,48.12,5.802
1015,2024-04-29,1.784,51.29,6.184
1015,2024-04-30,2.075,48.08,6.158
1015,2024-05-01,1.866,46.95,5.837
1015,2024-05-02,2.065,46.3,5.802
1015,2024-05-03,1.851,49.02,6.119
1015,2024-05-04,1.867,48.45,5.926
1015,2024-05-05,1.943,47.01,5.974
1015,2024-05-06,1.746,49.34,6.165
1015,2024-05-07,1.875,49.23,6.047
1015,2024-05-08,1.953,47.19,5.975
1015,2024-05-09,1.51,47.22,6.157
1015,2024-05-10,,,
1015,2024-05-11,1.78,47.92,5.869
1015,2024-05-12,2.077,48.45,6.415
1015,2024-05-13,1.904,49.04,6.074
1015,2024-05-14,1.872,47.36,6.2
1015,2024-05-15,1.728,48.23,5.837
1015,2024-05-16,1.963,46.65,6.26
1015,2024-05-17,1.815,48.59,5.771
1015,2024-05-18,2.07,49.02,6.05
1015,2024-05-19,1.82,45.17,6.012
1015,2024-05-20,1.867,46.74,5.825
1015,2024-05-21,1.996,48.29,6.05
1015,2024-05-22,1.968,46.33,5.502
1015,2024-05-23,1.565,47.98,6.08
1015,2024-05-24,1.916,48.53,5.958
1015,2024-05-25,1.865,48.06,5.863
1015,2024-05-26,1.504,48.64,5.742
1015,2024-05-27,1.631,47.85,5.761
1015,2024-05-28,2.065,49.02,5.787
1015,2024-05-29,1.944,47.95,5.801
1015,2024-05-30,1.885,47.98,5.953
1015,2024-05-31,2.063,48.05,5.733
1015,2024-06-01,1.944,48.18,5.849
1015,2024-06-02,2.151,48.35,5.687
1015,2024-06-03,2.063,48.57,5.74
1015,2024-06-04,2.175,48.84,5.643
1015,2024-06-05,2.242,49.15,5.528
1015,2024-06-06,2.353,49.52,5.395
1015,2024-06-07,2.48,49.94,5.245
1015,2024-06-08,2.621,50.4,5.077
1015,2024-06-09,2.777,50.92,4.891
1015,2024-06-10,2.948,51.48,4.687
1015,2024-06-11,3.134,52.09,4.466
1015,2024-06-12,3.335,52.75,4.227
1015,2024-06-13,3.55,53.46,3.971
1015,2024-06-14,3.781,54.22,3.696
1015,2024-06-15,4.026,55.03,3.404
1015,2024-06-16,4.286,55.89,3.095
1015,2024-06-17,4.562,56.79,2.767
1015,2024-06-18,4.851,57.75,2.422
1015,2024-06-19,,,
1015,2024-06-20,1.923,49.35,5.902
1015,2024-06-21,1.973,48.32,6.036
1015,2024-06-22,1.926,48.14,6.083
1015,2024-06-23,2.133,47.47,5.832
1015,2024-06-24,2.022,49.66,6.186
1015,2024-06-25,2.243,49.23,5.829
1015,2024-06-26,2.002,47.1,6.062
1015,2024-06-27,1.695,49.17,5.917
1015,2024-06-28,2.103,48.23,5.936
1015,2024-06-29,1.665,47.71,5.911
1015,2024-06-30,1.849,49.13,6.115
1015,2024-07-01,1.618,47.34,6.091
1015,2024-07-02,2.061,48.07,5.963
1015,2024-07-03,2.161,49.23,6.138
1015,2024-07-04,1.602,48.18,5.755
1015,2024-07-05,1.696,46.6,6.027
1015,2024-07-06,1.733,47.32,5.756
1015,2024-07-07,1.493,48.21,5.542
1015,2024-07-08,1.847,47.26,5.714
1015,2024-07-09,1.816,48.0,6.084
1015,2024-07-10,1.59,48.67,5.94
1015,2024-07-11,1.41,47.41,5.976
1015,2024-07-12,1.567,46.72,5.826
1015,2024-07-13,1.915,48.32,5.848
1015,2024-07-14,1.556,49.64,5.779
1015,2024-07-15,1.863,47.85,5.939
1015,2024-07-16,1.908,48.42,5.985
1015,2024-07-17,2.002,48.54,5.956
1015,2024-07-18,1.847,48.33,5.948
1015,2024-07-19,1.906,46.75,5.926
1015,2024-07-20,2.157,48.46,5.972
1015,2024-07-21,1.743,48.55,6.061
1015,2024-07-22,1.866,47.22,5.832
1015,2024-07-23,2.117,48.42,6.035
1015,2024-07-24,1.628,47.2,6.125
1015,2024-07-25,1.989,46.92,5.754
1015,2024-07-26,1.34,47.13,5.843
1015,2024-07-27,1.539,49.1,5.904
1015,2024-07-28,1.542,48.9,5.8
1015,2024-07-29,1.823,48.16,5.886
1015,2024-07-30,1.859,49.65,5.866
1015,2024-07-31,1.399,47.25,6.203
1015,2024-08-01,2.235,48.89,6.004
1015,2024-08-02,2.287,47.54,6.191
1015,2024-08-03,2.119,45.91,5.935
1015,2024-08-04,1.826,48.81,5.96
1015,2024-08-05,1.963,48.28,5.938
1015,2024-08-06,1.727,46.55,5.926
1015,2024-08-07,1.755,47.6,6.362
1015,2024-08-08,1.715,48.47,6.148
1015,2024-08-09,1.929,47.62,5.985
1015,2024-08-10,1.764,48.76,5.646
1015,2024-08-11,1.776,46.44,5.893
1015,2024-08-12,2.227,50.16,6.105
1015,2024-08-13,1.802,47.84,6.009
1015,2024-08-14,1.992,47.24,5.918
1015,2024-08-15,1.95,47.44,6.085
1015,2024-08-16,,,
1015,2024-08-17,1.787,46.35,5.848
1015,2024-08-18,2.1,46.83,5.99
1015,2024-08-19,1.767,48.15,6.074
1015,2024-08-20,2.007,48.77,6.076
1015,2024-08-21,1.787,46.76,5.936
1015,2024-08-22,1.798,48.35,5.874
1015,2024-08-23,2.17,47.55,5.95
1015,2024-08-24,1.524,50.19,6.052
1015,2024-08-25,1.73,48.59,6.006
1015,2024-08-26,1.751,48.73,6.133
1015,2024-08-27,1.956,48.32,5.908
1015,2024-08-28,1.734,48.45,5.954
1015,2024-08-29,1.893,47.75,5.934
1015,2024-08-30,2.006,47.18,6.021
1015,2024-08-31,2.265,49.62,5.797
1015,2024-09-01,2.064,49.39,6.155
1015,2024-09-02,1.591,49.06,5.92
1015,2024-09-03,2.217,46.93,6.174
1015,2024-09-04,1.871,47.96,6.181
1015,2024-09-05,1.675,48.67,5.756
1015,2024-09-06,1.916,48.07,6.0
1015,2024-09-07,1.672,46.2,6.048
1015,2024-09-08,1.791,47.94,5.957
1015,2024-09-09,1.688,46.63,6.05
1015,2024-09-10,1.771,46.85,5.833
1015,2024-09-11,1.37,48.51,6.109
1015,2024-09-12,2.124,44.8,6.002
1015,2024-09-13,1.88,49.1,5.929
1015,2024-09-14,2.035,46.91,5.585
1015,2024-09-15,1.946,47.47,6.083
1015,2024-09-16,1.849,47.78,5.746
1015,2024-09-17,2.138,47.55,6.177
1015,2024-09-18,2.13,47.7,6.121
1015,2024-09-19,1.795,47.18,5.762
1015,2024-09-20,2.03,48.08,5.737
1015,2024-09-21,1.796,46.86,6.026
1015,2024-09-22,1.769,47.86,6.156
1015,2024-09-23,1.955,47.96,5.998
1015,2024-09-24,1.883,47.69,6.005
1015,2024-09-25,1.843,49.15,5.987
1015,2024-09-26,1.459,47.78,6.217
1015,2024-09-27,1.696,47.39,6.043
1015,2024-09-28,1.886,50.11,5.777
1015,2024-09-29,2.006,49.4,6.171
1015,2024-09-30,1.997,48.54,6.118
1015,2024-10-01,1.755,47.68,5.961
1015,2024-10-02,1.961,49.5,5.939
1015,2024-10-03,1.616,48.3,6.185
1015,2024-10-04,1.955,47.82,6.057
1015,2024-10-05,2.239,47.83,5.931
1015,2024-10-06,1.82,48.9,6.15
1015,2024-10-07,1.661,48.27,5.913
1015,2024-10-08,2.077,47.36,5.934
1015,2024-10-09,1.841,45.81,5.701
1015,2024-10-10,1.867,48.72,5.908
1015,2024-10-11,1.975,48.04,6.371
1015,2024-10-12,,,
1015,2024-10-13,2.009,48.2,5.763
1015,2024-10-14,1.723,48.95,6.111
1015,2024-10-15,1.714,48.48,5.847
1015,2024-10-16,1.924,47.94,6.103
1015,2024-10-17,1.954,47.79,6.22
1015,2024-10-18,1.91,46.07,5.912
1015,2024-10-19,1.999,46.42,5.877
1015,2024-10-20,1.855,50.03,6.128
1015,2024-10-21,1.736,47.09,6.052
1015,2024-10-22,1.96,47.28,6.194
1015,2024-10-23,1.551,50.02,5.936
1015,2024-10-24,1.866,48.24,6.036
1015,2024-10-25,2.058,45.96,5.868
1015,2024-10-26,1.979,45.4,5.794
1015,2024-10-27,2.095,46.23,5.809
1015,2024-10-28,1.818,47.52,5.816
1015,2024-10-29,1.819,48.78,6.207
1015,2024-10-30,1.771,48.38,6.102
1015,2024-10-31,1.768,47.41,5.981
1015,2024-11-01,1.909,48.78,5.946
1015,2024-11-02,2.064,46.52,5.941
1015,2024-11-03,1.861,47.58,6.153
1015,2024-11-04,2.182,49.06,5.961
1015,2024-11-05,1.963,50.71,5.706
1015,2024-11-06,1.461,47.26,5.942
1015,2024-11-07,2.001,46.89,5.684
1015,2024-11-08,1.775,48.16,5.888
1015,2024-11-09,1.889,48.2,5.836
1015,2024-11-10,1.724,48.72,5.691
1015,2024-11-11,1.764,48.53,5.699
1015,2024-11-12,2.283,49.6,5.958
1015,2024-11-13,,,
1015,2024-11-14,1.801,48.66,6.031
1015,2024-11-15,1.721,46.98,5.825
1015,2024-11-16,1.797,47.72,5.818
1015,2024-11-17,1.748,48.16,5.981
1015,2024-11-18,,,
1015,2024-11-19,2.101,49.2,6.106
1015,2024-11-20,1.564,48.67,5.97
1015,2024-11-21,1.964,48.27,5.814
1015,2024-11-22,1.86,48.02,6.06
1015,2024-11-23,1.82,48.95,6.007
1015,2024-11-24,2.032,47.23,5.876
1015,2024-11-25,1.724,46.78,5.797
1015,2024-11-26,1.705,47.54,5.879
1015,2024-11-27,1.856,46.96,6.134
1015,2024-11-28,1.73,47.46,6.157
1015,2024-11-29,1.771,45.51,5.91
1015,2024-11-30,2.038,47.91,5.989
1015,2024-12-01,1.617,47.29,6.2
1015,2024-12-02,2.126,48.72,5.751
1015,2024-12-03,2.149,48.96,5.884
1015,2024-12-04,1.812,48.57,5.925
1015,2024-12-05,2.009,46.38,6.013
1015,2024-12-06,1.668,48.17,5.708
1015,2024-12-07,1.826,48.27,6.024
1015,2024-12-08,,,
1015,2024-12-09,1.716,48.45,6.094
1015,2024-12-10,2.073,47.13,5.945
1015,2024-12-11,1.956,46.44,5.884
1015,2024-12-12,2.075,48.4,6.088
1015,2024-12-13,1.573,47.46,5.963
1015,2024-12-14,1.861,50.1,5.816
1015,2024-12-15,,,
1015,2024-12-16,1.579,47.44,5.916
1015,2024-12-17,2.101,48.12,6.003
1015,2024-12-18,1.904,47.98,6.157
1015,2024-12-19,1.961,47.82,5.741
1015,2024-12-20,2.19,47.06,6.065
1015,2024-12-21,1.781,47.18,6.092
1015,2024-12-22,2.206,49.53,6.292
1015,2024-12-23,1.523,47.17,5.678
1015,2024-12-24,2.168,49.62,6.08
1015,2024-12-25,2.051,47.17,6.293
1015,2024-12-26,1.655,48.79,6.016
1015,2024-12-27,1.635,47.97,5.965
1015,2024-12-28,2.403,49.37,5.906
1015,2024-12-29,1.772,48.09,5.701
1015,2024-12-30,2.133,48.03,6.159
1015,2024-12-31,1.974,47.46,5.767
1015,2025-01-01,1.918,48.22,5.678
1015,2025-01-02,1.863,48.59,6.077
1015,2025-01-03,1.644,48.88,6.114
1015,2025-01-04,1.659,47.79,6.089
1015,2025-01-05,1.729,47.94,6.085
1015,2025-01-06,2.078,47.83,5.813
1015,2025-01-07,1.506,45.9,5.946
1015,2025-01-08,1.676,48.19,5.903
1015,2025-01-09,1.975,46.76,5.825
1015,2025-01-10,1.868,48.0,6.012
1015,2025-01-11,1.791,47.4,5.797
1015,2025-01-12,1.689,47.47,5.931
1015,2025-01-13,,,
1015,2025-01-14,1.731,46.71,5.941
1015,2025-01-15,1.651,47.98,5.932
1015,2025-01-16,1.78,49.55,6.076
1015,2025-01-17,1.69,49.57,5.768
1015,2025-01-18,1.575,49.78,6.006
1015,2025-01-19,2.151,49.16,6.133
1015,2025-01-20,1.462,48.43,6.047
1015,2025-01-21,2.038,49.94,5.842
1015,2025-01-22,1.792,47.97,6.085
1015,2025-01-23,1.76,48.91,5.892
1015,2025-01-24,1.63,48.58,6.077
1015,2025-01-25,1.684,48.19,5.805
1015,2025-01-26,1.786,47.16,5.788
1015,2025-01-27,1.457,48.32,6.191
1015,2025-01-28,2.077,49.89,5.926
1015,2025-01-29,1.904,48.36,5.927
1015,2025-01-30,1.866,47.69,5.76
1015,2025-01-31,1.862,48.23,5.877
1015,2025-02-01,2.093,47.65,6.177
1015,2025-02-02,1.868,47.95,6.032
1015,2025-02-03,2.024,47.2,5.951
1015,2025-02-04,1.74,48.76,5.67
1015,2025-02-05,2.22,47.66,6.078
1015,2025-02-06,1.738,47.85,6.019
1015,2025-02-07,1.658,47.95,6.13
1015,2025-02-08,1.736,46.4,5.889
1015,2025-02-09,2.055,49.46,6.036
1015,2025-02-10,,,
1015,2025-02-11,1.945,47.35,5.732
1015,2025-02-12,2.299,50.58,5.663
1015,2025-02-13,1.887,48.09,5.954
1015,2025-02-14,1.913,48.08,5.899
1015,2025-02-15,1.958,48.31,5.896
1015,2025-02-16,2.135,48.45,5.706
1015,2025-02-17,2.101,48.73,5.78
1015,2025-02-18,2.2,49.06,5.7
1015,2025-02-19,2.316,49.47,5.606
1015,2025-02-20,2.451,49.93,5.497
1015,2025-02-21,2.603,50.45,5.373
1015,2025-02-22,2.773,51.04,5.235
1015,2025-02-23,2.961,51.68,5.083
1015,2025-02-24,3.168,52.39,4.916
1015,2025-02-25,3.391,53.16,4.734
1015,2025-02-26,3.633,54.0,4.538
1015,2025-02-27,3.893,54.89,4.328
1015,2025-02-28,4.171,55.84,4.102
1015,2025-03-01,4.466,56.86,3.863
1015,2025-03-02,4.78,57.94,3.609
1015,2025-03-03,5.111,59.08,3.34
1015,2025-03-04,5.461,60.28,3.057
1015,2025-03-05,1.841,46.53,5.821
1015,2025-03-06,1.487,48.76,6.027
1015,2025-03-07,,,
1015,2025-03-08,1.931,46.97,5.713
1015,2025-03-09,1.916,47.99,5.879
1015,2025-03-10,1.761,47.42,5.844
1015,2025-03-11,1.858,45.41,5.691
1015,2025-03-12,1.731,45.99,5.972
1015,2025-03-13,1.823,49.76,5.97
1015,2025-03-14,1.732,47.91,5.944
1015,2025-03-15,1.738,49.58,6.171
1015,2025-03-16,1.73,48.05,5.715
1015,2025-03-17,1.352,48.86,6.045
1015,2025-03-18,1.706,49.1,5.988
1015,2025-03-19,2.044,47.48,5.798
1015,2025-03-20,2.16,49.39,6.144
1015,2025-03-21,1.752,49.32,5.768
1015,2025-03-22,1.879,47.72,5.974
1015,2025-03-23,2.128,48.06,6.038
1015,2025-03-24,1.542,46.83,5.896
1015,2025-03-25,1.946,49.61,5.845
1015,2025-03-26,1.523,47.05,6.086
1015,2025-03-27,1.948,48.06,6.125
1015,2025-03-28,1.823,47.44,5.872
1015,2025-03-29,1.844,47.57,6.147
1015,2025-03-30,1.819,48.94,5.999
1015,2025-03-31,2.258,48.18,5.772
1015,2025-04-01,1.33,49.16,6.07
1015,2025-04-02,1.578,48.0,5.934
1015,2025-04-03,1.912,49.14,5.884
1015,2025-04-04,1.917,46.93,6.01
1015,2025-04-05,1.717,47.26,6.007
1015,2025-04-06,1.937,44.54,5.835
1015,2025-04-07,1.866,49.21,5.869
1015,2025-04-08,1.889,49.03,6.05
1015,2025-04-09,2.1,46.64,6.066
1015,2025-04-10,1.69,47.02,6.219
1015,2025-04-11,1.911,47.89,5.948
1015,2025-04-12,2.055,46.94,5.979
1015,2025-04-13,1.756,49.3,5.835
1015,2025-04-14,2.12,49.76,6.255
1015,2025-04-15,1.693,48.25,5.993
1015,2025-04-16,1.529,48.3,6.026
1015,2025-04-17,1.644,47.75,6.152
1015,2025-04-18,1.884,46.65,6.068
1015,2025-04-19,2.074,46.43,5.841
1015,2025-04-20,,,
1015,2025-04-21,1.854,47.86,6.131
1015,2025-04-22,1.859,49.17,6.007
1015,2025-04-23,1.992,47.27,5.882
1015,2025-04-24,1.664,48.39,5.923
1015,2025-04-25,1.839,49.94,6.12
1015,2025-04-26,1.677,49.88,5.776
1015,2025-04-27,1.958,49.01,5.935
1015,2025-04-28,2.036,48.95,6.128
1015,2025-04-29,1.403,45.57,6.115
1015,2025-04-30,1.908,47.52,5.801
1015,2025-05-01,1.825,48.26,5.94
1015,2025-05-02,2.012,47.99,6.012
1015,2025-05-03,1.714,48.78,5.997
1015,2025-05-04,1.87,49.02,5.922
1015,2025-05-05,1.616,48.54,5.871
1015,2025-05-06,,,
1015,2025-05-07,2.331,47.51,5.98
1015,2025-05-08,1.917,47.04,5.961
1015,2025-05-09,2.18,49.09,6.209
1015,2025-05-10,2.182,48.38,6.014
1015,2025-05-11,1.813,49.28,6.071
1015,2025-05-12,1.884,48.15,6.051
1015,2025-05-13,1.9,46.92,5.912
1015,2025-05-14,2.08,47.85,6.088
1015,2025-05-15,1.729,46.98,5.873
1015,2025-05-16,2.017,46.52,6.118
1015,2025-05-17,,,
1015,2025-05-18,2.0,48.92,5.883
1015,2025-05-19,1.862,47.66,6.085
1015,2025-05-20,1.519,46.88,5.894
1015,2025-05-21,1.786,47.34,6.081
1015,2025-05-22,1.966,47.93,5.806
1015,2025-05-23,1.834,47.79,5.992
1015,2025-05-24,1.917,47.65,6.16
1015,2025-05-25,2.325,47.38,5.875
1015,2025-05-26,1.604,48.74,5.664
1015,2025-05-27,1.719,47.57,5.839
1015,2025-05-28,1.711,49.77,6.033
1015,2025-05-29,1.869,47.07,5.944
1015,2025-05-30,1.77,45.16,5.718
1015,2025-05-31,1.822,47.07,5.877
1015,2025-06-01,1.698,48.51,5.885
1015,2025-06-02,1.712,48.27,5.655
1015,2025-06-03,2.257,48.64,5.888
1015,2025-06-04,2.381,48.74,5.931
1015,2025-06-05,1.834,49.74,5.885
1015,2025-06-06,1.886,47.43,5.883
1015,2025-06-07,1.527,49.11,6.15
1015,2025-06-08,1.786,48.18,5.74
1015,2025-06-09,2.021,47.78,5.87
1015,2025-06-10,1.953,49.59,6.124
1015,2025-06-11,1.825,49.48,5.977
1015,2025-06-12,2.24,46.42,5.746
1015,2025-06-13,2.473,48.95,6.019
1015,2025-06-14,1.83,48.85,5.58
1015,2025-06-15,1.658,46.74,5.878
1015,2025-06-16,1.994,47.25,6.037
1015,2025-06-17,2.047,47.76,5.751
1015,2025-06-18,1.694,47.8,6.056
1015,2025-06-19,1.857,49.02,5.964
1015,2025-06-20,2.092,49.19,5.949
1015,2025-06-21,1.951,46.65,6.344
1015,2025-06-22,1.694,45.27,6.072
1015,2025-06-23,,,
1015,2025-06-24,1.701,48.36,5.701
1015,2025-06-25,2.184,48.33,5.72
1015,2025-06-26,1.869,49.39,5.892
1015,2025-06-27,1.485,49.31,5.962
1015,2025-06-28,1.693,49.19,6.048
1015,2025-06-29,2.033,46.9,5.808
1015,2025-06-30,2.241,49.4,5.884
1015,2025-07-01,1.945,47.09,6.03
1015,2025-07-02,1.811,49.7,5.727
1015,2025-07-03,2.341,49.01,5.939
1015,2025-07-04,1.602,48.6,6.097
1015,2025-07-05,2.082,48.79,5.898
1015,2025-07-06,1.557,48.63,5.984
1015,2025-07-07,1.513,47.88,5.971
1015,2025-07-08,1.649,46.67,6.024
1015,2025-07-09,2.038,48.93,6.02
1015,2025-07-10,1.922,48.61,5.931
1015,2025-07-11,1.83,48.64,5.896
1015,2025-07-12,1.957,47.75,5.908
1015,2025-07-13,1.725,49.01,6.042
1015,2025-07-14,2.181,47.41,5.822
1015,2025-07-15,1.892,46.7,6.156
1015,2025-07-16,1.98,49.13,5.572
1015,2025-07-17,1.603,47.77,6.04
1015,2025-07-18,1.856,47.38,6.211
1015,2025-07-19,,,
1015,2025-07-20,2.01,49.59,6.053
1015,2025-07-21,1.538,48.38,6.014
1015,2025-07-22,2.021,47.57,6.374
1015,2025-07-23,2.085,47.0,6.102
1015,2025-07-24,,,
1015,2025-07-25,2.13,47.88,5.876
1015,2025-07-26,2.185,46.52,5.972
1015,2025-07-27,1.811,47.66,5.892
1015,2025-07-28,1.772,47.68,5.908
1015,2025-07-29,1.774,46.78,5.862
1015,2025-07-30,1.869,47.59,5.979
1015,2025-07-31,1.827,47.08,5.824
1015,2025-08-01,1.823,48.08,6.083
1015,2025-08-02,2.222,49.56,5.979
1015,2025-08-03,1.885,49.82,6.061
1015,2025-08-04,1.781,46.96,5.857
1015,2025-08-05,2.174,47.86,6.025
1015,2025-08-06,1.64,48.56,6.335
1015,2025-08-07,1.855,47.63,6.102
1015,2025-08-08,1.982,46.48,6.057
1015,2025-08-09,2.003,47.27,6.096
1015,2025-08-10,,,
1015,2025-08-11,1.59,46.85,6.171
1015,2025-08-12,1.621,48.14,5.887
1015,2025-08-13,1.699,47.91,5.906
1015,2025-08-14,2.108,47.1,6.01
1015,2025-08-15,1.85,49.55,6.193
1015,2025-08-16,1.938,47.73,6.104
1015,2025-08-17,1.695,49.67,5.901
1015,2025-08-18,1.76,47.63,6.057
1015,2025-08-19,1.999,48.2,6.049
1015,2025-08-20,1.939,47.58,5.908
1015,2025-08-21,1.809,47.71,5.875
1015,2025-08-22,2.065,46.95,5.693
1015,2025-08-23,1.748,46.66,5.747
1015,2025-08-24,1.755,46.98,5.819
1015,2025-08-25,1.779,48.67,6.218
1015,2025-08-26,,,
1015,2025-08-27,2.032,48.8,6.123
1015,2025-08-28,1.567,46.63,6.004
1015,2025-08-29,1.954,49.41,5.94
1015,2025-08-30,1.489,48.38,6.202
1015,2025-08-31,1.513,46.97,5.948
1015,2025-09-01,1.865,47.67,6.089
1015,2025-09-02,1.925,47.83,6.008
1015,2025-09-03,1.837,48.16,5.868
1015,2025-09-04,1.451,45.92,5.892
1015,2025-09-05,2.104,46.42,6.057
1015,2025-09-06,2.088,48.56,5.908
1015,2025-09-07,1.694,48.47,6.155
1015,2025-09-08,2.132,46.98,5.912
1015,2025-09-09,1.744,47.86,6.063
1015,2025-09-10,1.875,48.85,5.974
1015,2025-09-11,1.708,47.98,5.95
1015,2025-09-12,1.66,47.63,6.035
1015,2025-09-13,1.557,46.21,5.918
1015,2025-09-14,1.808,46.82,5.867
1015,2025-09-15,2.001,48.38,5.871
1015,2025-09-16,1.791,47.97,5.996
1015,2025-09-17,1.991,48.34,5.992
1015,2025-09-18,2.04,46.85,6.141
1015,2025-09-19,2.171,45.5,6.015
1015,2025-09-20,2.075,47.29,6.09
1015,2025-09-21,1.876,47.47,6.102
1015,2025-09-22,1.921,47.62,5.942
1015,2025-09-23,1.842,49.32,6.127
1015,2025-09-24,1.698,49.26,5.882
1015,2025-09-25,1.625,48.26,5.689
1015,2025-09-26,2.213,48.0,5.515
1015,2025-09-27,1.689,48.24,5.935
1015,2025-09-28,1.982,47.75,6.127
1015,2025-09-29,2.167,49.03,5.897
1015,2025-09-30,1.913,46.32,5.286
1015,2025-10-01,1.758,48.73,6.17
1015,2025-10-02,1.949,48.28,6.166
1015,2025-10-03,2.185,47.65,5.84
1015,2025-10-04,1.68,46.36,6.023
1015,2025-10-05,1.691,48.24,6.168
1015,2025-10-06,1.769,46.82,5.857
1015,2025-10-07,2.027,46.72,5.857
1015,2025-10-08,2.033,47.78,6.006
1015,2025-10-09,1.757,47.7,6.086
1015,2025-10-10,1.887,47.89,5.954
1015,2025-10-11,2.052,47.16,6.023
1015,2025-10-12,1.632,47.85,6.015
1015,2025-10-13,1.844,49.62,6.029
1015,2025-10-14,1.958,47.9,6.025
1015,2025-10-15,2.011,46.98,5.826
1015,2025-10-16,2.009,47.09,5.676
1015,2025-10-17,1.587,47.28,5.889
1015,2025-10-18,1.857,49.38,5.843
1015,2025-10-19,1.755,48.42,5.65
1015,2025-10-20,1.918,49.36,6.166
1015,2025-10-21,1.959,48.32,5.853
1015,2025-10-22,1.851,49.59,6.098
1015,2025-10-23,1.919,46.12,5.842
1015,2025-10-24,2.311,46.32,6.002
1015,2025-10-25,2.243,48.12,6.007
1015,2025-10-26,2.064,48.42,6.011
1015,2025-10-27,1.884,46.76,5.933
1015,2025-10-28,2.284,47.52,5.92
1015,2025-10-29,1.744,47.43,5.951
1015,2025-10-30,1.515,48.57,6.374
1015,2025-10-31,1.833,47.06,6.164
1015,2025-11-01,1.683,46.83,5.846
1015,2025-11-02,1.404,47.31,5.935
1015,2025-11-03,1.652,47.06,5.781
1015,2025-11-04,1.788,48.02,6.211
1015,2025-11-05,1.779,47.83,6.083
1015,2025-11-06,1.944,48.73,5.931
1015,2025-11-07,1.994,47.33,5.791
1015,2025-11-08,1.992,47.51,5.81
1015,2025-11-09,1.638,47.04,5.898
1015,2025-11-10,2.017,50.01,5.891
1015,2025-11-11,2.193,47.12,5.908
1015,2025-11-12,1.82,48.53,5.928
1015,2025-11-13,1.824,48.46,5.78
1015,2025-11-14,1.964,46.9,5.99
1015,2025-11-15,1.992,48.7,5.95
1015,2025-11-16,1.874,48.35,6.055
1015,2025-11-17,1.952,47.16,5.758
1015,2025-11-18,1.678,46.38,6.071
1015,2025-11-19,1.51,47.52,6.117
1015,2025-11-20,1.748,47.4,6.012
1015,2025-11-21,1.786,46.89,5.835
1015,2025-11-22,1.851,47.01,5.834
1015,2025-11-23,1.758,48.37,5.943
1015,2025-11-24,1.677,47.12,6.006
1015,2025-11-25,1.907,46.82,6.032
1015,2025-11-26,1.965,48.03,5.967
1015,2025-11-27,1.812,49.25,5.71
1015,2025-11-28,1.788,46.85,5.913
1015,2025-11-29,,,
1015,2025-11-30,1.755,49.25,5.877
1015,2025-12-01,1.963,45.82,6.017
1015,2025-12-02,1.757,47.59,6.123
1015,2025-12-03,1.475,49.2,5.781
1015,2025-12-04,2.231,47.78,6.033
1015,2025-12-05,1.945,47.29,5.833
1015,2025-12-06,2.048,47.93,5.818
1015,2025-12-07,1.829,48.57,5.915
1015,2025-12-08,1.838,47.18,6.238
1015,2025-12-09,1.883,47.87,6.045
1015,2025-12-10,1.895,47.4,5.925
1015,2025-12-11,1.842,48.35,6.132
1015,2025-12-12,1.698,48.19,5.971
1015,2025-12-13,1.991,47.23,6.026
1015,2025-12-14,1.881,47.81,5.801
1015,2025-12-15,2.261,48.09,5.805
1015,2025-12-16,1.709,49.15,5.734
1015,2025-12-17,1.795,47.88,6.093
1015,2025-12-18,1.859,47.11,5.745
1015,2025-12-19,1.485,48.01,6.166
1015,2025-12-20,,,
1015,2025-12-21,1.472,49.22,5.952
1015,2025-12-22,1.739,49.32,5.986
1015,2025-12-23,1.899,46.56,5.778
1015,2025-12-24,,,
1015,2025-12-25,2.08,48.44,5.873
1015,2025-12-26,1.916,48.25,6.194
1015,2025-12-27,2.073,48.02,6.168
1015,2025-12-28,1.977,48.48,5.757
1015,2025-12-29,1.427,45.95,5.96
1015,2025-12-30,1.901,48.94,5.92
1015,2025-12-31,1.563,46.56,6.126
1016,2024-01-01,2.4,41.58,7.061
1016,2024-01-02,2.229,43.69,7.108
1016,2024-01-03,,,
1016,2024-01-04,2.323,41.93,6.888
1016,2024-01-05,2.448,42.75,7.042
1016,2024-01-06,2.163,40.81,7.097
1016,2024-01-07,2.572,44.22,6.864
1016,2024-01-08,2.279,43.88,6.778
1016,2024-01-09,2.447,42.66,6.677
1016,2024-01-10,2.345,43.13,6.827
1016,2024-01-11,2.425,42.13,6.692
1016,2024-01-12,2.518,42.31,6.813
1016,2024-01-13,2.293,42.52,7.102
1016,2024-01-14,2.543,42.25,6.992
1016,2024-01-15,2.28,43.31,6.854
1016,2024-01-16,2.446,41.64,7.08
1016,2024-01-17,2.344,43.32,6.714
1016,2024-01-18,2.227,41.82,7.004
1016,2024-01-19,1.912,42.92,6.845
1016,2024-01-20,2.199,44.03,6.994
1016,2024-01-21,2.23,44.53,7.107
1016,2024-01-22,2.265,41.34,6.759
1016,2024-01-23,2.62,43.43,7.024
1016,2024-01-24,2.165,44.24,6.911
1016,2024-01-25,2.485,42.82,6.89
1016,2024-01-26,2.894,44.16,6.684
1016,2024-01-27,2.181,42.0,6.915
1016,2024-01-28,2.452,42.81,6.912
1016,2024-01-29,2.514,45.05,6.939
1016,2024-01-30,2.374,43.55,6.899
1016,2024-01-31,,,
1016,2024-02-01,2.503,42.65,7.148
1016,2024-02-02,2.857,42.61,6.898
1016,2024-02-03,2.228,43.71,7.103
1016,2024-02-04,2.471,42.89,6.882
1016,2024-02-05,2.406,44.47,6.805
1016,2024-02-06,2.794,42.05,7.115
1016,2024-02-07,2.679,41.93,7.101
1016,2024-02-08,2.762,43.25,6.868
1016,2024-02-09,2.484,41.36,6.952
1016,2024-02-10,2.45,43.42,6.998
1016,2024-02-11,2.38,44.23,6.721
1016,2024-02-12,2.298,44.62,6.852
1016,2024-02-13,,,
1016,2024-02-14,2.443,42.44,7.07
1016,2024-02-15,2.526,43.64,6.639
1016,2024-02-16,2.435,42.38,6.898
1016,2024-02-17,,,
1016,2024-02-18,2.477,41.18,6.912
1016,2024-02-19,2.923,42.72,6.89
1016,2024-02-20,,,
1016,2024-02-21,2.158,42.17,7.0
1016,2024-02-22,2.632,43.28,6.875
1016,2024-02-23,2.17,42.91,7.054
1016,2024-02-24,2.397,42.52,6.968
1016,2024-02-25,2.429,41.87,6.76
1016,2024-02-26,2.263,42.62,6.878
1016,2024-02-27,2.185,43.15,6.933
1016,2024-02-28,2.428,42.58,7.046
1016,2024-02-29,2.141,43.47,7.109
1016,2024-03-01,2.447,43.3,6.895
1016,2024-03-02,2.468,41.68,6.972
1016,2024-03-03,2.145,42.87,6.923
1016,2024-03-04,2.516,43.86,6.973
1016,2024-03-05,2.117,43.42,6.776
1016,2024-03-06,2.417,42.53,6.832
1016,2024-03-07,2.223,41.5,7.046
1016,2024-03-08,2.128,42.95,7.115
1016,2024-03-09,2.268,43.03,6.969
1016,2024-03-10,2.401,43.96,6.887
1016,2024-03-11,2.513,42.75,6.999
1016,2024-03-12,2.492,42.85,6.83
1016,2024-03-13,2.197,43.17,7.182
1016,2024-03-14,2.348,44.18,6.725
1016,2024-03-15,1.843,43.79,6.966
1016,2024-03-16,2.532,44.73,7.105
1016,2024-03-17,2.368,42.34,6.874
1016,2024-03-18,2.338,43.86,6.792
1016,2024-03-19,2.313,43.07,6.85
1016,2024-03-20,1.988,44.33,6.961
1016,2024-03-21,2.43,42.37,7.094
1016,2024-03-22,2.398,43.57,6.926
1016,2024-03-23,2.352,43.51,6.999
1016,2024-03-24,,,
1016,2024-03-25,2.339,42.85,6.976
1016,2024-03-26,2.263,42.63,7.021
1016,2024-03-27,2.595,42.37,7.009
1016,2024-03-28,2.322,42.15,7.03
1016,2024-03-29,2.197,41.45,6.813
1016,2024-03-30,1.93,43.23,6.843
1016,2024-03-31,2.277,42.91,6.827
1016,2024-04-01,2.284,42.97,7.214
1016,2024-04-02,2.149,42.72,6.906
1016,2024-04-03,2.458,43.15,6.87
1016,2024-04-04,2.038,42.18,7.105
1016,2024-04-05,2.347,41.91,7.008
1016,2024-04-06,2.376,43.22,6.879
1016,2024-04-07,2.567,43.17,7.098
1016,2024-04-08,2.364,43.35,6.801
1016,2024-04-09,2.311,43.23,6.773
1016,2024-04-10,2.571,41.64,6.81
1016,2024-04-11,2.645,41.69,7.13
1016,2024-04-12,2.417,42.12,6.932
1016,2024-04-13,2.196,44.64,7.106
1016,2024-04-14,2.466,43.42,6.766
1016,2024-04-15,2.137,41.74,6.668
1016,2024-04-16,2.625,43.8,6.972
1016,2024-04-17,2.419,43.57,6.887
1016,2024-04-18,2.186,42.38,6.65
1016,2024-04-19,2.739,43.51,6.966
1016,2024-04-20,2.085,43.0,7.233
1016,2024-04-21,2.576,42.84,6.968
1016,2024-04-22,2.299,43.12,6.73
1016,2024-04-23,2.267,44.0,6.829
1016,2024-04-24,2.062,43.5,6.816
1016,2024-04-25,1.983,41.13,6.641
1016,2024-04-26,2.414,42.24,6.781
1016,2024-04-27,2.17,44.18,6.768
1016,2024-04-28,2.576,45.0,6.862
1016,2024-04-29,2.359,41.76,6.857
1016,2024-04-30,2.436,43.97,6.95
1016,2024-05-01,2.749,41.39,7.002
1016,2024-05-02,2.033,44.07,6.994
1016,2024-05-03,2.392,42.61,6.933
1016,2024-05-04,2.281,43.98,6.799
1016,2024-05-05,2.503,43.44,6.949
1016,2024-05-06,2.334,42.07,6.962
1016,2024-05-07,2.261,41.89,7.435
1016,2024-05-08,2.206,41.62,6.881
1016,2024-05-09,2.323,41.06,6.979
1016,2024-05-10,2.079,39.65,7.035
1016,2024-05-11,2.494,41.79,7.045
1016,2024-05-12,1.808,42.92,6.633
1016,2024-05-13,2.469,42.48,6.9
1016,2024-05-14,2.466,43.34,6.712
1016,2024-05-15,2.38,42.38,7.062
1016,2024-05-16,2.301,43.47,6.706
1016,2024-05-17,2.552,43.27,6.644
1016,2024-05-18,2.517,42.42,6.792
1016,2024-05-19,2.526,41.65,7.205
1016,2024-05-20,2.282,40.95,7.074
1016,2024-05-21,2.454,43.49,7.083
1016,2024-05-22,2.346,42.8,6.841
1016,2024-05-23,2.267,41.01,6.982
1016,2024-05-24,2.581,42.05,6.79
1016,2024-05-25,2.097,42.46,6.901
1016,2024-05-26,2.312,44.39,7.097
1016,2024-05-27,2.108,43.87,7.091
1016,2024-05-28,1.996,42.63,6.915
1016,2024-05-29,2.613,43.51,6.802
1016,2024-05-30,2.501,41.35,6.858
1016,2024-05-31,2.424,42.38,6.69
1016,2024-06-01,2.13,42.43,6.68
1016,2024-06-02,2.362,41.49,6.869
1016,2024-06-03,2.508,44.05,6.994
1016,2024-06-04,1.974,42.46,7.107
1016,2024-06-05,2.503,44.12,7.181
1016,2024-06-06,2.445,41.25,6.921
1016,2024-06-07,2.727,43.76,7.035
1016,2024-06-08,2.179,43.63,6.651
1016,2024-06-09,2.734,41.79,7.016
1016,2024-06-10,2.383,43.14,7.297
1016,2024-06-11,2.44,43.1,7.036
1016,2024-06-12,2.538,43.5,7.162
1016,2024-06-13,2.827,42.42,7.059
1016,2024-06-14,2.569,41.94,7.065
1016,2024-06-15,2.739,41.82,7.108
1016,2024-06-16,2.382,43.01,6.762
1016,2024-06-17,2.51,42.23,6.869
1016,2024-06-18,2.546,42.82,7.145
1016,2024-06-19,2.103,40.45,6.835
1016,2024-06-20,2.417,42.56,7.124
1016,2024-06-21,,,
1016,2024-06-22,2.486,42.98,6.896
1016,2024-06-23,2.694,44.15,6.821
1016,2024-06-24,2.505,43.16,7.081
1016,2024-06-25,2.429,42.55,6.986
1016,2024-06-26,2.392,43.73,6.615
1016,2024-06-27,2.385,40.8,6.761
1016,2024-06-28,2.097,42.31,6.767
1016,2024-06-29,2.327,43.88,7.013
1016,2024-06-30,2.193,42.33,6.989
1016,2024-07-01,2.099,40.97,6.659
1016,2024-07-02,2.571,41.82,7.014
1016,2024-07-03,2.183,43.33,7.11
1016,2024-07-04,2.163,43.37,6.955
1016,2024-07-05,2.039,43.0,7.024
1016,2024-07-06,2.599,43.78,7.495
1016,2024-07-07,2.651,42.96,6.931
1016,2024-07-08,2.447,43.08,6.876
1016,2024-07-09,2.305,43.85,7.015
1016,2024-07-10,2.472,41.04,6.923
1016,2024-07-11,2.473,45.58,6.765
1016,2024-07-12,2.387,43.24,6.887
1016,2024-07-13,2.422,45.1,6.762
1016,2024-07-14,2.035,43.05,7.189
1016,2024-07-15,2.397,44.16,6.759
1016,2024-07-16,2.283,43.41,7.203
1016,2024-07-17,2.327,43.31,6.835
1016,2024-07-18,2.347,42.99,6.726
1016,2024-07-19,2.091,42.69,6.891
1016,2024-07-20,2.419,44.35,7.181
1016,2024-07-21,2.493,43.73,6.958
1016,2024-07-22,1.935,44.55,7.177
1016,2024-07-23,2.062,41.43,7.064
1016,2024-07-24,,,
1016,2024-07-25,2.068,43.38,6.842
1016,2024-07-26,2.511,44.52,7.065
1016,2024-07-27,2.541,41.74,6.957
1016,2024-07-28,,,
1016,2024-07-29,2.306,41.98,6.923
1016,2024-07-30,2.215,42.73,7.041
1016,2024-07-31,2.224,43.93,6.985
1016,2024-08-01,2.218,42.78,7.126
1016,2024-08-02,2.035,43.16,7.275
1016,2024-08-03,2.142,41.27,7.036
1016,2024-08-04,2.258,40.98,7.06
1016,2024-08-05,2.272,43.15,7.048
1016,2024-08-06,2.512,43.18,7.021
1016,2024-08-07,2.51,42.17,6.921
1016,2024-08-08,2.374,43.09,6.846
1016,2024-08-09,2.004,43.0,6.87
1016,2024-08-10,2.478,43.5,6.8
1016,2024-08-11,2.306,42.28,7.046
1016,2024-08-12,1.989,42.86,6.742
1016,2024-08-13,2.255,44.61,6.923
1016,2024-08-14,2.205,42.03,6.81
1016,2024-08-15,2.361,42.45,6.817
1016,2024-08-16,2.43,42.3,7.043
1016,2024-08-17,2.686,43.62,6.965
1016,2024-08-18,2.227,41.95,7.08
1016,2024-08-19,2.391,41.52,6.805
1016,2024-08-20,2.152,42.1,6.858
1016,2024-08-21,2.247,41.41,6.956
1016,2024-08-22,2.095,43.12,7.041
1016,2024-08-23,2.347,44.71,7.022
1016,2024-08-24,2.469,43.5,7.139
1016,2024-08-25,2.296,43.4,6.749
1016,2024-08-26,2.64,43.31,6.913
1016,2024-08-27,2.348,42.52,6.838
1016,2024-08-28,2.534,41.29,7.19
1016,2024-08-29,2.303,41.82,6.709
1016,2024-08-30,2.355,43.75,6.801
1016,2024-08-31,2.702,41.42,7.093
1016,2024-09-01,2.176,44.56,6.798
1016,2024-09-02,2.497,41.72,6.667
1016,2024-09-03,2.036,42.43,7.15
1016,2024-09-04,2.315,41.97,7.055
1016,2024-09-05,2.543,41.64,6.848
1016,2024-09-06,2.799,42.38,6.79
1016,2024-09-07,2.532,42.63,6.904
1016,2024-09-08,2.405,42.57,6.82
1016,2024-09-09,2.31,43.25,6.834
1016,2024-09-10,2.297,42.98,7.048
1016,2024-09-11,2.379,44.15,6.814
1016,2024-09-12,2.381,42.43,6.899
1016,2024-09-13,2.617,41.94,6.828
1016,2024-09-14,2.196,42.16,7.049
1016,2024-09-15,2.187,42.73,6.913
1016,2024-09-16,2.581,44.0,7.103
1016,2024-09-17,2.495,43.01,6.747
1016,2024-09-18,2.281,42.46,6.839
1016,2024-09-19,2.326,43.03,6.894
1016,2024-09-20,2.474,41.65,6.947
1016,2024-09-21,2.312,42.43,6.867
1016,2024-09-22,2.226,42.17,7.243
1016,2024-09-23,2.393,41.81,6.848
1016,2024-09-24,2.509,43.43,6.879
1016,2024-09-25,2.179,42.0,6.732
1016,2024-09-26,2.279,42.2,6.872
1016,2024-09-27,2.479,41.71,7.262
1016,2024-09-28,2.013,43.13,6.977
1016,2024-09-29,2.31,41.76,6.799
1016,2024-09-30,2.544,44.9,7.082
1016,2024-10-01,2.191,41.82,6.882
1016,2024-10-02,2.489,43.7,7.018
1016,2024-10-03,2.837,43.37,6.757
1016,2024-10-04,2.5,43.72,6.844
1016,2024-10-05,2.177,43.01,7.154
1016,2024-10-06,2.821,41.84,6.944
1016,2024-10-07,2.524,45.01,6.967
1016,2024-10-08,2.575,43.06,7.002
1016,2024-10-09,2.441,41.76,7.075
1016,2024-10-10,2.214,44.13,6.844
1016,2024-10-11,2.344,42.8,6.775
1016,2024-10-12,2.325,42.16,6.912
1016,2024-10-13,2.726,43.5,7.074
1016,2024-10-14,2.614,42.93,6.878
1016,2024-10-15,2.309,43.46,7.093
1016,2024-10-16,2.42,42.82,6.689
1016,2024-10-17,2.484,43.88,6.832
1016,2024-10-18,2.623,43.29,6.777
1016,2024-10-19,2.548,42.49,6.634
1016,2024-10-20,2.142,42.88,7.252
1016,2024-10-21,2.606,43.92,6.919
1016,2024-10-22,2.134,42.85,7.246
1016,2024-10-23,2.276,42.16,7.013
1016,2024-10-24,2.067,43.0,6.771
1016,2024-10-25,2.294,43.42,7.135
1016,2024-10-26,2.514,43.33,7.03
1016,2024-10-27,2.378,41.54,7.241
1016,2024-10-28,2.58,41.75,7.055
1016,2024-10-29,2.568,42.58,6.905
1016,2024-10-30,2.326,43.67,7.007
1016,2024-10-31,2.261,43.06,6.903
1016,2024-11-01,2.629,44.38,6.774
1016,2024-11-02,2.508,44.41,6.878
1016,2024-11-03,2.573,43.65,7.094
1016,2024-11-04,2.615,43.04,6.783
1016,2024-11-05,2.311,42.71,7.086
1016,2024-11-06,2.37,42.83,6.939
1016,2024-11-07,2.409,43.06,6.933
1016,2024-11-08,2.408,42.95,6.881
1016,2024-11-09,2.455,43.73,6.883
1016,2024-11-10,2.522,43.31,6.84
1016,2024-11-11,2.607,44.03,6.784
1016,2024-11-12,2.712,43.91,6.716
1016,2024-11-13,2.835,44.3,6.636
1016,2024-11-14,2.977,44.75,6.543
1016,2024-11-15,3.139,45.26,6.438
1016,2024-11-16,3.319,45.83,6.32
1016,2024-11-17,3.519,46.46,6.19
1016,2024-11-18,3.737,47.14,6.048
1016,2024-11-19,3.975,47.89,5.893
1016,2024-11-20,4.231,48.7,5.726
1016,2024-11-21,4.507,49.57,5.546
1016,2024-11-22,4.801,50.5,5.354
1016,2024-11-23,5.114,51.48,5.15
1016,2024-11-24,5.447,52.53,4.934
1016,2024-11-25,5.798,53.64,4.704
1016,2024-11-26,6.169,54.8,4.463
1016,2024-11-27,,,
1016,2024-11-28,2.177,43.33,7.091
1016,2024-11-29,2.245,43.36,7.111
1016,2024-11-30,1.965,40.79,6.841
1016,2024-12-01,2.568,42.75,6.926
1016,2024-12-02,2.488,42.84,6.9
1016,2024-12-03,2.371,42.55,6.897
1016,2024-12-04,2.578,43.33,7.181
1016,2024-12-05,2.006,44.07,7.073
1016,2024-12-06,2.16,43.58,6.656
1016,2024-12-07,2.578,44.02,6.995
1016,2024-12-08,2.512,43.74,7.036
1016,2024-12-09,2.343,42.74,6.759
1016,2024-12-10,2.453,42.23,7.16
1016,2024-12-11,2.389,41.65,7.063
1016,2024-12-12,2.275,40.95,7.183
1016,2024-12-13,2.26,42.25,6.738
1016,2024-12-14,2.172,43.15,6.887
1016,2024-12-15,2.356,42.7,6.819
1016,2024-12-16,2.322,42.77,6.826
1016,2024-12-17,2.539,43.67,6.83
1016,2024-12-18,,,
1016,2024-12-19,2.355,42.61,6.944
1016,2024-12-20,2.275,42.73,6.7
1016,2024-12-21,2.219,41.36,7.084
1016,2024-12-22,2.299,43.93,7.042
1016,2024-12-23,2.662,42.66,6.586
1016,2024-12-24,2.715,40.23,6.808
1016,2024-12-25,1.937,42.84,6.972
1016,2024-12-26,2.56,42.64,7.321
1016,2024-12-27,2.04,43.56,6.879
1016,2024-12-28,2.138,42.84,7.146
1016,2024-12-29,2.172,43.31,7.255
1016,2024-12-30,2.096,42.29,6.951
1016,2024-12-31,2.585,43.68,6.755
1016,2025-01-01,2.681,41.72,6.746
1016,2025-01-02,2.008,42.69,6.666
1016,2025-01-03,2.481,43.04,6.961
1016,2025-01-04,,,
1016,2025-01-05,2.267,43.7,6.822
1016,2025-01-06,2.279,43.22,7.159
1016,2025-01-07,2.313,43.08,6.843
1016,2025-01-08,2.29,43.03,6.956
1016,2025-01-09,2.164,43.31,7.078
1016,2025-01-10,2.322,43.42,7.067
1016,2025-01-11,2.382,41.91,7.024
1016,2025-01-12,2.385,42.81,7.02
1016,2025-01-13,2.135,42.57,6.984
1016,2025-01-14,2.497,42.52,7.118
1016,2025-01-15,2.089,42.92,7.093
1016,2025-01-16,2.22,42.85,6.795
1016,2025-01-17,2.119,41.56,7.01
1016,2025-01-18,1.98,42.59,6.942
1016,2025-01-19,2.383,43.82,6.894
1016,2025-01-20,2.192,43.48,7.159
1016,2025-01-21,2.606,40.99,6.961
1016,2025-01-22,,,
1016,2025-01-23,2.528,43.2,7.111
1016,2025-01-24,2.181,41.53,6.791
1016,2025-01-25,2.231,42.99,6.854
1016,2025-01-26,2.452,44.34,6.894
1016,2025-01-27,2.257,43.27,6.783
1016,2025-01-28,2.172,41.92,6.975
1016,2025-01-29,2.361,43.18,6.794
1016,2025-01-30,2.584,41.09,6.979
1016,2025-01-31,2.437,42.73,6.945
1016,2025-02-01,2.459,40.86,6.945
1016,2025-02-02,2.834,42.29,7.014
1016,2025-02-03,2.508,40.94,6.889
1016,2025-02-04,2.26,42.11,7.046
1016,2025-02-05,2.393,42.4,6.885
1016,2025-02-06,2.121,43.83,6.941
1016,2025-02-07,2.295,43.2,6.927
1016,2025-02-08,2.652,44.62,7.057
1016,2025-02-09,2.458,44.1,6.971
1016,2025-02-10,2.13,42.9,6.806
1016,2025-02-11,2.218,43.48,7.228
1016,2025-02-12,2.064,41.86,7.124
1016,2025-02-13,2.81,42.85,6.956
1016,2025-02-14,2.269,42.35,7.041
1016,2025-02-15,2.117,41.85,6.811
1016,2025-02-16,2.667,43.81,7.064
1016,2025-02-17,2.377,42.19,6.855
1016,2025-02-18,2.16,43.18,7.045
1016,2025-02-19,2.178,42.52,6.958
1016,2025-02-20,2.132,43.75,6.78
1016,2025-02-21,2.319,43.27,7.007
1016,2025-02-22,2.322,41.29,6.931
1016,2025-02-23,2.441,43.17,6.872
1016,2025-02-24,2.181,45.47,6.925
1016,2025-02-25,2.246,43.55,7.068
1016,2025-02-26,2.437,43.94,6.974
1016,2025-02-27,2.609,43.41,6.872
1016,2025-02-28,2.758,44.4,6.871
1016,2025-03-01,2.593,42.29,6.913
1016,2025-03-02,2.115,42.2,6.702
1016,2025-03-03,2.292,42.42,6.82
1016,2025-03-04,2.491,41.48,6.867
1016,2025-03-05,2.179,41.87,6.643
1016,2025-03-06,2.1,43.98,7.22
1016,2025-03-07,2.035,42.18,6.922
1016,2025-03-08,2.347,42.14,7.147
1016,2025-03-09,2.216,44.1,6.904
1016,2025-03-10,2.277,43.38,6.936
1016,2025-03-11,2.109,42.35,6.926
1016,2025-03-12,2.428,42.18,6.685
1016,2025-03-13,2.197,42.63,6.769
1016,2025-03-14,2.111,42.93,7.012
1016,2025-03-15,2.133,43.89,6.878
1016,2025-03-16,2.096,43.22,6.986
1016,2025-03-17,2.459,41.96,6.975
1016,2025-03-18,2.502,42.67,6.736
1016,2025-03-19,2.213,41.51,6.764
1016,2025-03-20,2.199,42.3,6.792
1016,2025-03-21,,,
1016,2025-03-22,2.518,41.54,6.756
1016,2025-03-23,2.645,42.36,6.932
1016,2025-03-24,,,
1016,2025-03-25,2.382,43.06,7.131
1016,2025-03-26,2.404,42.57,7.027
1016,2025-03-27,2.671,42.11,6.84
1016,2025-03-28,2.796,42.02,6.787
1016,2025-03-29,2.441,43.54,7.172
1016,2025-03-30,2.39,42.73,6.972
1016,2025-03-31,2.56,43.16,6.814
1016,2025-04-01,2.519,43.5,6.779
1016,2025-04-02,2.344,41.41,7.27
1016,2025-04-03,2.244,41.13,7.036
1016,2025-04-04,2.231,43.26,6.974
1016,2025-04-05,2.682,43.78,6.958
1016,2025-04-06,2.291,42.84,6.904
1016,2025-04-07,2.306,43.62,7.074
1016,2025-04-08,2.298,41.33,7.04
1016,2025-04-09,2.126,42.52,7.155
1016,2025-04-10,2.47,42.32,6.676
1016,2025-04-11,2.36,42.31,7.041
1016,2025-04-12,2.457,43.32,6.972
1016,2025-04-13,2.651,40.22,7.07
1016,2025-04-14,2.331,42.33,7.023
1016,2025-04-15,2.39,43.84,6.641
1016,2025-04-16,2.231,42.48,6.935
1016,2025-04-17,2.549,41.72,7.163
1016,2025-04-18,2.458,43.13,7.047
1016,2025-04-19,2.584,41.51,6.8
1016,2025-04-20,,,
1016,2025-04-21,2.108,42.08,7.118
1016,2025-04-22,2.686,44.16,6.953
1016,2025-04-23,2.12,43.16,7.009
1016,2025-04-24,2.162,41.62,6.812
1016,2025-04-25,1.976,42.68,7.096
1016,2025-04-26,2.679,42.69,6.903
1016,2025-04-27,2.267,43.39,6.905
1016,2025-04-28,2.487,41.43,6.756
1016,2025-04-29,2.24,43.67,6.956
1016,2025-04-30,2.705,41.87,6.987
1016,2025-05-01,2.119,41.0,6.791
1016,2025-05-02,2.362,42.6,6.854
1016,2025-05-03,2.142,42.04,7.008
1016,2025-05-04,2.313,42.87,6.748
1016,2025-05-05,2.646,44.34,6.989
1016,2025-05-06,,,
1016,2025-05-07,2.431,44.47,6.936
1016,2025-05-08,2.522,44.82,6.727
1016,2025-05-09,2.266,44.79,6.923
1016,2025-05-10,2.118,43.05,7.105
1016,2025-05-11,2.144,44.15,6.943
1016,2025-05-12,2.268,44.14,6.738
1016,2025-05-13,2.605,44.1,7.057
1016,2025-05-14,2.368,42.83,6.991
1016,2025-05-15,2.27,44.14,7.145
1016,2025-05-16,2.382,43.83,7.154
1016,2025-05-17,2.223,43.13,7.047
1016,2025-05-18,2.539,41.95,6.9
1016,2025-05-19,2.523,43.47,6.63
1016,2025-05-20,2.21,43.28,6.632
1016,2025-05-21,2.706,41.45,6.911
1016,2025-05-22,2.122,41.71,6.837
1016,2025-05-23,2.455,44.05,6.931
1016,2025-05-24,2.305,42.61,6.783
1016,2025-05-25,2.533,43.62,6.785
1016,2025-05-26,2.54,42.54,7.086
1016,2025-05-27,2.383,41.55,6.973
1016,2025-05-28,2.423,42.16,6.942
1016,2025-05-29,2.086,40.55,7.177
1016,2025-05-30,2.068,43.35,6.826
1016,2025-05-31,2.368,41.42,7.0
1016,2025-06-01,2.427,44.94,6.791
1016,2025-06-02,2.261,42.01,6.868
1016,2025-06-03,2.491,43.01,6.946
1016,2025-06-04,2.585,41.8,6.9
1016,2025-06-05,2.02,41.35,6.824
1016,2025-06-06,2.44,42.77,6.885
1016,2025-06-07,2.749,42.12,7.074
1016,2025-06-08,2.352,45.15,6.807
1016,2025-06-09,2.362,42.56,6.739
1016,2025-06-10,2.372,40.45,7.162
1016,2025-06-11,2.467,42.83,6.729
1016,2025-06-12,1.873,41.94,6.885
1016,2025-06-13,2.459,42.33,6.741
1016,2025-06-14,2.292,42.03,6.791
1016,2025-06-15,2.493,41.86,7.083
1016,2025-06-16,2.247,41.16,7.039
1016,2025-06-17,2.351,43.04,6.884
1016,2025-06-18,2.436,42.83,7.156
1016,2025-06-19,2.566,42.75,6.858
1016,2025-06-20,2.337,42.47,7.094
1016,2025-06-21,2.443,44.41,6.99
1016,2025-06-22,2.166,42.11,7.089
1016,2025-06-23,2.354,42.32,6.932
1016,2025-06-24,2.443,44.45,6.993
1016,2025-06-25,2.75,43.13,6.919
1016,2025-06-26,2.199,42.27,6.554
1016,2025-06-27,2.395,42.0,7.264
1016,2025-06-28,2.265,42.34,7.017
1016,2025-06-29,2.486,42.53,6.943
1016,2025-06-30,2.207,42.72,6.917
1016,2025-07-01,2.535,44.31,6.833
1016,2025-07-02,2.157,41.45,6.84
1016,2025-07-03,2.704,42.94,6.937
1016,2025-07-04,2.384,43.49,7.066
1016,2025-07-05,2.322,43.51,6.974
1016,2025-07-06,2.389,42.58,6.962
1016,2025-07-07,2.423,42.07,7.05
1016,2025-07-08,2.442,43.19,6.827
1016,2025-07-09,2.579,43.49,7.084
1016,2025-07-10,2.38,42.71,6.872
1016,2025-07-11,2.246,42.43,7.022
1016,2025-07-12,2.093,44.17,6.84
1016,2025-07-13,2.269,42.58,7.072
1016,2025-07-14,2.174,42.73,6.763
1016,2025-07-15,2.558,44.2,7.206
1016,2025-07-16,2.145,42.84,6.865
1016,2025-07-17,2.272,42.84,6.866
1016,2025-07-18,2.421,42.6,6.819
1016,2025-07-19,2.665,44.38,6.775
1016,2025-07-20,2.059,42.79,6.892
1016,2025-07-21,2.345,44.25,6.71
1016,2025-07-22,2.559,43.63,7.079
1016,2025-07-23,2.05,42.9,6.912
1016,2025-07-24,2.513,43.82,6.619
1016,2025-07-25,1.937,42.26,6.935
1016,2025-07-26,2.35,44.78,7.008
1016,2025-07-27,2.179,42.09,6.961
1016,2025-07-28,2.282,43.19,6.845
1016,2025-07-29,2.439,43.78,6.905
1016,2025-07-30,2.674,43.17,6.551
1016,2025-07-31,2.205,44.07,6.728
1016,2025-08-01,2.691,44.3,6.598
1016,2025-08-02,2.704,41.72,6.72
1016,2025-08-03,2.079,42.53,7.027
1016,2025-08-04,2.382,43.38,7.108
1016,2025-08-05,2.488,43.02,7.147
1016,2025-08-06,2.671,42.64,6.833
1016,2025-08-07,2.515,43.27,6.989
1016,2025-08-08,2.291,42.04,6.877
1016,2025-08-09,2.277,42.3,6.983
1016,2025-08-10,2.517,44.03,6.954
1016,2025-08-11,2.219,43.15,6.803
1016,2025-08-12,2.425,44.26,7.096
1016,2025-08-13,2.381,40.67,6.856
1016,2025-08-14,2.208,41.7,6.836
1016,2025-08-15,2.831,41.56,6.886
1016,2025-08-16,2.404,43.1,6.83
1016,2025-08-17,2.8,44.43,6.67
1016,2025-08-18,2.588,41.43,6.908
1016,2025-08-19,2.582,42.73,6.987
1016,2025-08-20,2.246,44.18,7.037
1016,2025-08-21,2.262,41.76,6.881
1016,2025-08-22,2.387,45.05,7.174
1016,2025-08-23,2.347,41.66,6.838
1016,2025-08-24,2.13,41.97,6.844
1016,2025-08-25,2.818,41.04,6.575
1016,2025-08-26,2.843,43.34,7.176
1016,2025-08-27,2.492,41.13,7.099
1016,2025-08-28,2.407,42.89,7.13
1016,2025-08-29,2.318,42.85,6.697
1016,2025-08-30,2.164,42.22,7.035
1016,2025-08-31,2.454,42.37,6.685
1016,2025-09-01,2.364,42.41,7.108
1016,2025-09-02,2.488,43.19,6.91
1016,2025-09-03,2.563,42.07,6.869
1016,2025-09-04,2.801,41.98,6.938
1016,2025-09-05,2.365,41.66,6.894
1016,2025-09-06,2.417,43.85,7.165
1016,2025-09-07,2.32,44.19,7.101
1016,2025-09-08,2.438,43.34,6.711
1016,2025-09-09,2.169,41.24,7.064
1016,2025-09-10,2.694,42.86,6.566
1016,2025-09-11,2.477,43.33,7.208
1016,2025-09-12,2.113,43.78,6.854
1016,2025-09-13,2.373,42.78,6.889
1016,2025-09-14,2.609,42.0,6.923
1016,2025-09-15,2.503,44.91,7.273
1016,2025-09-16,2.25,42.84,7.039
1016,2025-09-17,2.498,42.05,6.925
1016,2025-09-18,2.438,43.24,7.019
1016,2025-09-19,2.25,43.97,6.875
1016,2025-09-20,2.438,42.48,7.076
1016,2025-09-21,2.14,43.37,6.842
1016,2025-09-22,,,
1016,2025-09-23,2.12,42.62,6.883
1016,2025-09-24,2.56,42.51,7.107
1016,2025-09-25,2.576,43.13,6.956
1016,2025-09-26,2.282,39.88,6.895
1016,2025-09-27,2.406,42.7,6.704
1016,2025-09-28,2.663,41.59,7.073
1016,2025-09-29,2.059,41.72,6.874
1016,2025-09-30,2.358,43.17,6.972
1016,2025-10-01,2.48,42.45,6.891
1016,2025-10-02,2.486,42.52,6.977
1016,2025-10-03,2.277,42.72,6.966
1016,2025-10-04,1.976,40.87,6.682
1016,2025-10-05,2.228,41.18,6.67
1016,2025-10-06,2.573,44.25,6.893
1016,2025-10-07,2.247,41.79,6.677
1016,2025-10-08,2.408,42.4,7.03
1016,2025-10-09,2.332,43.32,6.935
1016,2025-10-10,2.549,42.51,7.096
1016,2025-10-11,2.236,42.69,7.037
1016,2025-10-12,2.434,40.85,7.024
1016,2025-10-13,2.415,41.6,6.832
1016,2025-10-14,2.158,43.03,6.972
1016,2025-10-15,2.432,42.97,7.064
1016,2025-10-16,2.562,43.86,7.08
1016,2025-10-17,2.444,43.49,6.969
1016,2025-10-18,2.231,42.31,6.911
1016,2025-10-19,2.243,42.9,6.826
1016,2025-10-20,2.102,42.14,6.88
1016,2025-10-21,2.141,43.43,6.856
1016,2025-10-22,1.952,42.07,7.095
1016,2025-10-23,2.434,43.26,7.105
1016,2025-10-24,2.369,43.22,6.902
1016,2025-10-25,2.358,44.19,6.842
1016,2025-10-26,2.864,41.89,7.045
1016,2025-10-27,2.376,42.8,7.118
1016,2025-10-28,2.518,41.42,7.026
1016,2025-10-29,2.106,43.78,6.748
1016,2025-10-30,2.294,42.59,6.692
1016,2025-10-31,2.238,42.16,7.17
1016,2025-11-01,2.396,41.72,7.067
1016,2025-11-02,2.148,42.03,6.861
1016,2025-11-03,2.227,42.49,6.925
1016,2025-11-04,2.225,42.48,6.916
1016,2025-11-05,2.414,44.2,6.939
1016,2025-11-06,2.11,42.55,6.787
1016,2025-11-07,2.397,42.81,7.063
1016,2025-11-08,2.462,40.8,6.831
1016,2025-11-09,2.386,42.19,6.764
1016,2025-11-10,2.599,44.78,7.103
1016,2025-11-11,2.381,44.53,6.943
1016,2025-11-12,2.404,40.58,7.109
1016,2025-11-13,2.411,44.41,6.977
1016,2025-11-14,2.545,42.58,7.071
1016,2025-11-15,2.457,41.5,7.178
1016,2025-11-16,2.374,43.4,6.974
1016,2025-11-17,2.505,43.58,7.09
1016,2025-11-18,2.21,43.54,6.847
1016,2025-11-19,2.529,43.27,6.996
1016,2025-11-20,2.129,44.36,6.573
1016,2025-11-21,2.63,42.72,6.913
1016,2025-11-22,2.246,43.4,6.806
1016,2025-11-23,2.32,45.37,6.677
1016,2025-11-24,2.318,42.95,7.028
1016,2025-11-25,2.468,41.29,6.934
1016,2025-11-26,,,
1016,2025-11-27,2.275,42.97,6.72
1016,2025-11-28,2.495,41.67,6.972
1016,2025-11-29,2.437,44.54,7.251
1016,2025-11-30,2.133,43.93,7.028
1016,2025-12-01,2.613,42.7,6.742
1016,2025-12-02,2.74,43.1,7.035
1016,2025-12-03,2.194,41.04,6.957
1016,2025-12-04,2.281,42.97,6.833
1016,2025-12-05,2.123,40.63,6.809
1016,2025-12-06,2.24,41.57,6.959
1016,2025-12-07,2.324,44.38,6.616
1016,2025-12-08,2.786,43.03,7.087
1016,2025-12-09,2.102,40.99,7.04
1016,2025-12-10,2.736,42.14,7.011
1016,2025-12-11,2.36,43.62,7.042
1016,2025-12-12,2.291,42.57,7.119
1016,2025-12-13,2.269,42.89,6.721
1016,2025-12-14,2.487,42.6,6.96
1016,2025-12-15,2.29,41.58,7.018
1016,2025-12-16,2.323,44.1,7.039
1016,2025-12-17,2.33,41.04,6.871
1016,2025-12-18,2.374,42.48,6.922
1016,2025-12-19,2.419,41.39,7.038
1016,2025-12-20,2.307,42.56,7.024
1016,2025-12-21,2.207,42.75,7.2
1016,2025-12-22,2.492,42.58,6.672
1016,2025-12-23,2.392,42.98,6.941
1016,2025-12-24,2.372,43.5,6.895
1016,2025-12-25,1.976,40.81,6.976
1016,2025-12-26,2.349,42.82,6.944
1016,2025-12-27,2.211,44.02,6.838
1016,2025-12-28,2.156,44.39,6.972
1016,2025-12-29,2.268,43.7,6.741
1016,2025-12-30,2.177,41.44,6.776
1016,2025-12-31,,,
1017,2024-01-01,2.452,46.44,6.091
1017,2024-01-02,2.721,48.42,5.91
1017,2024-01-03,2.743,47.5,5.891
1017,2024-01-04,2.35,48.43,5.993
1017,2024-01-05,2.359,47.61,6.132
1017,2024-01-06,2.467,47.88,5.996
1017,2024-01-07,2.306,47.76,5.761
1017,2024-01-08,2.444,48.47,6.103
1017,2024-01-09,2.395,49.27,6.287
1017,2024-01-10,2.809,48.5,6.018
1017,2024-01-11,2.452,48.83,5.712
1017,2024-01-12,,,
1017,2024-01-13,2.451,49.96,6.257
1017,2024-01-14,2.497,49.48,5.923
1017,2024-01-15,2.028,49.99,6.023
1017,2024-01-16,2.228,48.35,5.921
1017,2024-01-17,2.168,47.65,6.03
1017,2024-01-18,2.409,48.88,5.642
1017,2024-01-19,2.543,47.28,5.847
1017,2024-01-20,2.272,48.32,5.905
1017,2024-01-21,2.128,48.15,6.034
1017,2024-01-22,2.582,48.16,5.979
1017,2024-01-23,2.356,46.83,5.834
1017,2024-01-24,2.457,49.17,5.912
1017,2024-01-25,2.55,48.35,5.778
1017,2024-01-26,,,
1017,2024-01-27,2.629,48.76,5.876
1017,2024-01-28,2.764,49.12,5.924
1017,2024-01-29,2.936,49.58,5.9
1017,2024-01-30,3.147,50.15,5.872
1017,2024-01-31,3.396,50.82,5.837
1017,2024-02-01,3.684,51.59,5.798
1017,2024-02-02,4.01,52.47,5.612
1017,2024-02-03,4.374,53.45,5.704
1017,2024-02-04,4.777,54.53,5.649
1017,2024-02-05,5.218,55.71,5.588
1017,2024-02-06,5.697,57.0,5.523
1017,2024-02-07,6.215,58.39,5.452
1017,2024-02-08,6.771,59.89,5.376
1017,2024-02-09,7.365,61.49,5.295
1017,2024-02-10,7.998,63.19,5.208
1017,2024-02-11,8.669,64.99,5.116
1017,2024-02-12,9.378,66.9,5.019
1017,2024-02-13,10.126,68.91,4.872
1017,2024-02-14,3.743,52.94,4.683
1017,2024-02-15,3.948,53.68,4.477
1017,2024-02-16,4.169,54.48,4.257
1017,2024-02-17,,,
1017,2024-02-18,4.655,56.24,3.771
1017,2024-02-19,4.922,57.2,3.505
1017,2024-02-20,5.203,58.22,3.224
1017,2024-02-21,5.5,59.29,2.928
1017,2024-02-22,2.822,49.34,5.565
1017,2024-02-23,2.934,49.66,5.443
1017,2024-02-24,3.061,50.02,5.304
1017,2024-02-25,3.202,50.43,5.148
1017,2024-02-26,3.359,50.88,4.977
1017,2024-02-27,3.53,51.37,4.789
1017,2024-02-28,3.717,51.9,4.584
1017,2024-02-29,3.918,52.48,4.364
1017,2024-03-01,4.134,53.1,4.126
1017,2024-03-02,,,
1017,2024-03-03,4.611,54.47,3.603
1017,2024-03-04,4.872,55.21,3.317
1017,2024-03-05,5.148,56.0,3.015
1017,2024-03-06,5.439,56.84,2.696
1017,2024-03-07,2.661,48.69,6.116
1017,2024-03-08,2.624,49.28,6.179
1017,2024-03-09,2.544,48.86,6.062
1017,2024-03-10,2.257,47.92,5.922
1017,2024-03-11,2.164,47.94,5.828
1017,2024-03-12,2.344,47.98,5.98
1017,2024-03-13,2.718,49.14,5.797
1017,2024-03-14,2.601,48.8,5.991
1017,2024-03-15,2.423,46.69,5.916
1017,2024-03-16,2.632,48.89,5.934
1017,2024-03-17,2.567,46.75,5.999
1017,2024-03-18,2.275,47.72,5.818
1017,2024-03-19,2.751,49.59,5.963
1017,2024-03-20,2.671,48.34,5.977
1017,2024-03-21,2.218,48.05,5.726
1017,2024-03-22,2.389,45.65,6.189
1017,2024-03-23,2.618,48.96,5.926
1017,2024-03-24,2.78,48.02,5.934
1017,2024-03-25,2.714,48.2,6.107
1017,2024-03-26,2.262,46.99,6.077
1017,2024-03-27,2.351,47.31,5.668
1017,2024-03-28,2.701,48.21,6.246
1017,2024-03-29,2.313,46.34,6.206
1017,2024-03-30,2.509,48.99,5.889
1017,2024-03-31,2.388,48.98,6.044
1017,2024-04-01,2.569,47.23,6.042
1017,2024-04-02,2.183,47.35,5.813
1017,2024-04-03,2.194,48.37,5.993
1017,2024-04-04,2.259,48.26,6.009
1017,2024-04-05,2.847,47.43,6.196
1017,2024-04-06,2.844,48.16,5.628
1017,2024-04-07,2.813,47.2,5.909
1017,2024-04-08,2.335,46.67,5.806
1017,2024-04-09,2.266,49.04,6.167
1017,2024-04-10,2.533,48.7,5.812
1017,2024-04-11,2.389,46.96,5.808
1017,2024-04-12,2.226,48.29,5.831
1017,2024-04-13,2.558,48.42,5.98
1017,2024-04-14,2.245,49.82,6.002
1017,2024-04-15,2.68,49.57,6.02
1017,2024-04-16,2.503,49.73,5.905
1017,2024-04-17,2.382,47.94,5.945
1017,2024-04-18,2.186,49.36,5.837
1017,2024-04-19,2.442,47.58,5.851
1017,2024-04-20,2.45,47.28,5.86
1017,2024-04-21,2.578,50.45,5.794
1017,2024-04-22,2.47,47.35,6.268
1017,2024-04-23,2.445,49.62,5.96
1017,2024-04-24,2.187,47.77,5.962
1017,2024-04-25,2.329,47.65,5.904
1017,2024-04-26,2.456,50.16,5.921
1017,2024-04-27,2.539,46.33,6.205
1017,2024-04-28,2.396,48.32,6.231
1017,2024-04-29,2.159,48.76,5.892
1017,2024-04-30,2.228,47.5,5.946
1017,2024-05-01,,,
1017,2024-05-02,2.564,47.3,5.791
1017,2024-05-03,2.385,50.45,5.973
1017,2024-05-04,2.228,46.4,6.071
1017,2024-05-05,2.423,47.11,5.867
1017,2024-05-06,2.414,47.89,6.108
1017,2024-05-07,2.722,46.88,5.747
1017,2024-05-08,2.444,49.02,6.071
1017,2024-05-09,2.335,47.32,6.191
1017,2024-05-10,2.44,47.77,5.79
1017,2024-05-11,2.543,48.13,6.041
1017,2024-05-12,2.073,47.39,6.204
1017,2024-05-13,2.366,48.59,5.896
1017,2024-05-14,2.236,46.78,5.971
1017,2024-05-15,2.321,48.09,5.949
1017,2024-05-16,2.369,49.05,5.754
1017,2024-05-17,2.72,49.23,5.957
1017,2024-05-18,2.591,46.9,6.223
1017,2024-05-19,2.503,46.67,5.947
1017,2024-05-20,2.236,50.27,6.164
1017,2024-05-21,2.504,49.14,5.512
1017,2024-05-22,2.556,46.24,5.938
1017,2024-05-23,2.133,49.18,5.602
1017,2024-05-24,2.108,48.53,5.785
1017,2024-05-25,2.702,48.74,5.999
1017,2024-05-26,2.655,49.79,6.175
1017,2024-05-27,2.46,48.09,5.895
1017,2024-05-28,,,
1017,2024-05-29,2.633,47.78,5.95
1017,2024-05-30,2.922,49.8,5.925
1017,2024-05-31,1.899,48.89,5.737
1017,2024-06-01,2.517,49.54,5.776
1017,2024-06-02,2.681,48.72,5.853
1017,2024-06-03,,,
1017,2024-06-04,2.313,48.21,6.226
1017,2024-06-05,2.183,48.18,6.226
1017,2024-06-06,2.714,48.55,6.126
1017,2024-06-07,2.856,47.39,5.978
1017,2024-06-08,2.056,47.65,6.034
1017,2024-06-09,2.229,47.63,6.157
1017,2024-06-10,2.575,47.02,5.748
1017,2024-06-11,2.615,48.49,5.942
1017,2024-06-12,2.334,47.52,6.086
1017,2024-06-13,2.161,49.59,5.806
1017,2024-06-14,2.666,47.67,6.206
1017,2024-06-15,2.716,46.4,6.035
1017,2024-06-16,2.073,48.34,6.016
1017,2024-06-17,2.455,49.41,6.003
1017,2024-06-18,,,
1017,2024-06-19,2.433,47.44,6.032
1017,2024-06-20,2.716,47.8,5.9
1017,2024-06-21,2.51,47.88,5.881
1017,2024-06-22,2.552,48.68,5.948
1017,2024-06-23,2.5,47.7,6.162
1017,2024-06-24,2.166,45.47,5.806
1017,2024-06-25,2.896,49.25,6.081
1017,2024-06-26,2.335,48.79,6.119
1017,2024-06-27,2.448,47.05,5.939
1017,2024-06-28,2.71,48.02,5.902
1017,2024-06-29,2.59,47.71,6.044
1017,2024-06-30,2.414,47.2,5.867
1017,2024-07-01,2.016,48.39,5.711
1017,2024-07-02,2.454,47.03,6.181
1017,2024-07-03,2.676,48.04,5.751
1017,2024-07-04,,,
1017,2024-07-05,2.16,49.06,5.848
1017,2024-07-06,2.697,50.08,5.935
1017,2024-07-07,2.892,48.34,6.092
1017,2024-07-08,2.653,48.76,5.888
1017,2024-07-09,2.669,48.79,5.913
1017,2024-07-10,2.105,47.61,6.005
1017,2024-07-11,2.339,46.27,5.866
1017,2024-07-12,1.981,47.2,6.035
1017,2024-07-13,2.654,46.37,6.149
1017,2024-07-14,2.567,48.29,6.033
1017,2024-07-15,1.943,49.74,6.243
1017,2024-07-16,2.58,48.92,6.059
1017,2024-07-17,2.659,50.52,6.056
1017,2024-07-18,2.283,48.58,5.559
1017,2024-07-19,2.401,50.83,5.877
1017,2024-07-20,2.753,50.14,6.108
1017,2024-07-21,2.168,49.0,5.774
1017,2024-07-22,2.539,50.09,5.928
1017,2024-07-23,2.655,47.8,6.086
1017,2024-07-24,2.506,47.08,6.13
1017,2024-07-25,2.381,48.76,5.988
1017,2024-07-26,2.495,49.85,5.96
1017,2024-07-27,2.551,48.98,6.021
1017,2024-07-28,2.613,49.05,5.654
1017,2024-07-29,2.781,48.36,5.993
1017,2024-07-30,2.157,47.71,5.83
1017,2024-07-31,2.443,48.95,5.915
1017,2024-08-01,2.428,49.05,5.746
1017,2024-08-02,2.774,47.83,5.666
1017,2024-08-03,2.218,49.61,5.923
1017,2024-08-04,2.803,50.06,6.029
1017,2024-08-05,2.287,46.27,6.017
1017,2024-08-06,2.293,48.71,5.743
1017,2024-08-07,2.177,46.94,5.836
1017,2024-08-08,2.416,47.87,5.8
1017,2024-08-09,2.359,48.38,6.015
1017,2024-08-10,2.474,49.0,5.966
1017,2024-08-11,2.466,48.86,5.964
1017,2024-08-12,2.591,49.02,5.958
1017,2024-08-13,2.539,48.56,5.949
1017,2024-08-14,2.597,48.68,5.936
1017,2024-08-15,2.686,48.89,5.919
1017,2024-08-16,2.773,49.16,5.898
1017,2024-08-17,2.887,49.47,5.752
1017,2024-08-18,3.019,49.83,5.776
1017,2024-08-19,3.169,50.24,5.813
1017,2024-08-20,3.335,50.69,5.777
1017,2024-08-21,3.52,51.2,5.737
1017,2024-08-22,3.722,51.75,5.693
1017,2024-08-23,3.942,52.35,5.646
1017,2024-08-24,4.179,53.0,5.595
1017,2024-08-25,4.434,53.69,5.54
1017,2024-08-26,4.706,54.44,5.481
1017,2024-08-27,4.996,55.23,5.419
1017,2024-08-28,5.303,56.07,5.352
1017,2024-08-29,5.628,56.96,5.282
1017,2024-08-30,5.971,57.89,5.208
1017,2024-08-31,2.318,47.57,6.039
1017,2024-09-01,2.552,48.85,5.564
1017,2024-09-02,2.692,47.56,6.184
1017,2024-09-03,2.164,50.59,5.813
1017,2024-09-04,2.055,48.16,6.027
1017,2024-09-05,2.435,49.01,6.194
1017,2024-09-06,2.487,47.89,5.543
1017,2024-09-07,2.467,48.29,5.735
1017,2024-09-08,2.598,48.35,5.829
1017,2024-09-09,2.566,49.69,5.959
1017,2024-09-10,2.6,49.4,5.951
1017,2024-09-11,2.712,49.24,5.939
1017,2024-09-12,2.855,49.78,5.896
1017,2024-09-13,3.03,50.43,5.906
1017,2024-09-14,3.237,51.2,5.884
1017,2024-09-15,3.476,52.09,5.859
1017,2024-09-16,3.746,53.09,5.83
1017,2024-09-17,4.049,54.22,5.798
1017,2024-09-18,4.383,55.46,5.763
1017,2024-09-19,4.749,56.82,5.724
1017,2024-09-20,5.147,58.31,5.682
1017,2024-09-21,5.577,59.9,5.637
1017,2024-09-22,6.039,61.62,5.588
1017,2024-09-23,6.532,63.46,5.536
1017,2024-09-24,7.057,65.41,5.481
1017,2024-09-25,7.614,67.49,5.422
1017,2024-09-26,8.203,69.68,5.36
1017,2024-09-27,8.824,71.99,5.295
1017,2024-09-28,2.681,48.8,5.742
1017,2024-09-29,2.78,49.02,5.644
1017,2024-09-30,2.897,49.28,5.527
1017,2024-10-01,3.031,49.59,5.393
1017,2024-10-02,3.184,49.93,5.241
1017,2024-10-03,3.354,50.31,5.071
1017,2024-10-04,3.543,50.73,4.883
1017,2024-10-05,3.749,51.2,4.677
1017,2024-10-06,3.974,51.7,4.454
1017,2024-10-07,,,
1017,2024-10-08,4.476,52.83,3.953
1017,2024-10-09,4.755,53.46,3.675
1017,2024-10-10,5.051,54.12,3.38
1017,2024-10-11,5.365,54.83,3.067
1017,2024-10-12,5.697,55.57,2.736
1017,2024-10-13,6.047,56.36,2.387
1017,2024-10-14,3.06,50.19,5.906
1017,2024-10-15,3.277,50.87,5.82
1017,2024-10-16,3.528,51.66,5.859
1017,2024-10-17,3.813,52.55,5.831
1017,2024-10-18,4.131,53.55,5.799
1017,2024-10-19,4.483,54.65,5.764
1017,2024-10-20,4.868,55.86,5.726
1017,2024-10-21,5.287,57.17,5.684
1017,2024-10-22,5.739,58.59,5.639
1017,2024-10-23,6.224,60.11,5.591
1017,2024-10-24,,,
1017,2024-10-25,7.296,63.48,5.484
1017,2024-10-26,7.882,65.31,5.426
1017,2024-10-27,8.501,67.26,5.364
1017,2024-10-28,9.154,69.31,5.299
1017,2024-10-29,2.354,47.99,6.112
1017,2024-10-30,2.687,50.24,5.98
1017,2024-10-31,2.696,48.57,6.119
1017,2024-11-01,2.351,48.22,5.928
1017,2024-11-02,2.253,47.85,5.806
1017,2024-11-03,2.483,48.66,5.708
1017,2024-11-04,2.557,48.86,5.98
1017,2024-11-05,2.502,47.69,6.044
1017,2024-11-06,2.223,48.04,6.122
1017,2024-11-07,2.401,48.94,5.578
1017,2024-11-08,2.567,48.38,5.832
1017,2024-11-09,2.524,47.77,5.967
1017,2024-11-10,2.569,48.5,5.933
1017,2024-11-11,,,
1017,2024-11-12,2.367,48.07,5.955
1017,2024-11-13,2.474,47.78,5.904
1017,2024-11-14,1.856,48.64,6.106
1017,2024-11-15,2.398,47.75,5.794
1017,2024-11-16,2.558,47.11,6.204
1017,2024-11-17,2.538,47.44,5.802
1017,2024-11-18,2.361,48.14,6.222
1017,2024-11-19,2.419,47.48,5.96
1017,2024-11-20,2.595,47.0,6.106
1017,2024-11-21,2.428,49.22,5.924
1017,2024-11-22,2.153,46.77,5.787
1017,2024-11-23,2.544,47.42,6.16
1017,2024-11-24,2.112,49.25,5.907
1017,2024-11-25,2.282,47.55,6.127
1017,2024-11-26,2.874,47.79,5.831
1017,2024-11-27,2.516,46.74,5.829
1017,2024-11-28,2.622,48.22,5.946
1017,2024-11-29,2.57,46.39,6.165
1017,2024-11-30,2.613,49.0,5.892
1017,2024-12-01,2.478,47.73,6.314
1017,2024-12-02,2.615,48.79,5.976
1017,2024-12-03,2.476,47.72,6.208
1017,2024-12-04,2.282,46.9,5.752
1017,2024-12-05,2.528,47.49,5.922
1017,2024-12-06,2.483,49.58,6.111
1017,2024-12-07,2.639,48.44,6.161
1017,2024-12-08,2.69,48.03,5.918
1017,2024-12-09,2.741,49.44,6.315
1017,2024-12-10,2.279,46.55,5.824
1017,2024-12-11,2.52,47.86,6.018
1017,2024-12-12,2.806,49.17,6.202
1017,2024-12-13,2.35,47.31,6.121
1017,2024-12-14,2.321,48.62,6.028
1017,2024-12-15,2.364,47.86,6.146
1017,2024-12-16,2.34,49.62,5.875
1017,2024-12-17,2.297,48.83,6.114
1017,2024-12-18,2.779,48.47,5.766
1017,2024-12-19,2.353,47.98,5.83
1017,2024-12-20,2.48,47.63,6.135
1017,2024-12-21,2.251,46.87,6.113
1017,2024-12-22,2.88,47.27,5.946
1017,2024-12-23,2.253,46.22,5.816
1017,2024-12-24,2.195,48.03,5.944
1017,2024-12-25,2.647,48.58,5.879
1017,2024-12-26,2.326,50.32,6.21
1017,2024-12-27,2.481,48.61,6.337
1017,2024-12-28,2.778,49.8,5.846
1017,2024-12-29,2.21,47.2,6.034
1017,2024-12-30,2.798,47.58,6.04
1017,2024-12-31,2.354,48.62,6.063
1017,2025-01-01,1.906,47.53,6.032
1017,2025-01-02,2.481,49.09,6.11
1017,2025-01-03,2.354,49.12,5.642
1017,2025-01-04,2.179,48.1,5.898
1017,2025-01-05,2.947,47.79,5.879
1017,2025-01-06,2.363,47.99,5.916
1017,2025-01-07,2.082,47.41,5.781
1017,2025-01-08,2.443,49.88,5.891
1017,2025-01-09,2.662,48.28,5.908
1017,2025-01-10,2.625,49.79,6.047
1017,2025-01-11,2.405,47.31,6.022
1017,2025-01-12,2.37,50.17,5.808
1017,2025-01-13,2.397,47.82,5.788
1017,2025-01-14,2.211,48.15,5.726
1017,2025-01-15,2.54,48.87,5.883
1017,2025-01-16,2.522,49.36,5.879
1017,2025-01-17,2.733,49.74,5.885
1017,2025-01-18,2.254,48.39,6.081
1017,2025-01-19,2.794,47.28,5.995
1017,2025-01-20,2.691,49.82,6.098
1017,2025-01-21,2.639,48.12,6.014
1017,2025-01-22,2.413,47.11,6.034
1017,2025-01-23,2.596,46.99,6.118
1017,2025-01-24,2.393,47.86,6.124
1017,2025-01-25,2.659,46.03,6.353
1017,2025-01-26,2.452,47.97,5.967
1017,2025-01-27,2.301,47.73,5.895
1017,2025-01-28,2.415,49.72,5.705
1017,2025-01-29,2.265,49.05,6.125
1017,2025-01-30,2.604,48.08,6.233
1017,2025-01-31,2.409,45.92,5.98
1017,2025-02-01,2.289,47.1,5.923
1017,2025-02-02,2.949,47.78,5.833
1017,2025-02-03,2.464,48.88,5.972
1017,2025-02-04,2.715,46.51,5.595
1017,2025-02-05,2.336,47.9,6.086
1017,2025-02-06,2.552,46.77,5.85
1017,2025-02-07,2.35,49.63,6.047
1017,2025-02-08,2.595,47.79,6.236
1017,2025-02-09,2.53,47.24,5.71
1017,2025-02-10,2.923,48.35,5.914
1017,2025-02-11,2.006,47.48,5.825
1017,2025-02-12,2.472,47.73,5.817
1017,2025-02-13,2.783,48.29,5.966
1017,2025-02-14,2.466,48.31,5.958
1017,2025-02-15,2.636,48.37,5.936
1017,2025-02-16,2.538,49.84,5.898
1017,2025-02-17,2.602,48.61,5.845
1017,2025-02-18,2.683,48.78,5.777
1017,2025-02-19,2.783,49.79,5.694
1017,2025-02-20,2.9,49.25,5.596
1017,2025-02-21,3.036,49.6,5.483
1017,2025-02-22,3.19,49.88,5.354
1017,2025-02-23,3.362,50.25,5.211
1017,2025-02-24,3.552,50.66,5.052
1017,2025-02-25,3.76,51.11,4.879
1017,2025-02-26,3.986,51.6,4.69
1017,2025-02-27,4.23,52.13,4.486
1017,2025-02-28,4.493,52.69,4.267
1017,2025-03-01,4.773,53.3,4.033
1017,2025-03-02,5.072,53.95,3.784
1017,2025-03-03,5.389,54.63,3.52
1017,2025-03-04,5.724,55.35,3.24
1017,2025-03-05,6.076,56.12,2.946
1017,2025-03-06,3.59,51.55,5.748
1017,2025-03-07,3.805,52.17,5.706
1017,2025-03-08,4.039,52.84,5.661
1017,2025-03-09,4.292,53.57,5.613
1017,2025-03-10,4.563,54.35,5.56
1017,2025-03-11,4.854,55.18,5.505
1017,2025-03-12,5.163,56.07,5.445
1017,2025-03-13,5.49,57.01,5.382
1017,2025-03-14,5.837,58.0,5.315
1017,2025-03-15,6.202,59.05,5.245
1017,2025-03-16,2.518,48.0,5.939
1017,2025-03-17,2.666,48.48,5.841
1017,2025-03-18,2.746,47.0,5.985
1017,2025-03-19,,,
1017,2025-03-20,2.457,49.06,5.966
1017,2025-03-21,2.696,48.33,5.937
1017,2025-03-22,,,
1017,2025-03-23,2.544,48.6,5.737
1017,2025-03-24,2.612,50.64,5.934
1017,2025-03-25,2.7,49.46,5.728
1017,2025-03-26,2.806,49.86,5.894
1017,2025-03-27,2.933,49.97,5.868
1017,2025-03-28,3.078,50.48,5.838
1017,2025-03-29,3.243,51.06,5.804
1017,2025-03-30,3.428,51.71,5.766
1017,2025-03-31,3.632,52.43,5.724
1017,2025-04-01,3.855,53.22,5.678
1017,2025-04-02,4.098,54.07,5.628
1017,2025-04-03,4.36,55.0,5.573
1017,2025-04-04,4.642,55.99,5.515
1017,2025-04-05,4.943,57.05,5.453
1017,2025-04-06,5.263,58.18,5.387
1017,2025-04-07,5.603,59.38,5.317
1017,2025-04-08,5.962,60.64,5.243
1017,2025-04-09,6.341,61.98,5.165
1017,2025-04-10,2.603,49.38,6.036
1017,2025-04-11,2.6,47.39,5.661
1017,2025-04-12,2.308,49.07,5.783
1017,2025-04-13,2.366,47.41,6.1
1017,2025-04-14,2.647,49.72,5.99
1017,2025-04-15,2.652,48.24,6.316
1017,2025-04-16,2.343,47.41,5.812
1017,2025-04-17,,,
1017,2025-04-18,2.569,49.07,6.005
1017,2025-04-19,2.724,48.29,6.225
1017,2025-04-20,2.89,48.77,6.2
1017,2025-04-21,2.48,48.24,5.825
1017,2025-04-22,2.544,50.5,5.863
1017,2025-04-23,2.288,49.31,5.894
1017,2025-04-24,2.418,48.56,6.339
1017,2025-04-25,1.964,48.7,6.066
1017,2025-04-26,2.074,50.56,5.795
1017,2025-04-27,2.695,48.65,5.709
1017,2025-04-28,2.525,48.51,6.042
1017,2025-04-29,2.319,47.32,6.015
1017,2025-04-30,2.677,49.27,5.903
1017,2025-05-01,2.425,47.69,6.012
1017,2025-05-02,2.353,48.11,5.716
1017,2025-05-03,2.298,50.55,5.993
1017,2025-05-04,2.421,47.44,6.027
1017,2025-05-05,2.77,49.32,6.031
1017,2025-05-06,2.364,47.82,5.871
1017,2025-05-07,2.858,46.79,6.0
1017,2025-05-08,2.587,47.61,5.908
1017,2025-05-09,2.69,47.65,5.622
1017,2025-05-10,2.463,48.13,5.612
1017,2025-05-11,2.205,47.91,6.096
1017,2025-05-12,2.656,47.83,5.809
1017,2025-05-13,2.243,48.03,6.075
1017,2025-05-14,2.681,49.35,5.84
1017,2025-05-15,2.639,49.05,6.046
1017,2025-05-16,2.437,47.47,6.179
1017,2025-05-17,2.292,48.31,6.318
1017,2025-05-18,2.315,47.82,5.935
1017,2025-05-19,2.584,49.39,6.227
1017,2025-05-20,2.287,46.81,6.038
1017,2025-05-21,1.878,48.82,5.488
1017,2025-05-22,2.175,48.98,5.597
1017,2025-05-23,2.661,47.89,6.057
1017,2025-05-24,2.542,47.79,6.16
1017,2025-05-25,2.275,48.61,5.932
1017,2025-05-26,2.376,46.75,5.959
1017,2025-05-27,2.389,47.55,5.861
1017,2025-05-28,2.934,46.83,5.853
1017,2025-05-29,2.216,48.7,6.146
1017,2025-05-30,2.265,47.24,5.938
1017,2025-05-31,2.451,47.9,5.876
1017,2025-06-01,2.536,46.16,6.056
1017,2025-06-02,2.357,47.65,5.872
1017,2025-06-03,2.624,49.27,6.015
1017,2025-06-04,2.464,48.65,5.902
1017,2025-06-05,,,
1017,2025-06-06,2.331,45.45,5.934
1017,2025-06-07,2.419,45.49,5.707
1017,2025-06-08,2.437,50.0,6.12
1017,2025-06-09,2.535,48.68,6.092
1017,2025-06-10,2.705,46.89,5.978
1017,2025-06-11,2.457,49.11,5.894
1017,2025-06-12,2.616,48.75,5.964
1017,2025-06-13,2.621,48.67,5.83
1017,2025-06-14,2.539,48.78,5.952
1017,2025-06-15,2.603,49.15,5.942
1017,2025-06-16,2.685,48.91,5.929
1017,2025-06-17,2.786,48.99,5.912
1017,2025-06-18,2.904,49.24,5.893
1017,2025-06-19,3.041,49.53,5.87
1017,2025-06-20,3.196,49.86,5.843
1017,2025-06-21,3.37,50.23,5.696
1017,2025-06-22,3.562,50.64,5.739
1017,2025-06-23,3.772,51.08,5.751
1017,2025-06-24,4.0,51.57,5.713
1017,2025-06-25,4.246,52.09,5.673
1017,2025-06-26,4.511,52.65,5.63
1017,2025-06-27,4.794,53.25,5.583
1017,2025-06-28,5.095,53.89,5.534
1017,2025-06-29,5.415,54.57,5.482
1017,2025-06-30,5.753,55.29,5.426
1017,2025-07-01,6.109,56.04,5.368
1017,2025-07-02,2.606,46.74,5.885
1017,2025-07-03,2.509,49.83,5.68
1017,2025-07-04,2.431,49.56,6.059
1017,2025-07-05,2.386,47.8,6.169
1017,2025-07-06,2.657,48.15,5.995
1017,2025-07-07,2.53,47.24,6.024
1017,2025-07-08,2.609,48.46,6.056
1017,2025-07-09,2.553,47.18,6.153
1017,2025-07-10,2.365,46.87,6.128
1017,2025-07-11,2.525,48.45,6.073
1017,2025-07-12,2.631,47.64,6.105
1017,2025-07-13,2.37,48.15,5.772
1017,2025-07-14,2.557,47.97,6.052
1017,2025-07-15,2.491,47.5,5.865
1017,2025-07-16,2.719,48.46,6.048
1017,2025-07-17,2.463,47.32,5.985
1017,2025-07-18,2.442,48.72,5.988
1017,2025-07-19,2.32,47.69,6.065
1017,2025-07-20,2.347,49.45,6.012
1017,2025-07-21,2.545,47.77,5.932
1017,2025-07-22,2.694,48.91,6.264
1017,2025-07-23,2.132,49.13,5.998
1017,2025-07-24,2.36,48.14,6.054
1017,2025-07-25,2.521,46.99,5.941
1017,2025-07-26,2.564,48.97,5.893
1017,2025-07-27,2.308,46.95,5.864
1017,2025-07-28,2.272,48.64,5.991
1017,2025-07-29,2.42,46.73,5.981
1017,2025-07-30,2.569,47.81,6.075
1017,2025-07-31,2.559,48.1,5.914
1017,2025-08-01,2.367,47.63,6.164
1017,2025-08-02,2.541,48.45,6.121
1017,2025-08-03,2.397,48.79,5.619
1017,2025-08-04,2.4,48.36,5.754
1017,2025-08-05,2.63,48.43,5.904
1017,2025-08-06,2.459,49.58,5.989
1017,2025-08-07,2.597,48.97,6.047
1017,2025-08-08,,,
1017,2025-08-09,2.38,47.69,5.926
1017,2025-08-10,2.343,47.1,6.218
1017,2025-08-11,2.501,47.61,5.777
1017,2025-08-12,2.451,49.13,5.901
1017,2025-08-13,2.76,48.34,5.865
1017,2025-08-14,2.54,48.94,5.966
1017,2025-08-15,2.487,48.35,5.964
1017,2025-08-16,2.528,48.52,5.957
1017,2025-08-17,2.617,48.8,5.946
1017,2025-08-18,2.741,49.19,5.931
1017,2025-08-19,2.901,49.69,5.911
1017,2025-08-20,3.096,50.31,5.884
1017,2025-08-21,3.327,51.03,5.858
1017,2025-08-22,3.593,51.87,5.825
1017,2025-08-23,3.895,52.82,5.788
1017,2025-08-24,4.232,53.88,5.746
1017,2025-08-25,4.605,55.06,5.699
1017,2025-08-26,,,
1017,2025-08-27,5.457,57.74,5.594
1017,2025-08-28,5.936,59.25,5.534
1017,2025-08-29,,,
1017,2025-08-30,7.001,62.61,5.402
1017,2025-08-31,7.586,64.45,5.33
1017,2025-09-01,8.208,66.41,5.252
1017,2025-09-02,8.864,68.48,5.171
1017,2025-09-03,9.557,70.66,5.085
1017,2025-09-04,2.526,47.91,5.754
1017,2025-09-05,2.62,49.05,6.114
1017,2025-09-06,2.475,48.72,6.249
1017,2025-09-07,2.351,49.07,6.109
1017,2025-09-08,2.577,49.39,6.02
1017,2025-09-09,2.404,49.09,5.851
1017,2025-09-10,2.34,48.55,5.923
1017,2025-09-11,2.588,46.25,6.081
1017,2025-09-12,2.457,48.93,5.966
1017,2025-09-13,2.465,49.11,5.957
1017,2025-09-14,2.849,48.78,5.931
1017,2025-09-15,2.622,48.59,5.888
1017,2025-09-16,2.585,48.82,5.828
1017,2025-09-17,2.656,49.29,5.751
1017,2025-09-18,2.744,49.48,5.656
1017,2025-09-19,2.848,49.91,5.544
1017,2025-09-20,2.968,50.41,5.415
1017,2025-09-21,3.103,50.97,5.268
1017,2025-09-22,3.255,51.6,5.104
1017,2025-09-23,3.423,52.3,4.924
1017,2025-09-24,3.606,53.06,4.725
1017,2025-09-25,3.806,53.88,4.51
1017,2025-09-26,4.021,54.77,4.277
1017,2025-09-27,,,
1017,2025-09-28,4.5,56.76,3.761
1017,2025-09-29,4.764,57.85,3.476
1017,2025-09-30,5.043,59.01,3.175
1017,2025-10-01,5.338,60.23,2.856
1017,2025-10-02,5.65,61.52,2.52
1017,2025-10-03,2.356,47.96,5.797
1017,2025-10-04,2.51,48.61,5.975
1017,2025-10-05,2.709,48.6,6.103
1017,2025-10-06,2.759,49.15,5.968
1017,2025-10-07,2.379,48.75,6.048
1017,2025-10-08,2.48,49.65,5.668
1017,2025-10-09,2.853,48.16,6.041
1017,2025-10-10,2.373,49.34,5.879
1017,2025-10-11,2.461,49.86,5.98
1017,2025-10-12,2.879,48.01,5.734
1017,2025-10-13,2.444,47.17,5.852
1017,2025-10-14,2.639,48.17,5.834
1017,2025-10-15,2.469,49.56,5.811
1017,2025-10-16,2.182,48.59,5.983
1017,2025-10-17,2.598,49.29,5.929
1017,2025-10-18,2.138,48.28,5.946
1017,2025-10-19,2.186,46.39,6.134
1017,2025-10-20,2.732,47.39,6.036
1017,2025-10-21,2.616,46.87,6.02
1017,2025-10-22,2.456,46.36,6.061
1017,2025-10-23,2.668,47.99,5.994
1017,2025-10-24,2.723,49.36,6.128
1017,2025-10-25,2.561,48.84,6.043
1017,2025-10-26,2.23,48.68,5.912
1017,2025-10-27,2.271,48.76,5.929
1017,2025-10-28,2.692,47.93,6.063
1017,2025-10-29,2.467,49.89,5.855
1017,2025-10-30,2.718,49.06,5.969
1017,2025-10-31,2.294,48.89,5.964
1017,2025-11-01,2.602,46.1,5.933
1017,2025-11-02,2.12,49.28,5.949
1017,2025-11-03,2.61,49.42,6.033
1017,2025-11-04,2.551,48.2,6.121
1017,2025-11-05,2.701,46.58,6.235
1017,2025-11-06,2.096,49.2,6.035
1017,2025-11-07,2.226,47.82,6.071
1017,2025-11-08,2.335,47.97,6.107
1017,2025-11-09,2.563,47.9,5.736
1017,2025-11-10,2.797,48.01,5.784
1017,2025-11-11,2.707,47.21,6.081
1017,2025-11-12,2.205,48.63,6.028
1017,2025-11-13,2.375,49.53,5.895
1017,2025-11-14,2.751,48.21,6.077
1017,2025-11-15,2.612,47.11,5.867
1017,2025-11-16,2.212,47.89,5.798
1017,2025-11-17,2.596,48.06,6.02
1017,2025-11-18,2.597,48.01,6.024
1017,2025-11-19,2.644,48.57,6.07
1017,2025-11-20,2.487,48.14,6.376
1017,2025-11-21,2.556,48.24,5.902
1017,2025-11-22,2.675,48.28,6.093
1017,2025-11-23,2.546,47.04,5.885
1017,2025-11-24,2.69,48.65,5.952
1017,2025-11-25,2.648,49.21,5.967
1017,2025-11-26,2.621,48.56,6.199
1017,2025-11-27,2.412,48.4,5.935
1017,2025-11-28,2.62,51.06,5.72
1017,2025-11-29,2.667,48.64,5.55
1017,2025-11-30,2.371,50.37,6.158
1017,2025-12-01,2.304,47.49,5.986
1017,2025-12-02,2.571,47.4,6.134
1017,2025-12-03,2.611,46.78,5.922
1017,2025-12-04,2.329,47.19,5.796
1017,2025-12-05,2.556,47.3,5.848
1017,2025-12-06,2.887,48.16,6.135
1017,2025-12-07,2.089,48.46,5.844
1017,2025-12-08,2.56,47.89,6.048
1017,2025-12-09,2.528,48.26,6.133
1017,2025-12-10,2.494,47.53,5.711
1017,2025-12-11,2.466,47.31,6.176
1017,2025-12-12,2.565,47.21,6.011
1017,2025-12-13,2.455,47.82,6.007
1017,2025-12-14,2.384,49.52,5.976
1017,2025-12-15,2.63,45.83,6.112
1017,2025-12-16,2.865,48.91,5.907
1017,2025-12-17,2.451,48.93,6.104
1017,2025-12-18,2.628,47.81,5.999
1017,2025-12-19,2.714,48.82,6.046
1017,2025-12-20,2.265,49.67,5.897
1017,2025-12-21,2.405,47.52,6.158
1017,2025-12-22,2.326,48.51,6.071
1017,2025-12-23,2.435,47.75,5.876
1017,2025-12-24,2.683,47.96,5.98
1017,2025-12-25,2.337,48.19,5.931
1017,2025-12-26,2.736,48.19,6.033
1017,2025-12-27,2.891,47.6,6.09
1017,2025-12-28,2.326,47.73,5.707
1017,2025-12-29,2.518,49.42,6.041
1017,2025-12-30,2.631,49.8,6.125
1017,2025-12-31,2.254,48.61,6.04
1018,2024-01-01,1.778,44.0,6.741
1018,2024-01-02,2.203,42.81,6.645
1018,2024-01-03,2.407,41.44,6.738
1018,2024-01-04,2.211,44.06,6.827
1018,2024-01-05,2.329,43.16,6.915
1018,2024-01-06,2.279,44.14,7.012
1018,2024-01-07,2.261,43.66,6.981
1018,2024-01-08,2.314,42.33,6.833
1018,2024-01-09,2.26,42.37,6.796
1018,2024-01-10,2.274,42.93,6.817
1018,2024-01-11,2.465,41.22,6.845
1018,2024-01-12,2.765,45.43,6.68
1018,2024-01-13,2.219,42.9,6.941
1018,2024-01-14,2.343,43.02,6.857
1018,2024-01-15,2.275,42.08,6.824
1018,2024-01-16,2.232,43.52,6.717
1018,2024-01-17,2.415,44.18,7.05
1018,2024-01-18,2.368,45.0,7.099
1018,2024-01-19,2.614,42.94,6.696
1018,2024-01-20,2.564,44.95,7.124
1018,2024-01-21,,,
1018,2024-01-22,2.052,42.03,6.969
1018,2024-01-23,2.401,44.62,6.603
1018,2024-01-24,2.513,42.87,6.874
1018,2024-01-25,2.469,44.02,7.012
1018,2024-01-26,2.365,43.9,6.85
1018,2024-01-27,2.332,43.18,7.02
1018,2024-01-28,2.334,43.06,6.892
1018,2024-01-29,2.296,44.17,7.021
1018,2024-01-30,2.376,42.76,7.166
1018,2024-01-31,2.442,42.51,6.725
1018,2024-02-01,2.276,44.64,6.882
1018,2024-02-02,2.089,43.3,6.717
1018,2024-02-03,,,
1018,2024-02-04,2.209,42.02,6.708
1018,2024-02-05,2.385,43.37,6.922
1018,2024-02-06,2.26,43.49,6.988
1018,2024-02-07,2.007,42.52,6.955
1018,2024-02-08,2.298,44.82,6.896
1018,2024-02-09,2.332,43.39,6.835
1018,2024-02-10,2.491,41.63,6.739
1018,2024-02-11,2.452,44.0,6.858
1018,2024-02-12,2.404,41.97,6.814
1018,2024-02-13,2.403,43.56,6.526
1018,2024-02-14,2.577,43.9,7.014
1018,2024-02-15,,,
1018,2024-02-16,2.668,42.96,6.64
1018,2024-02-17,2.657,43.52,6.94
1018,2024-02-18,2.392,42.9,6.912
1018,2024-02-19,2.202,42.81,7.131
1018,2024-02-20,2.627,44.13,6.775
1018,2024-02-21,2.291,44.57,6.721
1018,2024-02-22,2.389,44.24,7.016
1018,2024-02-23,2.348,40.87,6.798
1018,2024-02-24,2.402,44.26,7.027
1018,2024-02-25,2.273,43.28,6.934
1018,2024-02-26,2.448,42.26,6.612
1018,2024-02-27,2.393,42.58,6.681
1018,2024-02-28,2.289,41.26,6.666
1018,2024-02-29,,,
1018,2024-03-01,2.447,43.28,6.966
1018,2024-03-02,2.269,43.57,6.942
1018,2024-03-03,2.29,42.64,6.659
1018,2024-03-04,2.478,42.49,6.902
1018,2024-03-05,2.071,44.02,6.306
1018,2024-03-06,2.4,44.21,6.865
1018,2024-03-07,2.383,43.36,6.843
1018,2024-03-08,2.094,43.29,7.024
1018,2024-03-09,2.263,44.09,6.932
1018,2024-03-10,2.636,45.28,6.698
1018,2024-03-11,2.488,43.74,6.842
1018,2024-03-12,2.171,43.38,6.675
1018,2024-03-13,2.304,43.14,6.79
1018,2024-03-14,2.28,43.95,6.75
1018,2024-03-15,2.224,43.21,7.297
1018,2024-03-16,2.209,43.68,6.74
1018,2024-03-17,2.33,44.01,6.772
1018,2024-03-18,2.275,42.82,6.866
1018,2024-03-19,2.657,44.67,7.147
1018,2024-03-20,2.706,45.56,6.694
1018,2024-03-21,2.394,42.76,7.046
1018,2024-03-22,,,
1018,2024-03-23,2.076,41.76,6.72
1018,2024-03-24,2.224,44.25,6.791
1018,2024-03-25,2.225,41.66,7.15
1018,2024-03-26,2.391,44.82,6.541
1018,2024-03-27,2.696,44.42,6.63
1018,2024-03-28,2.271,41.74,6.527
1018,2024-03-29,2.64,42.9,6.714
1018,2024-03-30,2.395,41.51,6.853
1018,2024-03-31,2.42,45.38,6.683
1018,2024-04-01,2.345,45.03,6.907
1018,2024-04-02,1.862,43.68,6.884
1018,2024-04-03,2.2,42.34,6.95
1018,2024-04-04,2.302,43.66,6.82
1018,2024-04-05,2.453,43.65,6.826
1018,2024-04-06,2.174,44.61,6.748
1018,2024-04-07,2.277,45.58,7.029
1018,2024-04-08,2.128,44.54,6.872
1018,2024-04-09,2.296,44.55,7.018
1018,2024-04-10,2.201,43.49,6.719
1018,2024-04-11,2.5,43.28,6.866
1018,2024-04-12,2.181,44.42,6.842
1018,2024-04-13,2.158,43.49,6.685
1018,2024-04-14,2.326,43.06,6.776
1018,2024-04-15,2.569,42.36,6.586
1018,2024-04-16,2.35,42.3,6.713
1018,2024-04-17,,,
1018,2024-04-18,2.47,42.32,6.863
1018,2024-04-19,2.356,42.19,6.637
1018,2024-04-20,2.498,43.26,6.961
1018,2024-04-21,2.498,42.33,7.028
1018,2024-04-22,2.356,43.56,7.156
1018,2024-04-23,2.024,43.53,6.947
1018,2024-04-24,2.408,43.68,6.998
1018,2024-04-25,2.474,42.12,6.882
1018,2024-04-26,2.568,44.1,6.724
1018,2024-04-27,2.209,42.25,6.892
1018,2024-04-28,2.18,42.88,6.814
1018,2024-04-29,2.396,43.76,6.657
1018,2024-04-30,2.342,42.58,7.13
1018,2024-05-01,2.372,45.71,6.82
1018,2024-05-02,2.24,43.8,6.707
1018,2024-05-03,2.336,43.63,6.795
1018,2024-05-04,2.335,44.69,7.007
1018,2024-05-05,1.888,41.42,6.822
1018,2024-05-06,2.551,44.61,6.744
1018,2024-05-07,2.252,42.48,7.06
1018,2024-05-08,1.998,42.6,6.734
1018,2024-05-09,2.021,41.35,6.977
1018,2024-05-10,2.327,44.45,6.865
1018,2024-05-11,2.017,43.36,6.767
1018,2024-05-12,2.261,41.86,7.019
1018,2024-05-13,2.121,43.3,6.97
1018,2024-05-14,2.257,44.62,6.98
1018,2024-05-15,2.237,42.56,6.862
1018,2024-05-16,2.686,43.66,6.832
1018,2024-05-17,2.408,42.42,6.35
1018,2024-05-18,2.595,43.22,6.806
1018,2024-05-19,2.081,45.38,6.812
1018,2024-05-20,2.285,43.44,7.003
1018,2024-05-21,2.126,42.79,7.231
1018,2024-05-22,2.445,44.65,6.865
1018,2024-05-23,2.632,41.65,7.243
1018,2024-05-24,2.353,43.47,6.843
1018,2024-05-25,2.004,44.24,7.032
1018,2024-05-26,2.301,41.81,7.044
1018,2024-05-27,2.537,44.06,6.581
1018,2024-05-28,2.629,45.69,7.131
1018,2024-05-29,2.261,45.01,6.685
1018,2024-05-30,2.324,42.45,6.837
1018,2024-05-31,2.123,44.02,6.718
1018,2024-06-01,2.001,42.9,6.751
1018,2024-06-02,2.249,42.98,6.671
1018,2024-06-03,2.582,45.11,6.797
1018,2024-06-04,2.184,43.62,7.087
1018,2024-06-05,2.429,43.43,6.673
1018,2024-06-06,2.381,43.46,7.022
1018,2024-06-07,2.242,42.33,6.929
1018,2024-06-08,2.195,42.12,6.977
1018,2024-06-09,2.01,43.14,6.933
1018,2024-06-10,2.27,43.69,6.993
1018,2024-06-11,2.428,43.38,6.975
1018,2024-06-12,2.475,45.03,6.696
1018,2024-06-13,2.362,44.14,6.625
1018,2024-06-14,2.352,42.98,7.017
1018,2024-06-15,2.026,43.25,6.938
1018,2024-06-16,2.082,45.4,7.114
1018,2024-06-17,2.201,45.11,6.869
1018,2024-06-18,2.246,44.19,6.829
1018,2024-06-19,2.053,42.31,6.714
1018,2024-06-20,2.201,42.67,6.558
1018,2024-06-21,2.274,43.07,6.906
1018,2024-06-22,2.355,43.87,7.094
1018,2024-06-23,2.333,43.75,6.833
1018,2024-06-24,2.07,44.07,6.984
1018,2024-06-25,2.154,41.46,6.987
1018,2024-06-26,2.515,43.56,6.608
1018,2024-06-27,2.142,44.47,6.903
1018,2024-06-28,2.38,43.97,6.684
1018,2024-06-29,2.615,43.46,6.888
1018,2024-06-30,2.63,43.07,6.95
1018,2024-07-01,2.058,43.11,6.816
1018,2024-07-02,2.319,42.4,6.849
1018,2024-07-03,2.241,43.36,7.03
1018,2024-07-04,2.178,44.65,7.179
1018,2024-07-05,2.498,43.42,6.704
1018,2024-07-06,2.361,44.93,6.799
1018,2024-07-07,2.583,43.11,6.742
1018,2024-07-08,2.083,42.94,6.692
1018,2024-07-09,1.863,44.6,6.935
1018,2024-07-10,2.291,42.32,6.762
1018,2024-07-11,2.325,43.01,7.035
1018,2024-07-12,2.583,42.05,7.039
1018,2024-07-13,2.256,43.42,6.84
1018,2024-07-14,2.427,42.48,6.693
1018,2024-07-15,2.571,42.65,6.869
1018,2024-07-16,1.823,42.68,6.852
1018,2024-07-17,2.3,42.82,6.754
1018,2024-07-18,2.22,44.14,7.054
1018,2024-07-19,2.11,44.67,6.833
1018,2024-07-20,2.216,46.93,6.689
1018,2024-07-21,2.285,43.75,6.951
1018,2024-07-22,2.74,44.6,6.626
1018,2024-07-23,2.135,42.54,7.027
1018,2024-07-24,2.247,43.68,6.822
1018,2024-07-25,2.532,43.2,7.079
1018,2024-07-26,2.82,43.59,6.871
1018,2024-07-27,2.065,43.79,6.623
1018,2024-07-28,,,
1018,2024-07-29,2.192,42.99,6.901
1018,2024-07-30,2.638,42.73,6.774
1018,2024-07-31,2.478,42.94,6.821
1018,2024-08-01,2.402,43.88,6.936
1018,2024-08-02,2.556,41.89,6.623
1018,2024-08-03,2.371,45.11,6.776
1018,2024-08-04,2.322,44.45,6.682
1018,2024-08-05,2.422,42.6,6.856
1018,2024-08-06,2.021,44.5,6.956
1018,2024-08-07,2.326,43.95,6.829
1018,2024-08-08,2.543,42.43,6.693
1018,2024-08-09,1.798,42.61,6.769
1018,2024-08-10,1.982,43.82,6.77
1018,2024-08-11,2.458,42.67,6.909
1018,2024-08-12,2.451,43.63,6.93
1018,2024-08-13,2.34,43.0,6.902
1018,2024-08-14,2.455,44.9,6.954
1018,2024-08-15,2.293,42.13,6.705
1018,2024-08-16,2.597,44.88,6.676
1018,2024-08-17,2.116,42.77,6.616
1018,2024-08-18,2.643,43.65,6.973
1018,2024-08-19,2.31,45.46,6.877
1018,2024-08-20,2.179,42.36,6.7
1018,2024-08-21,2.474,42.19,6.953
1018,2024-08-22,2.253,42.3,6.782
1018,2024-08-23,2.688,41.23,6.765
1018,2024-08-24,2.248,42.78,6.701
1018,2024-08-25,2.087,45.88,6.873
1018,2024-08-26,1.931,42.75,6.898
1018,2024-08-27,2.375,43.12,6.881
1018,2024-08-28,2.776,44.25,6.81
1018,2024-08-29,2.489,44.03,6.816
1018,2024-08-30,2.329,41.32,6.83
1018,2024-08-31,1.862,43.92,6.792
1018,2024-09-01,2.061,45.15,6.44
1018,2024-09-02,2.422,44.99,6.771
1018,2024-09-03,2.227,41.73,6.771
1018,2024-09-04,2.329,43.71,6.886
1018,2024-09-05,2.33,44.67,6.783
1018,2024-09-06,2.451,44.3,6.805
1018,2024-09-07,2.209,42.8,6.778
1018,2024-09-08,,,
1018,2024-09-09,2.557,43.84,6.59
1018,2024-09-10,2.308,42.97,6.747
1018,2024-09-11,2.45,43.6,6.857
1018,2024-09-12,2.298,43.59,6.876
1018,2024-09-13,2.225,42.77,7.021
1018,2024-09-14,2.376,43.11,7.078
1018,2024-09-15,2.275,42.8,6.849
1018,2024-09-16,2.18,44.98,6.876
1018,2024-09-17,2.297,43.73,6.777
1018,2024-09-18,2.28,44.42,6.854
1018,2024-09-19,2.515,43.82,6.698
1018,2024-09-20,2.581,44.46,6.774
1018,2024-09-21,1.996,42.97,6.858
1018,2024-09-22,1.96,43.7,6.945
1018,2024-09-23,2.178,42.26,6.748
1018,2024-09-24,2.552,43.75,6.77
1018,2024-09-25,2.086,43.7,6.988
1018,2024-09-26,2.098,41.71,6.811
1018,2024-09-27,1.941,41.61,6.891
1018,2024-09-28,2.163,42.35,6.988
1018,2024-09-29,2.271,43.94,6.864
1018,2024-09-30,2.528,42.64,6.792
1018,2024-10-01,2.701,42.97,7.044
1018,2024-10-02,2.342,41.33,6.795
1018,2024-10-03,2.419,46.66,6.897
1018,2024-10-04,2.447,43.1,6.711
1018,2024-10-05,2.362,42.09,7.11
1018,2024-10-06,2.423,41.85,6.775
1018,2024-10-07,1.998,44.54,7.095
1018,2024-10-08,2.451,43.27,6.796
1018,2024-10-09,2.494,43.67,6.809
1018,2024-10-10,2.02,43.71,6.643
1018,2024-10-11,2.137,43.25,6.675
1018,2024-10-12,2.384,44.04,6.86
1018,2024-10-13,2.416,45.68,6.983
1018,2024-10-14,2.452,42.91,6.746
1018,2024-10-15,2.639,43.46,6.84
1018,2024-10-16,2.48,44.09,6.982
1018,2024-10-17,2.803,43.82,6.837
1018,2024-10-18,2.262,44.79,6.753
1018,2024-10-19,2.149,43.76,6.867
1018,2024-10-20,,,
1018,2024-10-21,2.491,44.23,6.794
1018,2024-10-22,2.606,41.9,6.964
1018,2024-10-23,2.181,43.51,6.559
1018,2024-10-24,,,
1018,2024-10-25,2.071,45.34,6.884
1018,2024-10-26,2.656,42.78,6.677
1018,2024-10-27,2.38,43.25,6.919
1018,2024-10-28,2.531,43.4,6.863
1018,2024-10-29,2.158,42.11,7.018
1018,2024-10-30,2.389,43.26,6.981
1018,2024-10-31,2.583,43.09,6.833
1018,2024-11-01,2.392,42.97,6.942
1018,2024-11-02,2.023,43.66,7.075
1018,2024-11-03,2.175,45.21,7.078
1018,2024-11-04,2.272,42.99,6.926
1018,2024-11-05,2.448,44.14,6.863
1018,2024-11-06,2.406,43.64,6.744
1018,2024-11-07,2.531,43.09,6.919
1018,2024-11-08,2.318,44.12,6.958
1018,2024-11-09,2.084,44.78,6.884
1018,2024-11-10,,,
1018,2024-11-11,2.421,43.71,6.798
1018,2024-11-12,2.021,43.97,6.767
1018,2024-11-13,2.315,42.98,6.871
1018,2024-11-14,2.096,44.41,6.824
1018,2024-11-15,2.817,43.76,6.841
1018,2024-11-16,2.295,43.24,6.823
1018,2024-11-17,2.347,42.91,6.972
1018,2024-11-18,2.539,43.76,6.724
1018,2024-11-19,2.083,42.17,6.884
1018,2024-11-20,2.479,42.96,6.734
1018,2024-11-21,2.316,42.03,6.954
1018,2024-11-22,2.427,44.9,6.906
1018,2024-11-23,2.053,45.01,6.883
1018,2024-11-24,2.441,43.87,6.989
1018,2024-11-25,2.041,42.45,6.943
1018,2024-11-26,2.358,43.31,7.034
1018,2024-11-27,2.421,45.19,6.652
1018,2024-11-28,2.455,44.19,6.863
1018,2024-11-29,2.523,44.62,6.751
1018,2024-11-30,2.01,45.83,7.061
1018,2024-12-01,2.693,45.41,6.93
1018,2024-12-02,2.308,44.56,6.815
1018,2024-12-03,2.364,43.85,6.994
1018,2024-12-04,2.545,43.15,6.838
1018,2024-12-05,2.706,43.51,6.88
1018,2024-12-06,2.182,44.26,6.817
1018,2024-12-07,2.348,44.61,7.023
1018,2024-12-08,2.384,43.85,6.867
1018,2024-12-09,2.62,43.56,7.053
1018,2024-12-10,2.42,44.13,6.742
1018,2024-12-11,2.791,45.43,6.875
1018,2024-12-12,2.5,44.1,6.723
1018,2024-12-13,2.229,42.02,6.988
1018,2024-12-14,2.222,43.56,6.839
1018,2024-12-15,2.316,43.78,6.707
1018,2024-12-16,2.342,44.63,6.976
1018,2024-12-17,2.213,42.51,6.991
1018,2024-12-18,2.397,42.91,6.856
1018,2024-12-19,2.534,42.43,6.76
1018,2024-12-20,2.282,45.01,6.904
1018,2024-12-21,2.555,43.72,7.099
1018,2024-12-22,2.487,44.28,6.723
1018,2024-12-23,2.427,44.4,6.609
1018,2024-12-24,2.643,43.36,6.853
1018,2024-12-25,2.637,41.66,6.659
1018,2024-12-26,2.115,45.25,6.614
1018,2024-12-27,2.402,41.7,6.898
1018,2024-12-28,2.461,43.71,6.923
1018,2024-12-29,2.126,43.99,6.981
1018,2024-12-30,2.04,43.26,6.914
1018,2024-12-31,,,
1018,2025-01-01,2.154,43.67,6.874
1018,2025-01-02,2.305,43.76,7.083
1018,2025-01-03,2.097,43.93,6.812
1018,2025-01-04,2.483,41.72,6.763
1018,2025-01-05,2.115,41.84,7.087
1018,2025-01-06,2.063,44.58,6.96
1018,2025-01-07,2.341,43.42,6.85
1018,2025-01-08,2.358,43.71,6.851
1018,2025-01-09,2.389,45.01,6.78
1018,2025-01-10,2.449,43.78,6.74
1018,2025-01-11,2.534,43.97,6.598
1018,2025-01-12,2.694,44.29,6.602
1018,2025-01-13,2.775,44.67,6.503
1018,2025-01-14,2.932,45.12,6.374
1018,2025-01-15,3.114,45.64,6.225
1018,2025-01-16,3.319,46.23,6.056
1018,2025-01-17,3.548,46.89,5.867
1018,2025-01-18,3.802,47.62,5.658
1018,2025-01-19,4.08,48.42,5.429
1018,2025-01-20,4.382,49.29,5.181
1018,2025-01-21,,,
1018,2025-01-22,5.058,51.23,4.624
1018,2025-01-23,5.432,52.31,4.315
1018,2025-01-24,5.831,53.45,3.987
1018,2025-01-25,6.254,54.67,3.639
1018,2025-01-26,6.701,55.96,3.271
1018,2025-01-27,7.172,57.31,2.883
1018,2025-01-28,2.392,43.53,7.116
1018,2025-01-29,2.724,46.89,6.922
1018,2025-01-30,2.616,44.12,6.816
1018,2025-01-31,2.249,43.0,6.909
1018,2025-02-01,2.145,45.02,7.006
1018,2025-02-02,2.225,44.97,6.908
1018,2025-02-03,2.172,43.57,7.017
1018,2025-02-04,2.245,44.01,6.632
1018,2025-02-05,2.935,43.83,6.905
1018,2025-02-06,2.438,43.36,6.899
1018,2025-02-07,2.647,42.55,6.921
1018,2025-02-08,2.341,44.72,6.858
1018,2025-02-09,2.439,44.48,6.844
1018,2025-02-10,2.526,43.53,6.835
1018,2025-02-11,2.412,43.86,6.681
1018,2025-02-12,2.467,43.85,6.756
1018,2025-02-13,2.538,44.09,6.697
1018,2025-02-14,2.625,44.39,6.625
1018,2025-02-15,2.727,44.74,6.539
1018,2025-02-16,,,
1018,2025-02-17,2.98,45.6,6.329
1018,2025-02-18,3.129,46.11,6.204
1018,2025-02-19,3.295,46.67,6.066
1018,2025-02-20,3.476,47.29,5.915
1018,2025-02-21,3.674,47.96,5.75
1018,2025-02-22,3.887,48.69,5.573
1018,2025-02-23,4.115,49.47,5.382
1018,2025-02-24,4.36,50.3,5.178
1018,2025-02-25,4.62,51.19,4.961
1018,2025-02-26,4.896,52.13,4.731
1018,2025-02-27,5.188,53.13,4.488
1018,2025-02-28,5.496,54.17,4.232
1018,2025-03-01,2.541,43.48,6.847
1018,2025-03-02,2.161,43.54,7.089
1018,2025-03-03,2.223,42.51,6.774
1018,2025-03-04,2.467,44.62,6.765
1018,2025-03-05,2.581,42.38,6.963
1018,2025-03-06,1.933,41.61,6.762
1018,2025-03-07,2.416,43.04,7.037
1018,2025-03-08,2.536,42.62,6.733
1018,2025-03-09,2.612,43.91,6.891
1018,2025-03-10,2.33,43.1,6.889
1018,2025-03-11,2.18,42.39,6.793
1018,2025-03-12,2.434,42.36,6.601
1018,2025-03-13,2.04,42.27,6.903
1018,2025-03-14,2.623,41.84,6.902
1018,2025-03-15,2.249,43.35,6.861
1018,2025-03-16,2.055,45.04,6.791
1018,2025-03-17,2.405,42.52,6.674
1018,2025-03-18,2.571,42.53,6.765
1018,2025-03-19,2.462,43.14,6.599
1018,2025-03-20,2.1,43.18,7.113
1018,2025-03-21,2.646,43.33,6.812
1018,2025-03-22,2.433,44.72,7.041
1018,2025-03-23,2.343,43.3,6.843
1018,2025-03-24,2.316,43.39,7.083
1018,2025-03-25,2.56,43.4,6.776
1018,2025-03-26,2.438,42.29,6.758
1018,2025-03-27,2.351,42.39,6.747
1018,2025-03-28,2.384,41.17,6.876
1018,2025-03-29,2.386,42.73,6.733
1018,2025-03-30,2.361,42.63,6.656
1018,2025-03-31,2.335,43.3,7.081
1018,2025-04-01,2.381,44.41,7.057
1018,2025-04-02,2.628,41.27,6.766
1018,2025-04-03,2.132,44.14,6.995
1018,2025-04-04,1.987,45.12,6.523
1018,2025-04-05,2.182,43.34,6.895
1018,2025-04-06,2.422,43.49,7.154
1018,2025-04-07,2.256,45.08,7.154
1018,2025-04-08,2.343,44.13,6.977
1018,2025-04-09,2.479,43.85,7.03
1018,2025-04-10,2.412,42.57,6.901
1018,2025-04-11,2.435,42.87,7.087
1018,2025-04-12,2.501,44.19,6.81
1018,2025-04-13,2.444,44.4,6.521
1018,2025-04-14,2.25,43.56,7.027
1018,2025-04-15,2.255,44.78,6.885
1018,2025-04-16,2.315,45.01,6.871
1018,2025-04-17,2.126,41.6,6.958
1018,2025-04-18,2.256,43.15,6.965
1018,2025-04-19,2.126,42.95,6.671
1018,2025-04-20,2.203,43.81,6.886
1018,2025-04-21,1.987,45.99,6.766
1018,2025-04-22,2.056,42.62,6.825
1018,2025-04-23,2.591,42.69,7.034
1018,2025-04-24,2.037,44.19,6.856
1018,2025-04-25,2.411,42.51,6.778
1018,2025-04-26,,,
1018,2025-04-27,2.533,44.56,6.847
1018,2025-04-28,2.256,44.89,6.876
1018,2025-04-29,2.386,45.12,6.992
1018,2025-04-30,2.302,44.6,6.87
1018,2025-05-01,2.381,43.21,6.807
1018,2025-05-02,2.401,43.41,6.836
1018,2025-05-03,2.51,44.74,6.717
1018,2025-05-04,2.327,43.03,7.075
1018,2025-05-05,2.227,44.2,6.961
1018,2025-05-06,2.189,42.9,6.595
1018,2025-05-07,2.119,44.47,6.85
1018,2025-05-08,2.336,44.21,7.049
1018,2025-05-09,,,
1018,2025-05-10,2.26,43.02,6.812
1018,2025-05-11,2.435,42.98,7.129
1018,2025-05-12,2.578,44.3,6.925
1018,2025-05-13,2.193,43.17,6.982
1018,2025-05-14,2.557,41.29,6.725
1018,2025-05-15,2.383,43.39,7.097
1018,2025-05-16,2.151,43.66,6.949
1018,2025-05-17,2.167,42.22,7.069
1018,2025-05-18,2.389,44.76,6.727
1018,2025-05-19,2.317,44.61,6.788
1018,2025-05-20,2.466,42.06,6.732
1018,2025-05-21,1.957,43.53,6.922
1018,2025-05-22,2.562,40.99,6.728
1018,2025-05-23,2.563,42.55,6.879
1018,2025-05-24,,,
1018,2025-05-25,2.2,43.25,6.99
1018,2025-05-26,2.725,43.6,6.776
1018,2025-05-27,2.497,43.64,6.943
1018,2025-05-28,2.302,42.89,6.727
1018,2025-05-29,2.271,42.89,6.985
1018,2025-05-30,2.342,43.91,6.697
1018,2025-05-31,2.491,42.88,6.974
1018,2025-06-01,2.278,44.93,7.014
1018,2025-06-02,2.431,43.31,6.677
1018,2025-06-03,2.221,43.28,7.009
1018,2025-06-04,1.936,44.08,7.066
1018,2025-06-05,2.361,43.1,7.099
1018,2025-06-06,2.228,44.45,7.082
1018,2025-06-07,2.577,44.3,6.973
1018,2025-06-08,2.396,43.74,6.976
1018,2025-06-09,2.472,42.27,6.783
1018,2025-06-10,2.08,43.33,7.154
1018,2025-06-11,2.493,43.2,6.893
1018,2025-06-12,1.99,43.72,7.024
1018,2025-06-13,2.526,43.67,6.972
1018,2025-06-14,2.38,43.22,6.882
1018,2025-06-15,2.529,43.35,6.717
1018,2025-06-16,2.652,43.32,6.974
1018,2025-06-17,2.572,42.6,6.902
1018,2025-06-18,2.151,43.21,6.741
1018,2025-06-19,2.125,42.77,7.109
1018,2025-06-20,2.396,43.43,6.936
1018,2025-06-21,2.39,42.13,6.816
1018,2025-06-22,2.407,45.27,6.805
1018,2025-06-23,2.361,44.53,6.859
1018,2025-06-24,2.42,43.77,6.823
1018,2025-06-25,,,
1018,2025-06-26,2.659,44.43,6.598
1018,2025-06-27,2.839,45.0,6.818
1018,2025-06-28,3.058,45.7,6.792
1018,2025-06-29,3.316,46.53,6.776
1018,2025-06-30,3.615,47.48,6.75
1018,2025-07-01,3.954,48.56,6.721
1018,2025-07-02,4.332,49.76,6.658
1018,2025-07-03,,,
1018,2025-07-04,5.208,52.55,6.611
1018,2025-07-05,5.706,54.14,6.568
1018,2025-07-06,6.244,55.85,6.521
1018,2025-07-07,6.821,57.69,6.471
1018,2025-07-08,7.438,59.65,6.417
1018,2025-07-09,8.096,61.75,6.36
1018,2025-07-10,8.793,63.97,6.299
1018,2025-07-11,9.529,66.31,6.235
1018,2025-07-12,10.306,68.79,6.167
1018,2025-07-13,2.298,44.68,6.887
1018,2025-07-14,2.362,43.32,6.825
1018,2025-07-15,2.336,45.02,7.168
1018,2025-07-16,2.339,43.36,7.072
1018,2025-07-17,2.669,43.6,6.996
1018,2025-07-18,2.131,42.37,6.92
1018,2025-07-19,2.383,44.15,7.102
1018,2025-07-20,2.309,43.7,6.768
1018,2025-07-21,,,
1018,2025-07-22,1.758,44.04,6.998
1018,2025-07-23,2.164,42.96,6.869
1018,2025-07-24,2.412,45.05,6.631
1018,2025-07-25,2.317,43.98,6.662
1018,2025-07-26,2.581,43.43,7.074
1018,2025-07-27,2.004,43.24,6.722
1018,2025-07-28,2.802,45.25,6.99
1018,2025-07-29,2.423,43.53,6.859
1018,2025-07-30,2.261,43.91,6.823
1018,2025-07-31,2.173,42.4,6.933
1018,2025-08-01,2.135,44.19,7.078
1018,2025-08-02,2.199,43.53,6.999
1018,2025-08-03,2.341,42.68,7.074
1018,2025-08-04,2.153,42.46,6.734
1018,2025-08-05,2.412,44.48,6.799
1018,2025-08-06,2.236,43.44,7.061
1018,2025-08-07,2.453,44.06,6.885
1018,2025-08-08,2.16,44.17,6.84
1018,2025-08-09,2.359,44.97,6.667
1018,2025-08-10,2.169,44.79,6.818
1018,2025-08-11,2.559,42.99,6.807
1018,2025-08-12,2.325,43.18,6.961
1018,2025-08-13,2.389,41.39,6.868
1018,2025-08-14,2.681,43.44,6.626
1018,2025-08-15,2.377,43.71,6.596
1018,2025-08-16,2.186,41.82,7.041
1018,2025-08-17,2.301,43.42,6.678
1018,2025-08-18,2.242,43.44,6.659
1018,2025-08-19,2.471,43.32,6.687
1018,2025-08-20,2.708,43.56,6.792
1018,2025-08-21,2.693,42.25,6.926
1018,2025-08-22,2.314,43.42,6.871
1018,2025-08-23,2.346,45.52,6.78
1018,2025-08-24,2.564,43.32,6.808
1018,2025-08-25,2.485,42.88,6.756
1018,2025-08-26,1.867,43.12,6.836
1018,2025-08-27,2.166,44.9,6.773
1018,2025-08-28,2.246,42.02,6.889
1018,2025-08-29,2.2,45.3,6.72
1018,2025-08-30,2.352,42.84,6.814
1018,2025-08-31,2.44,43.93,6.91
1018,2025-09-01,2.099,44.16,6.736
1018,2025-09-02,2.51,42.55,6.802
1018,2025-09-03,2.34,43.08,6.948
1018,2025-09-04,2.478,44.19,6.836
1018,2025-09-05,2.711,43.28,6.825
1018,2025-09-06,2.242,41.82,6.84
1018,2025-09-07,1.957,43.87,6.886
1018,2025-09-08,2.244,42.23,6.483
1018,2025-09-09,2.329,43.9,6.911
1018,2025-09-10,2.246,43.36,6.837
1018,2025-09-11,2.294,41.87,7.136
1018,2025-09-12,2.135,44.27,6.645
1018,2025-09-13,2.444,43.56,7.049
1018,2025-09-14,2.626,44.54,6.844
1018,2025-09-15,2.493,43.5,6.816
1018,2025-09-16,2.15,42.71,6.883
1018,2025-09-17,2.351,41.45,6.861
1018,2025-09-18,2.428,43.42,6.676
1018,2025-09-19,2.355,43.48,6.859
1018,2025-09-20,2.397,43.65,6.853
1018,2025-09-21,2.467,43.94,6.706
1018,2025-09-22,2.669,44.35,6.828
1018,2025-09-23,2.691,44.87,6.809
1018,2025-09-24,2.846,45.5,6.786
1018,2025-09-25,3.028,46.26,6.759
1018,2025-09-26,3.238,47.13,6.727
1018,2025-09-27,3.477,48.11,6.692
1018,2025-09-28,3.743,49.21,6.652
1018,2025-09-29,4.038,50.43,6.608
1018,2025-09-30,4.36,51.76,6.56
1018,2025-10-01,4.711,53.21,6.507
1018,2025-10-02,5.09,54.77,6.451
1018,2025-10-03,5.496,56.45,6.39
1018,2025-10-04,5.931,58.25,6.325
1018,2025-10-05,6.394,60.16,6.256
1018,2025-10-06,6.885,62.18,6.182
1018,2025-10-07,7.404,64.33,6.105
1018,2025-10-08,7.951,66.59,6.023
1018,2025-10-09,2.603,44.01,6.705
1018,2025-10-10,2.36,42.71,6.787
1018,2025-10-11,2.445,42.82,6.98
1018,2025-10-12,2.442,43.48,6.611
1018,2025-10-13,2.442,43.72,6.845
1018,2025-10-14,2.609,44.01,6.84
1018,2025-10-15,2.283,44.83,6.809
1018,2025-10-16,2.146,40.85,7.002
1018,2025-10-17,2.057,44.49,6.815
1018,2025-10-18,2.37,43.75,6.538
1018,2025-10-19,2.094,44.47,6.829
1018,2025-10-20,2.126,42.45,6.737
1018,2025-10-21,2.391,43.56,6.806
1018,2025-10-22,2.272,44.85,6.912
1018,2025-10-23,2.304,44.94,6.5
1018,2025-10-24,2.692,44.63,6.842
1018,2025-10-25,2.416,43.68,6.873
1018,2025-10-26,2.234,42.47,6.677
1018,2025-10-27,2.339,43.29,6.556
1018,2025-10-28,2.123,41.36,7.035
1018,2025-10-29,2.368,43.01,6.975
1018,2025-10-30,2.446,42.09,6.616
1018,2025-10-31,2.627,43.06,6.741
1018,2025-11-01,2.427,43.05,6.725
1018,2025-11-02,2.368,43.89,6.806
1018,2025-11-03,2.409,44.05,6.668
1018,2025-11-04,2.39,43.8,6.938
1018,2025-11-05,2.263,43.81,6.869
1018,2025-11-06,1.957,43.68,6.984
1018,2025-11-07,2.24,45.02,6.842
1018,2025-11-08,2.429,43.18,7.087
1018,2025-11-09,2.463,42.91,6.695
1018,2025-11-10,2.377,42.43,6.96
1018,2025-11-11,2.303,43.5,6.949
1018,2025-11-12,2.231,44.19,6.843
1018,2025-11-13,,,
1018,2025-11-14,2.079,43.14,6.808
1018,2025-11-15,2.748,44.26,6.652
1018,2025-11-16,2.277,43.18,6.823
1018,2025-11-17,2.368,44.25,6.984
1018,2025-11-18,2.429,42.2,6.523
1018,2025-11-19,,,
1018,2025-11-20,2.125,44.04,6.646
1018,2025-11-21,2.203,41.55,6.957
1018,2025-11-22,2.338,43.17,6.676
1018,2025-11-23,2.485,42.4,6.953
1018,2025-11-24,2.205,43.52,6.74
1018,2025-11-25,2.228,43.8,6.887
1018,2025-11-26,2.165,43.5,6.87
1018,2025-11-27,2.383,44.06,6.864
1018,2025-11-28,2.373,43.68,6.919
1018,2025-11-29,2.499,44.02,6.841
1018,2025-11-30,2.584,43.17,6.808
1018,2025-12-01,2.437,44.11,7.043
1018,2025-12-02,2.291,42.17,6.795
1018,2025-12-03,2.235,44.13,6.847
1018,2025-12-04,2.393,42.77,6.94
1018,2025-12-05,2.304,43.13,6.738
1018,2025-12-06,2.417,43.62,6.799
1018,2025-12-07,2.508,43.7,6.87
1018,2025-12-08,2.212,44.45,6.863
1018,2025-12-09,2.458,42.97,6.835
1018,2025-12-10,2.36,43.72,6.789
1018,2025-12-11,2.045,42.28,6.894
1018,2025-12-12,2.515,42.01,6.947
1018,2025-12-13,2.325,45.03,6.648
1018,2025-12-14,2.208,43.25,6.737
1018,2025-12-15,,,
1018,2025-12-16,2.533,43.48,6.884
1018,2025-12-17,2.139,42.05,6.97
1018,2025-12-18,2.3,44.31,6.922
1018,2025-12-19,2.073,44.23,6.783
1018,2025-12-20,2.278,44.3,6.709
1018,2025-12-21,2.38,45.01,6.907
1018,2025-12-22,2.371,43.23,6.751
1018,2025-12-23,2.332,43.55,6.706
1018,2025-12-24,2.633,42.76,6.975
1018,2025-12-25,2.502,43.02,6.757
1018,2025-12-26,2.402,42.67,6.793
1018,2025-12-27,2.397,42.59,6.883
1018,2025-12-28,2.34,42.88,6.513
1018,2025-12-29,2.224,43.54,7.236
1018,2025-12-30,2.169,42.61,7.063
1018,2025-12-31,2.307,42.8,7.14
1019,2024-01-01,2.434,48.63,6.945
1019,2024-01-02,,,
1019,2024-01-03,2.475,48.23,6.937
1019,2024-01-04,2.526,47.63,6.927
1019,2024-01-05,2.597,47.42,6.81
1019,2024-01-06,2.688,47.71,6.896
1019,2024-01-07,2.8,48.07,6.699
1019,2024-01-08,2.932,48.49,6.85
1019,2024-01-09,3.084,48.97,6.572
1019,2024-01-10,3.257,49.52,6.622
1019,2024-01-11,3.45,50.14,6.751
1019,2024-01-12,3.663,50.82,6.71
1019,2024-01-13,,,
1019,2024-01-14,4.151,52.37,6.616
1019,2024-01-15,4.425,53.25,6.564
1019,2024-01-16,4.72,54.18,6.508
1019,2024-01-17,5.035,55.19,6.447
1019,2024-01-18,5.37,56.26,6.383
1019,2024-01-19,5.725,57.39,6.315
1019,2024-01-20,2.466,46.27,6.778
1019,2024-01-21,2.491,47.47,6.842
1019,2024-01-22,2.506,45.37,6.946
1019,2024-01-23,2.543,45.36,7.068
1019,2024-01-24,2.555,44.24,6.92
1019,2024-01-25,2.21,46.26,6.897
1019,2024-01-26,2.515,45.26,6.967
1019,2024-01-27,2.014,46.42,6.917
1019,2024-01-28,2.485,46.14,6.884
1019,2024-01-29,2.856,47.12,7.122
1019,2024-01-30,2.838,48.1,6.986
1019,2024-01-31,2.732,45.17,7.076
1019,2024-02-01,2.302,46.03,6.724
1019,2024-02-02,2.559,45.98,6.811
1019,2024-02-03,,,
1019,2024-02-04,2.628,46.42,6.835
1019,2024-02-05,2.395,45.82,6.948
1019,2024-02-06,2.312,45.09,6.923
1019,2024-02-07,2.507,47.1,7.032
1019,2024-02-08,2.643,45.48,7.193
1019,2024-02-09,2.14,45.96,6.867
1019,2024-02-10,2.38,47.49,6.976
1019,2024-02-11,2.478,46.89,7.03
1019,2024-02-12,2.484,46.96,7.157
1019,2024-02-13,2.275,47.24,6.785
1019,2024-02-14,2.419,45.99,6.975
1019,2024-02-15,2.296,45.61,6.921
1019,2024-02-16,2.614,46.32,7.044
1019,2024-02-17,2.505,45.81,7.151
1019,2024-02-18,2.746,47.68,6.843
1019,2024-02-19,2.298,47.31,6.9
1019,2024-02-20,2.283,46.79,7.014
1019,2024-02-21,2.481,47.1,7.037
1019,2024-02-22,2.666,46.41,6.681
1019,2024-02-23,2.486,46.56,7.39
1019,2024-02-24,2.38,47.7,6.897
1019,2024-02-25,2.099,45.26,6.888
1019,2024-02-26,2.361,47.07,6.963
1019,2024-02-27,2.485,47.95,7.039
1019,2024-02-28,2.656,45.94,6.951
1019,2024-02-29,2.155,46.72,7.123
1019,2024-03-01,2.54,46.85,6.962
1019,2024-03-02,2.506,46.56,6.942
1019,2024-03-03,2.865,47.61,6.88
1019,2024-03-04,2.667,47.15,7.005
1019,2024-03-05,2.129,46.89,7.186
1019,2024-03-06,2.325,46.52,6.977
1019,2024-03-07,2.393,45.7,7.122
1019,2024-03-08,2.301,47.46,6.956
1019,2024-03-09,2.334,46.6,7.183
1019,2024-03-10,2.158,46.15,6.918
1019,2024-03-11,2.345,46.54,6.622
1019,2024-03-12,2.262,48.62,6.851
1019,2024-03-13,2.378,46.11,6.919
1019,2024-03-14,2.332,47.75,6.936
1019,2024-03-15,2.468,45.76,7.036
1019,2024-03-16,2.443,45.8,6.896
1019,2024-03-17,2.434,48.41,6.787
1019,2024-03-18,2.434,46.9,6.945
1019,2024-03-19,2.449,46.96,6.906
1019,2024-03-20,2.494,48.4,6.938
1019,2024-03-21,2.68,47.45,6.929
1019,2024-03-22,2.675,47.87,6.917
1019,2024-03-23,2.81,48.41,6.901
1019,2024-03-24,2.975,49.08,6.869
1019,2024-03-25,3.17,49.87,6.858
1019,2024-03-26,3.395,50.77,6.832
1019,2024-03-27,3.65,51.8,6.786
1019,2024-03-28,3.936,52.95,6.768
1019,2024-03-29,4.251,54.22,6.731
1019,2024-03-30,4.596,55.62,6.691
1019,2024-03-31,4.972,57.13,6.646
1019,2024-04-01,5.377,58.76,6.599
1019,2024-04-02,5.813,60.52,6.548
1019,2024-04-03,6.278,62.39,6.493
1019,2024-04-04,6.773,64.39,6.434
1019,2024-04-05,7.299,66.51,6.373
1019,2024-04-06,7.854,68.75,6.307
1019,2024-04-07,8.44,71.11,6.238
1019,2024-04-08,2.328,48.03,6.978
1019,2024-04-09,2.619,46.46,6.96
1019,2024-04-10,2.73,45.14,7.099
1019,2024-04-11,2.177,45.34,6.843
1019,2024-04-12,2.209,47.16,7.087
1019,2024-04-13,2.374,47.54,7.218
1019,2024-04-14,2.558,46.7,6.741
1019,2024-04-15,2.2,47.2,7.156
1019,2024-04-16,2.685,47.07,7.013
1019,2024-04-17,2.479,47.62,6.934
1019,2024-04-18,2.772,45.99,6.95
1019,2024-04-19,2.454,45.92,7.098
1019,2024-04-20,2.53,46.01,6.706
1019,2024-04-21,,,
1019,2024-04-22,2.349,46.96,7.012
1019,2024-04-23,2.204,45.4,7.099
1019,2024-04-24,2.372,46.96,6.634
1019,2024-04-25,2.121,47.37,6.568
1019,2024-04-26,2.173,46.09,7.028
1019,2024-04-27,2.414,47.11,6.744
1019,2024-04-28,2.508,45.79,7.012
1019,2024-04-29,2.607,47.03,6.916
1019,2024-04-30,2.702,45.69,6.762
1019,2024-05-01,2.293,46.96,6.699
1019,2024-05-02,2.153,45.37,7.092
1019,2024-05-03,,,
1019,2024-05-04,2.457,47.66,6.751
1019,2024-05-05,2.453,46.83,7.023
1019,2024-05-06,2.146,46.09,6.76
1019,2024-05-07,2.214,47.8,7.019
1019,2024-05-08,2.573,44.71,6.766
1019,2024-05-09,2.292,47.58,6.946
1019,2024-05-10,2.676,47.19,7.064
1019,2024-05-11,2.23,46.37,6.807
1019,2024-05-12,2.696,46.98,7.009
1019,2024-05-13,2.174,47.98,6.781
1019,2024-05-14,2.126,47.43,7.072
1019,2024-05-15,2.374,46.89,6.827
1019,2024-05-16,2.297,47.19,6.947
1019,2024-05-17,2.279,48.08,6.791
1019,2024-05-18,2.539,46.06,7.091
1019,2024-05-19,2.583,47.52,7.43
1019,2024-05-20,2.19,45.49,6.876
1019,2024-05-21,2.598,48.35,6.9
1019,2024-05-22,2.707,47.45,6.89
1019,2024-05-23,2.682,46.25,6.8
1019,2024-05-24,2.406,47.39,6.745
1019,2024-05-25,2.343,46.41,7.082
1019,2024-05-26,2.426,47.13,6.704
1019,2024-05-27,2.496,45.79,7.168
1019,2024-05-28,2.261,47.54,6.821
1019,2024-05-29,2.434,47.15,6.832
1019,2024-05-30,2.471,46.98,6.857
1019,2024-05-31,2.49,47.28,6.799
1019,2024-06-01,2.542,47.09,6.896
1019,2024-06-02,2.626,47.23,6.858
1019,2024-06-03,2.733,47.42,6.727
1019,2024-06-04,2.865,47.65,6.749
1019,2024-06-05,3.021,47.92,6.679
1019,2024-06-06,3.2,48.63,6.597
1019,2024-06-07,3.404,48.58,6.505
1019,2024-06-08,3.631,48.97,6.402
1019,2024-06-09,3.882,49.41,6.288
1019,2024-06-10,4.157,49.88,6.163
1019,2024-06-11,4.456,50.4,6.027
1019,2024-06-12,4.78,50.96,5.88
1019,2024-06-13,5.127,51.56,5.723
1019,2024-06-14,5.498,52.2,5.554
1019,2024-06-15,5.892,52.89,5.375
1019,2024-06-16,6.311,53.61,5.185
1019,2024-06-17,6.754,54.38,4.984
1019,2024-06-18,7.221,55.18,4.772
1019,2024-06-19,2.67,46.58,6.889
1019,2024-06-20,2.611,46.91,6.72
1019,2024-06-21,2.532,46.74,6.916
1019,2024-06-22,2.589,47.89,6.998
1019,2024-06-23,2.527,47.16,6.762
1019,2024-06-24,2.459,48.04,6.946
1019,2024-06-25,2.102,46.54,7.001
1019,2024-06-26,2.468,48.45,6.848
1019,2024-06-27,2.533,47.09,6.739
1019,2024-06-28,2.328,46.46,7.022
1019,2024-06-29,2.612,45.86,7.252
1019,2024-06-30,2.44,46.15,7.222
1019,2024-07-01,2.211,47.31,6.863
1019,2024-07-02,2.641,47.74,6.836
1019,2024-07-03,2.265,46.24,6.759
1019,2024-07-04,,,
1019,2024-07-05,2.217,48.76,6.892
1019,2024-07-06,2.185,46.97,6.879
1019,2024-07-07,2.53,47.65,7.078
1019,2024-07-08,2.305,46.81,6.914
1019,2024-07-09,2.347,45.82,7.226
1019,2024-07-10,2.363,46.41,6.915
1019,2024-07-11,2.486,45.3,6.917
1019,2024-07-12,2.746,46.26,6.841
1019,2024-07-13,2.434,46.9,6.945
1019,2024-07-14,2.477,46.92,6.943
1019,2024-07-15,2.466,46.98,6.938
1019,2024-07-16,2.767,47.07,6.837
1019,2024-07-17,2.559,47.21,6.878
1019,2024-07-18,2.63,47.38,6.826
1019,2024-07-19,2.715,47.59,6.696
1019,2024-07-20,2.817,48.18,6.677
1019,2024-07-21,2.934,48.12,6.58
1019,2024-07-22,3.067,48.45,6.469
1019,2024-07-23,3.215,48.81,6.342
1019,2024-07-24,3.379,49.21,6.201
1019,2024-07-25,3.559,49.65,6.045
1019,2024-07-26,3.754,50.13,5.874
1019,2024-07-27,3.965,50.64,5.688
1019,2024-07-28,4.192,51.19,5.487
1019,2024-07-29,4.434,51.79,5.271
1019,2024-07-30,4.691,52.42,5.04
1019,2024-07-31,4.965,53.08,4.795
1019,2024-08-01,5.254,53.79,4.534
1019,2024-08-02,5.558,54.53,4.259
1019,2024-08-03,5.86,54.71,3.969
1019,2024-08-04,2.46,46.29,6.95
1019,2024-08-05,2.786,47.68,6.976
1019,2024-08-06,2.288,46.43,6.977
1019,2024-08-07,2.187,47.17,7.191
1019,2024-08-08,,,
1019,2024-08-09,2.53,45.42,7.086
1019,2024-08-10,2.316,48.94,7.313
1019,2024-08-11,2.75,47.51,7.021
1019,2024-08-12,2.418,47.33,6.977
1019,2024-08-13,2.939,45.95,6.926
1019,2024-08-14,2.119,47.33,6.974
1019,2024-08-15,2.311,46.94,7.053
1019,2024-08-16,2.593,46.91,7.047
1019,2024-08-17,2.708,48.03,6.845
1019,2024-08-18,2.764,48.44,7.086
1019,2024-08-19,2.353,47.6,6.952
1019,2024-08-20,2.456,46.08,6.741
1019,2024-08-21,2.55,46.16,6.676
1019,2024-08-22,2.628,47.04,7.05
1019,2024-08-23,2.368,45.69,6.933
1019,2024-08-24,2.431,46.31,7.034
1019,2024-08-25,2.131,45.98,6.744
1019,2024-08-26,2.669,47.41,7.122
1019,2024-08-27,2.27,47.99,6.883
1019,2024-08-28,2.564,47.09,6.714
1019,2024-08-29,2.506,47.87,6.812
1019,2024-08-30,2.521,46.69,7.105
1019,2024-08-31,2.434,47.01,6.945
1019,2024-09-01,2.59,47.29,6.943
1019,2024-09-02,2.581,47.12,6.866
1019,2024-09-03,2.63,47.48,6.928
1019,2024-09-04,2.782,47.77,6.915
1019,2024-09-05,2.978,48.25,6.581
1019,2024-09-06,3.217,48.85,6.878
1019,2024-09-07,3.5,49.55,6.854
1019,2024-09-08,3.826,50.36,6.826
1019,2024-09-09,4.196,51.28,6.794
1019,2024-09-10,4.609,52.31,6.759
1019,2024-09-11,5.066,53.44,6.72
1019,2024-09-12,5.566,54.69,6.677
1019,2024-09-13,6.11,56.04,6.63
1019,2024-09-14,6.697,57.5,6.58
1019,2024-09-15,7.327,59.07,6.526
1019,2024-09-16,8.002,60.74,6.468
1019,2024-09-17,8.719,62.53,6.407
1019,2024-09-18,9.48,64.42,6.342
1019,2024-09-19,10.285,66.42,6.273
1019,2024-09-20,11.133,68.53,6.2
1019,2024-09-21,2.259,46.92,6.847
1019,2024-09-22,2.14,48.31,7.02
1019,2024-09-23,2.587,47.1,6.927
1019,2024-09-24,2.585,46.86,6.644
1019,2024-09-25,2.712,46.7,6.729
1019,2024-09-26,2.397,46.14,6.642
1019,2024-09-27,2.345,47.79,6.921
1019,2024-09-28,2.334,45.29,6.998
1019,2024-09-29,2.661,45.94,6.445
1019,2024-09-30,2.825,46.73,6.952
1019,2024-10-01,2.286,45.4,7.075
1019,2024-10-02,2.369,45.11,6.849
1019,2024-10-03,2.395,46.66,6.851
1019,2024-10-04,2.597,45.16,7.111
1019,2024-10-05,2.307,48.49,6.593
1019,2024-10-06,2.638,47.74,6.994
1019,2024-10-07,2.561,48.34,7.074
1019,2024-10-08,2.503,48.29,6.949
1019,2024-10-09,2.647,47.86,7.053
1019,2024-10-10,2.278,46.02,7.161
1019,2024-10-11,2.305,47.58,6.903
1019,2024-10-12,2.751,47.54,7.044
1019,2024-10-13,2.44,47.17,6.978
1019,2024-10-14,2.321,46.23,6.968
1019,2024-10-15,2.399,44.35,7.086
1019,2024-10-16,2.257,47.46,7.242
1019,2024-10-17,2.627,46.72,6.853
1019,2024-10-18,2.305,47.71,7.125
1019,2024-10-19,,,
1019,2024-10-20,2.616,45.86,7.063
1019,2024-10-21,2.44,45.51,7.129
1019,2024-10-22,2.845,46.8,6.851
1019,2024-10-23,2.475,47.46,6.659
1019,2024-10-24,2.544,46.79,6.972
1019,2024-10-25,2.638,48.43,6.824
1019,2024-10-26,2.319,48.05,7.128
1019,2024-10-27,2.22,47.52,7.201
1019,2024-10-28,2.532,48.02,7.08
1019,2024-10-29,2.302,46.29,7.048
1019,2024-10-30,2.219,47.14,6.81
1019,2024-10-31,2.263,48.31,6.876
1019,2024-11-01,2.631,46.21,7.014
1019,2024-11-02,2.837,47.84,6.802
1019,2024-11-03,2.468,48.63,7.105
1019,2024-11-04,2.448,47.83,6.786
1019,2024-11-05,2.531,49.38,6.988
1019,2024-11-06,2.616,46.52,6.913
1019,2024-11-07,2.469,46.92,7.001
1019,2024-11-08,2.358,46.09,6.625
1019,2024-11-09,2.615,48.16,6.98
1019,2024-11-10,2.368,47.19,6.838
1019,2024-11-11,2.312,46.99,6.749
1019,2024-11-12,2.307,48.35,6.878
1019,2024-11-13,2.333,46.21,6.775
1019,2024-11-14,2.413,47.3,7.041
1019,2024-11-15,2.44,48.04,6.609
1019,2024-11-16,2.57,45.13,7.04
1019,2024-11-17,2.359,47.46,7.173
1019,2024-11-18,2.447,47.74,6.899
1019,2024-11-19,2.374,45.5,6.922
1019,2024-11-20,2.465,48.47,6.903
1019,2024-11-21,2.69,47.35,7.003
1019,2024-11-22,2.434,46.9,6.945
1019,2024-11-23,2.445,46.98,6.809
1019,2024-11-24,2.637,47.02,6.914
1019,2024-11-25,2.547,47.73,6.876
1019,2024-11-26,2.605,48.24,6.81
1019,2024-11-27,2.701,47.67,6.752
1019,2024-11-28,2.819,48.01,6.667
1019,2024-11-29,2.958,48.41,6.567
1019,2024-11-30,3.118,48.88,6.451
1019,2024-12-01,3.299,49.4,6.32
1019,2024-12-02,3.502,49.99,6.173
1019,2024-12-03,3.727,50.64,6.011
1019,2024-12-04,3.972,51.35,5.834
1019,2024-12-05,4.239,52.12,5.641
1019,2024-12-06,4.528,52.96,5.433
1019,2024-12-07,4.837,53.85,5.209
1019,2024-12-08,5.169,54.81,4.97
1019,2024-12-09,5.521,55.83,4.715
1019,2024-12-10,5.895,56.91,4.445
1019,2024-12-11,6.29,58.06,4.159
1019,2024-12-12,6.707,59.26,3.858
1019,2024-12-13,2.325,47.3,6.833
1019,2024-12-14,2.322,47.11,7.053
1019,2024-12-15,,,
1019,2024-12-16,2.539,47.44,7.054
1019,2024-12-17,2.775,46.69,6.933
1019,2024-12-18,2.72,47.76,6.663
1019,2024-12-19,2.97,49.16,6.997
1019,2024-12-20,2.14,47.69,6.65
1019,2024-12-21,2.312,46.84,7.03
1019,2024-12-22,2.949,47.15,7.081
1019,2024-12-23,2.494,47.09,6.817
1019,2024-12-24,2.515,46.48,7.154
1019,2024-12-25,2.426,45.41,7.045
1019,2024-12-26,2.376,46.25,6.929
1019,2024-12-27,2.748,48.6,6.951
1019,2024-12-28,2.487,48.21,6.904
1019,2024-12-29,2.346,47.47,7.135
1019,2024-12-30,2.483,47.43,6.946
1019,2024-12-31,,,
1019,2025-01-01,2.585,48.36,7.083
1019,2025-01-02,2.575,46.81,6.854
1019,2025-01-03,,,
1019,2025-01-04,2.436,47.68,6.932
1019,2025-01-05,2.528,46.38,7.208
1019,2025-01-06,2.448,47.41,6.869
1019,2025-01-07,,,
1019,2025-01-08,2.485,47.29,6.944
1019,2025-01-09,2.173,47.31,6.73
1019,2025-01-10,2.474,47.38,6.878
1019,2025-01-11,2.314,47.21,6.961
1019,2025-01-12,2.787,47.13,6.667
1019,2025-01-13,2.581,47.1,7.086
1019,2025-01-14,2.401,46.78,6.778
1019,2025-01-15,,,
1019,2025-01-16,2.653,46.57,7.063
1019,2025-01-17,,,
1019,2025-01-18,2.764,46.8,6.977
1019,2025-01-19,2.748,47.25,6.693
1019,2025-01-20,2.604,47.1,6.686
1019,2025-01-21,2.391,46.15,7.157
1019,2025-01-22,2.607,48.21,7.009
1019,2025-01-23,2.419,45.59,6.864
1019,2025-01-24,2.115,46.76,6.895
1019,2025-01-25,2.287,47.16,7.131
1019,2025-01-26,2.699,46.86,7.066
1019,2025-01-27,2.438,47.79,6.874
1019,2025-01-28,2.369,47.35,6.816
1019,2025-01-29,2.739,48.39,7.041
1019,2025-01-30,2.58,45.33,6.947
1019,2025-01-31,2.617,47.32,6.986
1019,2025-02-01,2.544,47.72,6.935
1019,2025-02-02,2.217,47.17,6.895
1019,2025-02-03,2.454,45.25,7.199
1019,2025-02-04,2.165,47.88,7.057
1019,2025-02-05,2.682,47.67,6.876
1019,2025-02-06,2.301,45.7,7.06
1019,2025-02-07,2.9,47.54,7.023
1019,2025-02-08,2.205,45.23,6.653
1019,2025-02-09,2.238,47.57,6.911
1019,2025-02-10,2.661,47.0,7.009
1019,2025-02-11,2.085,46.85,7.071
1019,2025-02-12,2.422,46.89,6.925
1019,2025-02-13,2.493,46.32,7.047
1019,2025-02-14,2.983,46.36,6.752
1019,2025-02-15,2.52,47.56,7.111
1019,2025-02-16,2.534,45.14,7.203
1019,2025-02-17,2.436,47.53,6.852
1019,2025-02-18,2.415,47.07,6.931
1019,2025-02-19,2.304,48.26,7.292
1019,2025-02-20,2.541,47.48,6.862
1019,2025-02-21,2.377,49.06,6.893
1019,2025-02-22,2.396,48.78,7.106
1019,2025-02-23,2.097,46.7,6.627
1019,2025-02-24,2.574,47.69,6.58
1019,2025-02-25,2.459,46.25,6.749
1019,2025-02-26,2.396,47.48,7.317
1019,2025-02-27,2.472,47.34,6.689
1019,2025-02-28,2.723,46.68,6.847
1019,2025-03-01,1.925,48.08,6.997
1019,2025-03-02,2.628,46.5,6.69
1019,2025-03-03,2.364,47.32,6.806
1019,2025-03-04,2.367,47.88,6.908
1019,2025-03-05,2.552,46.67,7.159
1019,2025-03-06,2.606,46.27,6.845
1019,2025-03-07,2.18,46.89,7.127
1019,2025-03-08,2.698,46.22,6.867
1019,2025-03-09,2.312,48.37,6.995
1019,2025-03-10,2.741,47.41,7.058
1019,2025-03-11,2.422,47.79,6.777
1019,2025-03-12,3.05,46.66,7.012
1019,2025-03-13,2.204,46.0,7.064
1019,2025-03-14,2.495,47.44,7.189
1019,2025-03-15,2.756,46.26,6.972
1019,2025-03-16,2.308,47.16,7.145
1019,2025-03-17,2.528,46.07,7.09
1019,2025-03-18,1.993,45.84,6.894
1019,2025-03-19,2.097,47.7,7.056
1019,2025-03-20,2.158,46.74,6.938
1019,2025-03-21,2.374,46.58,7.181
1019,2025-03-22,2.131,47.95,6.755
1019,2025-03-23,2.505,44.76,7.141
1019,2025-03-24,2.365,47.98,6.908
1019,2025-03-25,1.854,46.9,7.044
1019,2025-03-26,2.553,45.58,7.031
1019,2025-03-27,2.666,45.57,6.685
1019,2025-03-28,2.584,46.25,6.823
1019,2025-03-29,2.589,47.22,6.85
1019,2025-03-30,2.341,45.37,7.198
1019,2025-03-31,2.355,47.68,6.829
1019,2025-04-01,2.448,46.8,7.049
1019,2025-04-02,2.47,47.1,7.135
1019,2025-04-03,2.597,46.34,7.019
1019,2025-04-04,2.821,46.59,6.7
1019,2025-04-05,2.678,47.5,6.796
1019,2025-04-06,2.379,47.5,6.978
1019,2025-04-07,1.928,45.94,6.931
1019,2025-04-08,2.089,46.0,6.831
1019,2025-04-09,2.483,46.39,7.024
1019,2025-04-10,2.19,48.56,6.941
1019,2025-04-11,2.814,46.39,7.002
1019,2025-04-12,2.341,48.17,7.167
1019,2025-04-13,2.371,46.86,6.867
1019,2025-04-14,2.506,48.65,6.97
1019,2025-04-15,2.299,47.79,6.723
1019,2025-04-16,2.387,47.28,6.875
1019,2025-04-17,2.692,46.89,6.996
1019,2025-04-18,2.668,47.8,7.313
1019,2025-04-19,2.802,48.21,6.949
1019,2025-04-20,2.74,46.44,7.014
1019,2025-04-21,2.706,47.34,6.845
1019,2025-04-22,2.082,45.61,6.881
1019,2025-04-23,2.412,45.8,6.926
1019,2025-04-24,2.278,46.41,6.952
1019,2025-04-25,2.409,48.36,6.896
1019,2025-04-26,2.503,47.31,7.109
1019,2025-04-27,2.552,46.59,6.937
1019,2025-04-28,2.557,48.76,6.836
1019,2025-04-29,2.666,45.99,7.227
1019,2025-04-30,2.591,46.38,6.727
1019,2025-05-01,2.714,46.6,7.086
1019,2025-05-02,2.175,46.69,7.015
1019,2025-05-03,2.234,46.98,6.933
1019,2025-05-04,2.476,46.53,6.885
1019,2025-05-05,2.57,47.52,6.842
1019,2025-05-06,2.118,46.81,6.736
1019,2025-05-07,2.034,46.87,7.067
1019,2025-05-08,2.614,46.26,7.218
1019,2025-05-09,2.372,46.28,6.744
1019,2025-05-10,2.564,47.49,6.807
1019,2025-05-11,2.607,46.72,6.926
1019,2025-05-12,2.524,46.95,6.952
1019,2025-05-13,2.27,46.42,7.066
1019,2025-05-14,2.612,45.24,6.84
1019,2025-05-15,2.358,46.47,6.683
1019,2025-05-16,2.6,44.25,6.95
1019,2025-05-17,2.139,47.01,6.861
1019,2025-05-18,2.527,47.89,6.938
1019,2025-05-19,2.424,45.89,6.768
1019,2025-05-20,2.362,45.54,6.947
1019,2025-05-21,2.565,45.95,7.122
1019,2025-05-22,2.503,47.11,6.94
1019,2025-05-23,2.456,46.75,7.093
1019,2025-05-24,,,
1019,2025-05-25,2.26,45.07,7.092
1019,2025-05-26,2.498,47.0,6.859
1019,2025-05-27,2.22,46.6,6.974
1019,2025-05-28,2.205,46.94,6.71
1019,2025-05-29,2.447,47.44,7.067
1019,2025-05-30,2.488,47.62,6.901
1019,2025-05-31,2.269,46.93,7.068
1019,2025-06-01,2.222,45.78,6.974
1019,2025-06-02,2.199,47.51,6.794
1019,2025-06-03,2.328,47.33,7.106
1019,2025-06-04,2.296,46.98,7.134
1019,2025-06-05,2.762,47.97,6.962
1019,2025-06-06,2.174,45.72,6.887
1019,2025-06-07,2.385,46.91,7.035
1019,2025-06-08,2.64,47.68,6.987
1019,2025-06-09,2.478,46.29,6.82
1019,2025-06-10,2.43,46.98,6.754
1019,2025-06-11,2.723,46.77,7.058
1019,2025-06-12,2.669,47.28,6.829
1019,2025-06-13,2.676,46.07,6.805
1019,2025-06-14,2.342,48.71,6.958
1019,2025-06-15,2.581,45.51,6.948
1019,2025-06-16,2.569,46.97,6.798
1019,2025-06-17,2.306,46.24,6.845
1019,2025-06-18,2.614,47.86,6.947
1019,2025-06-19,2.487,45.42,6.494
1019,2025-06-20,2.331,45.77,6.84
1019,2025-06-21,2.469,47.26,6.743
1019,2025-06-22,2.495,45.64,7.047
1019,2025-06-23,2.453,46.12,6.898
1019,2025-06-24,2.409,46.33,7.016
1019,2025-06-25,2.068,47.19,7.02
1019,2025-06-26,2.385,47.42,6.793
1019,2025-06-27,2.419,45.05,7.098
1019,2025-06-28,2.038,46.98,6.922
1019,2025-06-29,,,
1019,2025-06-30,2.407,48.18,6.684
1019,2025-07-01,2.564,47.41,6.895
1019,2025-07-02,2.495,45.56,7.015
1019,2025-07-03,2.373,47.81,6.866
1019,2025-07-04,2.055,46.16,7.1
1019,2025-07-05,2.356,47.07,6.799
1019,2025-07-06,2.175,47.34,6.815
1019,2025-07-07,2.271,46.75,6.768
1019,2025-07-08,2.31,47.72,6.758
1019,2025-07-09,2.326,47.01,6.554
1019,2025-07-10,2.52,46.63,6.769
1019,2025-07-11,2.541,46.28,7.182
1019,2025-07-12,2.449,46.56,7.011
1019,2025-07-13,2.215,46.16,6.873
1019,2025-07-14,2.311,45.76,7.148
1019,2025-07-15,2.516,47.89,6.851
1019,2025-07-16,2.778,48.31,6.826
1019,2025-07-17,2.294,46.99,6.816
1019,2025-07-18,2.289,45.68,7.081
1019,2025-07-19,2.293,46.32,7.01
1019,2025-07-20,2.398,46.81,6.893
1019,2025-07-21,2.56,45.84,6.894
1019,2025-07-22,2.284,46.78,6.864
1019,2025-07-23,2.318,47.19,7.012
1019,2025-07-24,2.322,45.61,7.039
1019,2025-07-25,2.739,45.27,7.04
1019,2025-07-26,2.434,47.62,6.945
1019,2025-07-27,2.653,47.21,6.943
1019,2025-07-28,2.651,47.64,6.844
1019,2025-07-29,2.539,47.09,6.78
1019,2025-07-30,2.62,47.23,6.809
1019,2025-07-31,2.724,48.69,6.836
1019,2025-08-01,2.852,47.66,6.888
1019,2025-08-02,3.003,47.97,6.868
1019,2025-08-03,3.177,48.21,6.844
1019,2025-08-04,3.374,48.56,6.818
1019,2025-08-05,3.595,48.95,6.788
1019,2025-08-06,3.839,49.38,6.755
1019,2025-08-07,4.105,49.85,6.719
1019,2025-08-08,4.396,50.37,6.679
1019,2025-08-09,,,
1019,2025-08-10,5.046,51.52,6.591
1019,2025-08-11,5.405,52.15,6.542
1019,2025-08-12,5.788,52.83,6.491
1019,2025-08-13,6.194,53.55,6.436
1019,2025-08-14,6.624,54.3,6.377
1019,2025-08-15,7.076,55.1,6.316
1019,2025-08-16,2.316,47.27,6.877
1019,2025-08-17,1.806,47.14,6.877
1019,2025-08-18,,,
1019,2025-08-19,2.855,48.15,6.927
1019,2025-08-20,2.042,46.11,7.117
1019,2025-08-21,2.763,48.33,6.836
1019,2025-08-22,2.682,45.77,6.871
1019,2025-08-23,2.615,47.66,6.897
1019,2025-08-24,2.371,46.08,7.117
1019,2025-08-25,2.343,48.83,7.144
1019,2025-08-26,2.686,47.26,7.154
1019,2025-08-27,2.338,47.76,6.725
1019,2025-08-28,2.175,48.96,7.257
1019,2025-08-29,2.297,48.1,6.525
1019,2025-08-30,2.478,48.57,6.965
1019,2025-08-31,2.402,45.66,6.95
1019,2025-09-01,2.388,46.34,6.956
1019,2025-09-02,2.443,47.18,7.296
1019,2025-09-03,2.826,46.61,7.125
1019,2025-09-04,2.51,46.5,7.12
1019,2025-09-05,2.523,46.5,6.839
1019,2025-09-06,2.229,45.95,7.288
1019,2025-09-07,2.336,48.46,6.797
1019,2025-09-08,2.644,48.13,7.051
1019,2025-09-09,2.531,47.04,7.178
1019,2025-09-10,2.55,48.2,7.06
1019,2025-09-11,2.387,45.96,7.007
1019,2025-09-12,2.144,50.19,7.061
1019,2025-09-13,2.379,46.59,6.805
1019,2025-09-14,2.358,48.27,7.063
1019,2025-09-15,2.78,46.42,6.953
1019,2025-09-16,2.22,47.44,7.102
1019,2025-09-17,2.305,48.01,6.919
1019,2025-09-18,2.805,48.26,7.096
1019,2025-09-19,2.379,46.35,6.8
1019,2025-09-20,2.322,46.84,7.098
1019,2025-09-21,2.604,46.74,7.129
1019,2025-09-22,2.3,48.68,6.79
1019,2025-09-23,2.42,46.77,6.834
1019,2025-09-24,2.371,46.15,6.758
1019,2025-09-25,2.558,45.24,6.92
1019,2025-09-26,2.368,44.57,6.639
1019,2025-09-27,2.482,45.29,6.92
1019,2025-09-28,2.215,47.51,6.836
1019,2025-09-29,2.343,45.77,6.989
1019,2025-09-30,2.444,46.44,6.93
1019,2025-10-01,2.292,46.2,7.267
1019,2025-10-02,,,
1019,2025-10-03,2.418,46.07,6.983
1019,2025-10-04,2.004,47.39,7.02
1019,2025-10-05,2.785,46.52,7.097
1019,2025-10-06,2.348,47.63,6.996
1019,2025-10-07,2.603,47.04,6.869
1019,2025-10-08,2.553,45.44,7.107
1019,2025-10-09,2.444,46.9,6.945
1019,2025-10-10,2.525,47.82,6.627
1019,2025-10-11,2.527,48.57,6.831
1019,2025-10-12,2.509,47.11,6.884
1019,2025-10-13,2.594,47.41,6.836
1019,2025-10-14,2.642,48.08,6.775
1019,2025-10-15,2.734,49.26,6.701
1019,2025-10-16,2.842,48.07,6.613
1019,2025-10-17,2.967,48.43,6.511
1019,2025-10-18,3.109,48.83,6.396
1019,2025-10-19,3.267,49.28,6.267
1019,2025-10-20,3.442,49.78,6.124
1019,2025-10-21,3.633,50.33,5.968
1019,2025-10-22,3.841,50.93,5.799
1019,2025-10-23,4.066,51.57,5.616
1019,2025-10-24,4.307,52.26,5.419
1019,2025-10-25,4.566,53.0,5.209
1019,2025-10-26,4.84,53.79,4.985
1019,2025-10-27,5.132,54.62,4.748
1019,2025-10-28,5.44,55.5,4.497
1019,2025-10-29,5.764,56.43,4.232
1019,2025-10-30,3.059,48.85,6.888
1019,2025-10-31,3.285,49.56,6.853
1019,2025-11-01,3.545,50.37,6.59
1019,2025-11-02,3.84,51.29,6.816
1019,2025-11-03,,,
1019,2025-11-04,4.534,53.46,6.752
1019,2025-11-05,4.933,54.71,6.716
1019,2025-11-06,5.367,56.07,6.676
1019,2025-11-07,5.835,57.53,6.633
1019,2025-11-08,6.338,59.1,6.587
1019,2025-11-09,6.876,60.78,6.538
1019,2025-11-10,7.449,62.57,6.485
1019,2025-11-11,8.056,64.47,6.429
1019,2025-11-12,8.698,66.48,6.37
1019,2025-11-13,9.375,68.59,6.308
1019,2025-11-14,2.365,47.47,6.878
1019,2025-11-15,2.759,46.83,6.986
1019,2025-11-16,2.333,49.31,6.688
1019,2025-11-17,2.304,46.41,7.192
1019,2025-11-18,2.225,46.98,7.211
1019,2025-11-19,2.211,46.42,6.932
1019,2025-11-20,2.582,46.27,7.051
1019,2025-11-21,2.717,48.25,7.034
1019,2025-11-22,2.284,48.21,6.726
1019,2025-11-23,,,
1019,2025-11-24,2.284,46.4,6.966
1019,2025-11-25,2.122,46.59,6.863
1019,2025-11-26,2.374,46.09,7.181
1019,2025-11-27,2.707,47.87,6.992
1019,2025-11-28,2.226,46.99,6.988
1019,2025-11-29,2.413,46.54,6.744
1019,2025-11-30,2.491,47.14,6.734
1019,2025-12-01,2.126,47.32,6.854
1019,2025-12-02,2.378,46.7,7.131
1019,2025-12-03,2.155,46.79,6.742
1019,2025-12-04,2.51,47.52,6.909
1019,2025-12-05,2.455,47.57,7.005
1019,2025-12-06,2.389,46.26,6.84
1019,2025-12-07,1.94,47.58,6.813
1019,2025-12-08,2.273,45.16,6.865
1019,2025-12-09,2.442,46.73,6.767
1019,2025-12-10,2.285,48.02,6.559
1019,2025-12-11,2.542,49.1,6.703
1019,2025-12-12,2.475,47.65,7.103
1019,2025-12-13,2.52,47.39,6.707
1019,2025-12-14,2.424,49.42,7.077
1019,2025-12-15,2.562,48.51,6.625
1019,2025-12-16,2.323,47.19,6.886
1019,2025-12-17,2.339,46.9,6.738
1019,2025-12-18,2.552,44.86,6.783
1019,2025-12-19,2.191,47.79,7.023
1019,2025-12-20,2.085,46.21,6.83
1019,2025-12-21,2.546,47.31,6.946
1019,2025-12-22,2.624,45.61,6.531
1019,2025-12-23,2.544,46.2,6.698
1019,2025-12-24,2.855,47.94,7.116
1019,2025-12-25,2.44,47.62,7.032
1019,2025-12-26,,,
1019,2025-12-27,2.317,47.88,6.921
1019,2025-12-28,2.002,48.82,6.961
1019,2025-12-29,2.368,47.43,6.938
1019,2025-12-30,2.457,46.86,6.931
1019,2025-12-31,2.723,46.74,6.949
1020,2024-01-01,2.018,49.86,6.334
1020,2024-01-02,2.125,49.97,6.423
1020,2024-01-03,1.908,50.0,6.396
1020,2024-01-04,1.956,50.69,6.351
1020,2024-01-05,2.188,52.8,6.287
1020,2024-01-06,2.11,50.84,6.206
1020,2024-01-07,2.216,51.06,6.107
1020,2024-01-08,2.341,51.49,5.99
1020,2024-01-09,2.485,51.99,5.855
1020,2024-01-10,2.649,52.56,5.701
1020,2024-01-11,2.831,53.19,5.53
1020,2024-01-12,3.033,53.89,5.341
1020,2024-01-13,3.254,54.66,5.133
1020,2024-01-14,3.494,55.49,4.908
1020,2024-01-15,3.754,56.39,4.664
1020,2024-01-16,4.033,57.36,4.403
1020,2024-01-17,4.331,58.39,4.123
1020,2024-01-18,4.648,59.49,3.825
1020,2024-01-19,4.984,60.66,3.51
1020,2024-01-20,2.018,50.22,6.415
1020,2024-01-21,2.132,50.51,6.349
1020,2024-01-22,2.28,50.87,6.397
1020,2024-01-23,2.461,51.31,6.165
1020,2024-01-24,2.674,51.83,6.364
1020,2024-01-25,2.92,52.44,6.149
1020,2024-01-26,3.199,53.12,6.32
1020,2024-01-27,3.51,53.88,6.294
1020,2024-01-28,3.855,54.73,6.265
1020,2024-01-29,4.232,55.65,6.234
1020,2024-01-30,4.642,56.66,6.199
1020,2024-01-31,5.085,57.75,6.162
1020,2024-02-01,5.561,58.91,6.122
1020,2024-02-02,6.07,60.16,6.08
1020,2024-02-03,6.611,61.49,6.035
1020,2024-02-04,7.185,62.89,5.986
1020,2024-02-05,7.792,64.38,5.936
1020,2024-02-06,8.432,65.95,5.882
1020,2024-02-07,1.684,48.93,6.41
1020,2024-02-08,,,
1020,2024-02-09,1.981,50.19,6.381
1020,2024-02-10,1.896,49.69,6.365
1020,2024-02-11,2.094,50.19,6.718
1020,2024-02-12,2.015,49.63,6.399
1020,2024-02-13,1.972,49.98,6.697
1020,2024-02-14,1.823,48.31,6.553
1020,2024-02-15,1.638,49.3,6.623
1020,2024-02-16,2.29,49.4,6.266
1020,2024-02-17,1.672,48.2,6.216
1020,2024-02-18,1.764,50.13,6.718
1020,2024-02-19,1.937,50.01,6.384
1020,2024-02-20,1.68,48.6,6.365
1020,2024-02-21,1.954,49.64,6.419
1020,2024-02-22,1.753,50.16,6.437
1020,2024-02-23,1.889,49.2,6.182
1020,2024-02-24,2.246,50.28,6.655
1020,2024-02-25,1.893,50.41,6.415
1020,2024-02-26,1.889,48.54,6.569
1020,2024-02-27,2.106,50.62,6.712
1020,2024-02-28,1.96,51.2,6.511
1020,2024-02-29,2.005,48.95,6.29
1020,2024-03-01,1.609,50.41,6.537
1020,2024-03-02,1.737,47.82,6.381
1020,2024-03-03,2.084,47.31,6.459
1020,2024-03-04,1.791,49.71,6.457
1020,2024-03-05,1.799,48.6,6.448
1020,2024-03-06,2.268,50.6,6.27
1020,2024-03-07,1.809,51.54,6.163
1020,2024-03-08,2.108,49.41,6.515
1020,2024-03-09,1.924,49.05,6.315
1020,2024-03-10,1.871,50.36,6.502
1020,2024-03-11,1.936,50.41,6.337
1020,2024-03-12,1.838,50.34,6.376
1020,2024-03-13,1.657,48.78,6.602
1020,2024-03-14,2.072,50.28,6.2
1020,2024-03-15,1.863,49.9,6.349
1020,2024-03-16,2.169,48.22,6.466
1020,2024-03-17,1.925,49.16,6.467
1020,2024-03-18,1.798,50.68,6.327
1020,2024-03-19,1.41,49.15,6.393
1020,2024-03-20,1.844,47.92,6.183
1020,2024-03-21,2.028,50.34,6.683
1020,2024-03-22,1.811,50.56,6.293
1020,2024-03-23,1.905,49.17,6.511
1020,2024-03-24,1.468,49.54,6.242
1020,2024-03-25,1.971,49.98,6.34
1020,2024-03-26,1.827,48.67,6.314
1020,2024-03-27,1.593,49.91,6.294
1020,2024-03-28,2.152,51.1,6.288
1020,2024-03-29,1.977,50.47,6.52
1020,2024-03-30,1.87,49.79,6.362
1020,2024-03-31,1.833,49.25,6.21
1020,2024-04-01,1.797,52.06,6.584
1020,2024-04-02,1.829,47.85,6.548
1020,2024-04-03,1.972,49.55,6.454
1020,2024-04-04,1.832,48.93,6.484
1020,2024-04-05,1.941,48.74,6.455
1020,2024-04-06,2.173,49.45,6.282
1020,2024-04-07,1.933,49.37,6.552
1020,2024-04-08,2.004,51.16,6.475
1020,2024-04-09,2.093,51.41,6.441
1020,2024-04-10,1.869,50.97,6.509
1020,2024-04-11,1.983,50.33,6.452
1020,2024-04-12,1.934,49.25,6.303
1020,2024-04-13,1.774,49.18,6.546
1020,2024-04-14,1.746,51.37,6.301
1020,2024-04-15,2.462,50.33,6.207
1020,2024-04-16,1.846,47.76,6.586
1020,2024-04-17,2.021,49.18,6.318
1020,2024-04-18,1.788,48.21,6.423
1020,2024-04-19,1.714,49.83,6.614
1020,2024-04-20,1.472,50.74,6.436
1020,2024-04-21,1.863,51.07,6.487
1020,2024-04-22,2.244,49.61,6.291
1020,2024-04-23,1.918,49.73,6.277
1020,2024-04-24,1.683,49.48,6.248
1020,2024-04-25,2.021,48.03,6.478
1020,2024-04-26,1.968,49.14,6.353
1020,2024-04-27,1.906,49.53,6.329
1020,2024-04-28,1.603,49.99,6.478
1020,2024-04-29,,,
1020,2024-04-30,2.114,49.55,6.496
1020,2024-05-01,1.861,50.2,6.579
1020,2024-05-02,2.222,48.03,6.554
1020,2024-05-03,1.952,49.84,6.629
1020,2024-05-04,1.824,49.62,6.425
1020,2024-05-05,1.888,51.59,6.303
1020,2024-05-06,2.166,49.06,6.424
1020,2024-05-07,1.538,50.92,6.345
1020,2024-05-08,1.743,49.57,6.231
1020,2024-05-09,1.635,49.87,6.546
1020,2024-05-10,1.91,50.03,6.38
1020,2024-05-11,2.006,50.61,6.523
1020,2024-05-12,1.893,48.12,6.583
1020,2024-05-13,1.705,47.64,6.011
1020,2024-05-14,1.946,51.03,6.26
1020,2024-05-15,1.518,50.54,6.325
1020,2024-05-16,2.076,50.98,6.45
1020,2024-05-17,1.769,49.38,6.291
1020,2024-05-18,2.195,51.09,6.482
1020,2024-05-19,1.759,47.71,6.444
1020,2024-05-20,2.19,47.42,6.363
1020,2024-05-21,2.108,47.19,6.431
1020,2024-05-22,1.94,50.94,6.213
1020,2024-05-23,1.421,49.88,6.255
1020,2024-05-24,1.836,50.22,6.489
1020,2024-05-25,1.996,49.18,6.23
1020,2024-05-26,1.717,48.68,6.446
1020,2024-05-27,2.097,50.2,6.47
1020,2024-05-28,1.717,48.59,6.284
1020,2024-05-29,1.756,49.49,6.21
1020,2024-05-30,2.36,49.69,6.56
1020,2024-05-31,1.867,51.38,6.616
1020,2024-06-01,1.714,50.87,6.732
1020,2024-06-02,1.83,50.07,6.497
1020,2024-06-03,2.083,50.02,6.551
1020,2024-06-04,1.635,47.81,6.239
1020,2024-06-05,1.845,50.59,6.328
1020,2024-06-06,1.943,50.17,6.497
1020,2024-06-07,1.851,50.33,6.315
1020,2024-06-08,1.973,49.56,6.447
1020,2024-06-09,1.64,49.56,6.627
1020,2024-06-10,2.145,50.46,6.372
1020,2024-06-11,2.026,49.49,6.396
1020,2024-06-12,2.176,48.96,6.37
1020,2024-06-13,2.097,49.84,6.491
1020,2024-06-14,2.102,49.75,6.522
1020,2024-06-15,1.81,49.09,6.484
1020,2024-06-16,2.003,48.16,6.293
1020,2024-06-17,1.712,50.87,6.267
1020,2024-06-18,1.979,47.88,6.581
1020,2024-06-19,1.668,51.14,6.759
1020,2024-06-20,2.089,49.79,6.588
1020,2024-06-21,2.117,49.7,6.791
1020,2024-06-22,,,
1020,2024-06-23,1.802,49.37,6.492
1020,2024-06-24,1.767,48.83,6.151
1020,2024-06-25,1.521,49.42,6.595
1020,2024-06-26,1.848,49.0,6.489
1020,2024-06-27,1.532,50.5,6.304
1020,2024-06-28,,,
1020,2024-06-29,1.662,48.94,6.327
1020,2024-06-30,1.918,49.03,6.48
1020,2024-07-01,2.024,51.49,6.379
1020,2024-07-02,1.988,50.29,6.366
1020,2024-07-03,1.731,50.04,6.294
1020,2024-07-04,2.004,51.06,6.451
1020,2024-07-05,2.181,49.08,6.432
1020,2024-07-06,1.579,48.72,6.407
1020,2024-07-07,2.25,50.5,6.199
1020,2024-07-08,,,
1020,2024-07-09,1.844,50.74,6.249
1020,2024-07-10,1.859,52.06,6.44
1020,2024-07-11,1.754,50.04,6.457
1020,2024-07-12,1.922,50.81,6.382
1020,2024-07-13,2.438,49.66,6.359
1020,2024-07-14,1.509,49.56,6.577
1020,2024-07-15,1.878,50.05,6.248
1020,2024-07-16,1.832,51.43,6.602
1020,2024-07-17,1.57,50.05,6.169
1020,2024-07-18,1.872,51.28,6.311
1020,2024-07-19,1.82,49.65,6.478
1020,2024-07-20,2.214,49.13,6.653
1020,2024-07-21,1.843,49.24,6.864
1020,2024-07-22,2.065,50.13,6.155
1020,2024-07-23,1.813,49.53,6.288
1020,2024-07-24,1.752,49.03,6.501
1020,2024-07-25,2.01,50.02,6.589
1020,2024-07-26,1.71,49.57,6.456
1020,2024-07-27,1.868,50.97,6.729
1020,2024-07-28,1.893,49.06,6.501
1020,2024-07-29,1.781,51.39,6.326
1020,2024-07-30,1.886,50.84,6.216
1020,2024-07-31,2.316,51.03,6.307
1020,2024-08-01,1.726,50.59,6.506
1020,2024-08-02,1.659,51.57,6.48
1020,2024-08-03,2.156,50.03,5.978
1020,2024-08-04,1.655,49.24,6.407
1020,2024-08-05,1.576,48.11,6.416
1020,2024-08-06,1.697,50.8,6.366
1020,2024-08-07,1.952,50.86,6.408
1020,2024-08-08,2.029,50.28,6.155
1020,2024-08-09,1.776,49.76,6.481
1020,2024-08-10,1.945,50.48,6.095
1020,2024-08-11,1.607,50.24,6.294
1020,2024-08-12,2.05,48.82,6.725
1020,2024-08-13,1.953,51.22,6.283
1020,2024-08-14,1.826,49.77,6.245
1020,2024-08-15,1.839,49.64,6.488
1020,2024-08-16,2.128,50.23,6.505
1020,2024-08-17,1.877,51.61,6.763
1020,2024-08-18,1.758,49.27,6.322
1020,2024-08-19,2.081,49.68,6.496
1020,2024-08-20,1.617,49.38,6.217
1020,2024-08-21,1.87,49.86,6.432
1020,2024-08-22,,,
1020,2024-08-23,1.917,50.53,6.342
1020,2024-08-24,1.975,50.04,6.377
1020,2024-08-25,,,
1020,2024-08-26,2.161,51.55,6.278
1020,2024-08-27,2.289,50.59,6.211
1020,2024-08-28,2.44,50.85,6.131
1020,2024-08-29,2.615,51.15,6.039
1020,2024-08-30,2.813,51.5,5.934
1020,2024-08-31,3.034,51.88,5.818
1020,2024-09-01,3.279,52.31,5.689
1020,2024-09-02,3.546,52.77,5.547
1020,2024-09-03,3.838,53.28,5.394
1020,2024-09-04,4.152,53.82,5.228
1020,2024-09-05,4.489,54.41,5.05
1020,2024-09-06,4.85,55.03,4.859
1020,2024-09-07,,,
1020,2024-09-08,5.642,56.41,4.442
1020,2024-09-09,6.073,57.15,4.214
1020,2024-09-10,6.527,57.94,3.975
1020,2024-09-11,4.094,54.97,6.084
1020,2024-09-12,4.516,55.94,6.214
1020,2024-09-13,4.976,56.99,6.176
1020,2024-09-14,5.472,58.13,6.136
1020,2024-09-15,6.005,59.36,6.092
1020,2024-09-16,6.575,60.67,6.045
1020,2024-09-17,7.181,62.06,5.995
1020,2024-09-18,7.824,63.54,5.942
1020,2024-09-19,8.504,65.1,5.886
1020,2024-09-20,9.221,66.74,5.827
1020,2024-09-21,1.839,50.77,6.097
1020,2024-09-22,1.764,49.95,6.221
1020,2024-09-23,1.738,49.35,6.433
1020,2024-09-24,1.659,49.08,6.634
1020,2024-09-25,2.242,49.09,6.285
1020,2024-09-26,1.793,50.64,6.366
1020,2024-09-27,1.71,49.78,6.23
1020,2024-09-28,1.625,51.02,6.434
1020,2024-09-29,1.74,47.84,6.394
1020,2024-09-30,2.014,50.46,6.54
1020,2024-10-01,1.941,49.77,6.294
1020,2024-10-02,1.374,49.78,6.323
1020,2024-10-03,1.918,50.54,6.489
1020,2024-10-04,1.976,48.71,6.313
1020,2024-10-05,2.004,49.55,6.312
1020,2024-10-06,2.125,49.69,6.582
1020,2024-10-07,1.962,50.43,6.356
1020,2024-10-08,2.358,49.86,6.432
1020,2024-10-09,1.891,49.91,6.221
1020,2024-10-10,2.102,50.07,6.425
1020,2024-10-11,2.06,50.34,6.418
1020,2024-10-12,2.208,50.71,6.227
1020,2024-10-13,2.398,51.19,6.392
1020,2024-10-14,2.63,51.77,6.13
1020,2024-10-15,2.904,52.46,6.354
1020,2024-10-16,3.221,53.25,6.33
1020,2024-10-17,3.579,54.15,6.303
1020,2024-10-18,3.98,55.16,6.273
1020,2024-10-19,4.423,56.27,6.24
1020,2024-10-20,,,
1020,2024-10-21,5.436,58.81,6.163
1020,2024-10-22,6.006,60.24,6.121
1020,2024-10-23,6.618,61.78,6.074
1020,2024-10-24,7.272,63.42,6.025
1020,2024-10-25,7.969,65.17,5.973
1020,2024-10-26,8.707,67.03,5.917
1020,2024-10-27,9.488,68.99,5.859
1020,2024-10-28,10.311,71.05,5.797
1020,2024-10-29,1.87,51.58,6.432
1020,2024-10-30,1.97,49.89,6.386
1020,2024-10-31,1.966,50.32,6.404
1020,2024-11-01,2.149,50.76,6.37
1020,2024-11-02,1.993,50.25,6.254
1020,2024-11-03,2.062,50.46,6.261
1020,2024-11-04,2.147,50.73,6.185
1020,2024-11-05,2.247,51.04,5.976
1020,2024-11-06,2.362,51.4,5.994
1020,2024-11-07,2.493,51.81,5.877
1020,2024-11-08,2.639,52.27,5.747
1020,2024-11-09,2.801,52.77,5.603
1020,2024-11-10,2.978,53.33,5.446
1020,2024-11-11,3.17,53.93,5.275
1020,2024-11-12,3.378,54.58,5.09
1020,2024-11-13,3.601,55.27,4.891
1020,2024-11-14,3.839,56.02,4.679
1020,2024-11-15,4.093,56.81,4.453
1020,2024-11-16,4.363,57.66,4.213
1020,2024-11-17,,,
1020,2024-11-18,4.947,59.48,3.693
1020,2024-11-19,2.274,50.7,6.17
1020,2024-11-20,2.306,51.01,6.076
1020,2024-11-21,2.44,51.36,5.967
1020,2024-11-22,2.591,51.75,5.844
1020,2024-11-23,2.76,52.2,5.706
1020,2024-11-24,2.947,52.69,5.553
1020,2024-11-25,3.152,53.23,5.386
1020,2024-11-26,3.375,53.81,5.205
1020,2024-11-27,3.615,54.44,5.009
1020,2024-11-28,3.873,55.12,4.798
1020,2024-11-29,4.15,55.84,4.573
1020,2024-11-30,4.443,56.61,4.333
1020,2024-12-01,4.755,57.43,4.079
1020,2024-12-02,5.084,58.29,3.81
1020,2024-12-03,5.432,59.21,3.527
1020,2024-12-04,1.886,50.69,6.634
1020,2024-12-05,1.944,50.41,6.375
1020,2024-12-06,1.941,50.69,6.542
1020,2024-12-07,1.718,50.84,6.449
1020,2024-12-08,1.858,49.95,6.533
1020,2024-12-09,1.623,50.89,6.206
1020,2024-12-10,1.91,47.78,6.463
1020,2024-12-11,1.869,50.0,6.71
1020,2024-12-12,1.902,50.08,6.371
1020,2024-12-13,1.737,51.48,6.286
1020,2024-12-14,2.345,50.54,6.471
1020,2024-12-15,2.09,49.57,6.305
1020,2024-12-16,1.815,49.31,6.609
1020,2024-12-17,1.691,49.17,6.258
1020,2024-12-18,1.863,50.92,6.07
1020,2024-12-19,1.818,49.22,6.554
1020,2024-12-20,1.867,49.86,6.508
1020,2024-12-21,1.941,47.99,6.624
1020,2024-12-22,1.64,48.96,6.313
1020,2024-12-23,1.714,49.12,6.33
1020,2024-12-24,,,
1020,2024-12-25,1.477,49.93,6.659
1020,2024-12-26,2.337,49.11,6.324
1020,2024-12-27,2.046,49.67,6.438
1020,2024-12-28,1.928,52.41,6.432
1020,2024-12-29,2.061,49.89,6.367
1020,2024-12-30,1.911,50.94,6.403
1020,2024-12-31,1.963,50.12,6.368
1020,2025-01-01,2.035,50.33,6.135
1020,2025-01-02,2.127,50.59,6.254
1020,2025-01-03,2.24,50.91,6.176
1020,2025-01-04,2.374,51.69,6.084
1020,2025-01-05,2.528,51.72,5.977
1020,2025-01-06,2.703,52.21,5.856
1020,2025-01-07,2.899,52.77,5.721
1020,2025-01-08,3.115,53.38,5.572
1020,2025-01-09,3.352,54.04,5.409
1020,2025-01-10,3.609,54.77,5.231
1020,2025-01-11,3.887,55.55,5.04
1020,2025-01-12,4.185,56.39,4.834
1020,2025-01-13,4.504,57.29,4.613
1020,2025-01-14,4.844,58.25,4.379
1020,2025-01-15,5.204,59.27,4.13
1020,2025-01-16,5.584,60.34,3.868
1020,2025-01-17,5.986,61.48,3.591
1020,2025-01-18,2.011,48.45,6.309
1020,2025-01-19,1.757,50.13,6.55
1020,2025-01-20,2.133,51.75,6.265
1020,2025-01-21,1.905,51.99,6.403
1020,2025-01-22,1.823,51.28,6.305
1020,2025-01-23,1.868,49.18,6.536
1020,2025-01-24,1.845,50.51,6.538
1020,2025-01-25,1.934,47.75,6.41
1020,2025-01-26,1.608,49.12,6.494
1020,2025-01-27,1.842,52.46,6.634
1020,2025-01-28,1.718,50.59,6.418
1020,2025-01-29,1.891,50.15,6.557
1020,2025-01-30,1.713,49.9,6.609
1020,2025-01-31,1.886,50.26,6.293
1020,2025-02-01,2.248,50.02,6.265
1020,2025-02-02,2.275,48.19,6.211
1020,2025-02-03,1.8,52.3,6.491
1020,2025-02-04,1.89,49.92,6.432
1020,2025-02-05,2.018,49.55,6.696
1020,2025-02-06,1.772,49.14,6.379
1020,2025-02-07,1.882,48.97,6.542
1020,2025-02-08,,,
1020,2025-02-09,2.021,50.24,6.286
1020,2025-02-10,1.682,48.64,6.389
1020,2025-02-11,2.294,49.86,6.432
1020,2025-02-12,1.882,49.88,6.134
1020,2025-02-13,1.918,51.86,6.406
1020,2025-02-14,,,
1020,2025-02-15,2.06,50.23,6.328
1020,2025-02-16,2.167,50.44,6.27
1020,2025-02-17,2.298,50.69,6.199
1020,2025-02-18,2.453,50.99,6.114
1020,2025-02-19,2.631,51.33,6.017
1020,2025-02-20,2.834,51.72,5.907
1020,2025-02-21,3.06,52.16,5.784
1020,2025-02-22,3.31,52.64,5.648
1020,2025-02-23,3.583,53.17,5.499
1020,2025-02-24,3.881,53.74,5.337
1020,2025-02-25,4.202,54.36,5.162
1020,2025-02-26,4.547,55.03,4.975
1020,2025-02-27,,,
1020,2025-02-28,5.308,56.49,4.56
1020,2025-03-01,5.725,57.3,4.333
1020,2025-03-02,6.165,58.15,4.094
1020,2025-03-03,6.629,59.04,3.841
1020,2025-03-04,1.788,49.83,6.499
1020,2025-03-05,1.964,50.18,6.328
1020,2025-03-06,1.948,50.89,6.425
1020,2025-03-07,1.906,50.11,6.405
1020,2025-03-08,1.951,51.25,6.371
1020,2025-03-09,2.014,50.7,6.298
1020,2025-03-10,2.096,50.36,6.263
1020,2025-03-11,2.195,50.58,6.189
1020,2025-03-12,2.312,52.15,6.101
1020,2025-03-13,2.448,51.14,5.999
1020,2025-03-14,2.601,51.48,5.885
1020,2025-03-15,2.773,51.86,5.756
1020,2025-03-16,2.962,52.27,5.614
1020,2025-03-17,3.17,52.73,5.459
1020,2025-03-18,3.396,53.23,5.29
1020,2025-03-19,3.64,53.77,5.108
1020,2025-03-20,3.901,54.35,4.912
1020,2025-03-21,4.181,54.97,4.702
1020,2025-03-22,4.479,55.62,4.479
1020,2025-03-23,4.795,56.32,4.243
1020,2025-03-24,5.129,57.06,3.993
1020,2025-03-25,5.481,57.84,3.73
1020,2025-03-26,1.979,49.3,6.624
1020,2025-03-27,1.91,48.95,6.189
1020,2025-03-28,1.87,49.86,6.432
1020,2025-03-29,2.299,50.51,6.39
1020,2025-03-30,1.92,50.8,6.409
1020,2025-03-31,1.983,50.17,6.207
1020,2025-04-01,2.07,50.62,6.329
1020,2025-04-02,2.183,50.72,6.288
1020,2025-04-03,2.321,51.09,6.224
1020,2025-04-04,2.483,51.54,6.15
1020,2025-04-05,2.671,52.05,6.063
1020,2025-04-06,2.884,52.63,5.965
1020,2025-04-07,3.122,53.28,5.856
1020,2025-04-08,3.385,53.99,5.735
1020,2025-04-09,3.673,54.78,5.602
1020,2025-04-10,3.986,55.63,5.458
1020,2025-04-11,4.324,56.56,5.303
1020,2025-04-12,4.687,57.55,5.136
1020,2025-04-13,5.075,58.61,4.957
1020,2025-04-14,5.488,59.73,4.767
1020,2025-04-15,5.927,60.93,4.565
1020,2025-04-16,6.39,62.19,4.352
1020,2025-04-17,6.878,63.52,4.128
1020,2025-04-18,2.003,48.98,6.413
1020,2025-04-19,1.554,48.96,6.27
1020,2025-04-20,2.158,49.92,6.346
1020,2025-04-21,1.679,49.41,6.292
1020,2025-04-22,1.855,50.15,6.396
1020,2025-04-23,2.156,49.5,6.441
1020,2025-04-24,1.774,48.73,6.587
1020,2025-04-25,2.078,49.34,6.394
1020,2025-04-26,,,
1020,2025-04-27,1.76,51.23,6.57
1020,2025-04-28,2.11,49.92,6.552
1020,2025-04-29,1.814,48.73,6.333
1020,2025-04-30,2.093,49.93,6.317
1020,2025-05-01,2.182,48.03,6.361
1020,2025-05-02,2.012,50.36,6.461
1020,2025-05-03,1.996,47.81,6.472
1020,2025-05-04,1.749,51.38,6.163
1020,2025-05-05,1.745,50.34,6.431
1020,2025-05-06,1.908,50.45,6.378
1020,2025-05-07,1.98,50.4,6.565
1020,2025-05-08,1.588,49.24,6.353
1020,2025-05-09,1.782,50.3,6.217
1020,2025-05-10,1.882,51.02,6.543
1020,2025-05-11,2.056,50.18,6.642
1020,2025-05-12,1.849,49.23,6.702
1020,2025-05-13,,,
1020,2025-05-14,1.894,50.79,6.45
1020,2025-05-15,1.704,49.6,6.397
1020,2025-05-16,1.741,51.46,6.246
1020,2025-05-17,1.953,50.89,6.57
1020,2025-05-18,2.357,50.08,6.801
1020,2025-05-19,2.31,48.47,6.565
1020,2025-05-20,1.604,50.93,6.323
1020,2025-05-21,2.364,48.72,6.541
1020,2025-05-22,1.558,50.11,6.457
1020,2025-05-23,1.781,48.33,6.576
1020,2025-05-24,1.745,48.54,6.327
1020,2025-05-25,2.142,50.28,6.275
1020,2025-05-26,1.778,47.29,6.3
1020,2025-05-27,2.073,50.47,6.505
1020,2025-05-28,1.779,51.87,6.131
1020,2025-05-29,1.837,50.29,6.112
1020,2025-05-30,1.741,49.52,6.347
1020,2025-05-31,1.834,48.85,6.462
1020,2025-06-01,1.74,49.12,6.505
1020,2025-06-02,2.32,50.84,6.375
1020,2025-06-03,2.197,50.04,6.299
1020,2025-06-04,2.102,49.66,6.547
1020,2025-06-05,2.379,51.24,6.43
1020,2025-06-06,1.844,49.84,6.19
1020,2025-06-07,1.717,49.54,6.434
1020,2025-06-08,1.706,48.59,6.307
1020,2025-06-09,1.559,50.71,6.236
1020,2025-06-10,1.811,48.59,6.441
1020,2025-06-11,1.93,49.99,6.55
1020,2025-06-12,1.661,49.65,6.173
1020,2025-06-13,1.918,50.87,6.377
1020,2025-06-14,1.901,51.47,6.468
1020,2025-06-15,1.737,51.71,6.675
1020,2025-06-16,1.628,49.88,6.284
1020,2025-06-17,1.907,48.92,6.469
1020,2025-06-18,1.843,47.92,6.386
1020,2025-06-19,1.697,52.07,6.67
1020,2025-06-20,1.546,50.75,6.589
1020,2025-06-21,2.208,49.6,6.566
1020,2025-06-22,2.046,51.03,6.357
1020,2025-06-23,1.784,49.13,6.694
1020,2025-06-24,1.717,50.54,6.471
1020,2025-06-25,2.019,49.17,6.298
1020,2025-06-26,1.759,48.66,6.193
1020,2025-06-27,1.928,49.63,6.45
1020,2025-06-28,1.408,49.85,6.354
1020,2025-06-29,1.92,50.95,6.536
1020,2025-06-30,2.05,49.61,6.536
1020,2025-07-01,2.106,51.77,6.559
1020,2025-07-02,1.974,49.9,6.677
1020,2025-07-03,2.039,49.88,6.323
1020,2025-07-04,1.942,48.57,6.359
1020,2025-07-05,1.892,49.9,6.23
1020,2025-07-06,1.813,50.77,6.278
1020,2025-07-07,1.49,49.18,6.33
1020,2025-07-08,1.664,49.59,6.2
1020,2025-07-09,1.94,49.5,6.675
1020,2025-07-10,1.466,50.75,6.29
1020,2025-07-11,2.114,51.54,6.49
1020,2025-07-12,2.045,49.33,6.361
1020,2025-07-13,1.615,50.21,6.277
1020,2025-07-14,2.047,50.08,6.609
1020,2025-07-15,1.802,48.29,6.389
1020,2025-07-16,2.197,50.81,6.478
1020,2025-07-17,1.737,49.54,6.519
1020,2025-07-18,2.111,50.13,6.373
1020,2025-07-19,1.602,48.85,6.572
1020,2025-07-20,1.636,50.6,6.323
1020,2025-07-21,1.417,48.26,6.489
1020,2025-07-22,1.909,50.82,6.354
1020,2025-07-23,,,
1020,2025-07-24,2.163,49.82,6.364
1020,2025-07-25,1.548,48.66,6.461
1020,2025-07-26,2.014,51.25,6.402
1020,2025-07-27,2.005,49.5,6.568
1020,2025-07-28,1.718,49.26,6.316
1020,2025-07-29,1.855,52.18,6.509
1020,2025-07-30,2.329,48.93,6.329
1020,2025-07-31,1.776,49.33,6.392
1020,2025-08-01,2.081,49.75,6.43
1020,2025-08-02,2.052,49.93,6.303
1020,2025-08-03,1.94,48.69,6.521
1020,2025-08-04,1.478,51.77,6.185
1020,2025-08-05,1.759,48.21,6.53
1020,2025-08-06,1.932,49.18,6.529
1020,2025-08-07,2.084,50.08,6.833
1020,2025-08-08,1.712,50.14,6.353
1020,2025-08-09,1.473,49.04,6.311
1020,2025-08-10,1.52,48.8,6.49
1020,2025-08-11,1.868,49.62,6.443
1020,2025-08-12,1.687,48.91,6.461
1020,2025-08-13,2.002,49.99,6.335
1020,2025-08-14,1.965,48.63,6.535
1020,2025-08-15,1.87,49.86,6.432
1020,2025-08-16,1.881,50.92,6.426
1020,2025-08-17,1.914,50.16,6.41
1020,2025-08-18,1.97,50.99,6.383
1020,2025-08-19,2.048,51.04,6.345
1020,2025-08-20,2.148,50.69,6.297
1020,2025-08-21,2.27,50.74,6.238
1020,2025-08-22,2.415,51.06,6.167
1020,2025-08-23,2.582,51.43,6.086
1020,2025-08-24,2.771,52.06,5.995
1020,2025-08-25,2.982,52.31,5.892
1020,2025-08-26,3.215,52.83,5.779
1020,2025-08-27,3.471,53.39,5.655
1020,2025-08-28,3.749,54.0,5.52
1020,2025-08-29,4.049,54.66,5.374
1020,2025-08-30,4.372,55.37,5.218
1020,2025-08-31,4.716,56.13,5.05
1020,2025-09-01,5.083,56.94,4.872
1020,2025-09-02,5.472,57.8,4.684
1020,2025-09-03,5.884,58.71,4.484
1020,2025-09-04,6.317,59.66,4.273
1020,2025-09-05,3.294,53.34,5.747
1020,2025-09-06,3.565,54.0,5.617
1020,2025-09-07,3.859,54.71,5.475
1020,2025-09-08,4.177,55.49,5.322
1020,2025-09-09,4.518,56.32,5.158
1020,2025-09-10,,,
1020,2025-09-11,5.272,58.16,4.796
1020,2025-09-12,5.684,59.16,4.598
1020,2025-09-13,6.119,60.22,4.389
1020,2025-09-14,6.578,61.34,4.168
1020,2025-09-15,1.648,50.67,6.347
1020,2025-09-16,2.069,50.94,6.407
1020,2025-09-17,1.899,49.95,6.642
1020,2025-09-18,2.07,49.48,6.152
1020,2025-09-19,1.97,47.74,6.482
1020,2025-09-20,1.642,49.21,6.362
1020,2025-09-21,1.724,49.16,6.352
1020,2025-09-22,2.084,49.51,6.579
1020,2025-09-23,2.097,50.54,6.592
1020,2025-09-24,1.78,49.03,6.556
1020,2025-09-25,2.31,50.56,6.577
1020,2025-09-26,1.996,50.31,6.227
1020,2025-09-27,2.221,50.62,6.49
1020,2025-09-28,1.991,49.2,6.25
1020,2025-09-29,2.154,52.15,6.567
1020,2025-09-30,1.759,49.97,6.546
1020,2025-10-01,1.86,49.45,6.485
1020,2025-10-02,1.534,51.55,6.563
1020,2025-10-03,1.916,51.21,6.135
1020,2025-10-04,1.607,50.43,6.529
1020,2025-10-05,1.936,49.93,6.606
1020,2025-10-06,1.767,49.67,5.873
1020,2025-10-07,1.657,50.01,6.482
1020,2025-10-08,1.786,50.79,6.552
1020,2025-10-09,1.752,49.47,6.538
1020,2025-10-10,1.628,51.14,6.346
1020,2025-10-11,2.194,49.35,6.335
1020,2025-10-12,1.662,50.41,6.485
1020,2025-10-13,2.111,50.67,6.384
1020,2025-10-14,2.15,49.72,6.143
1020,2025-10-15,2.056,50.63,6.416
1020,2025-10-16,1.771,50.44,6.532
1020,2025-10-17,1.702,49.14,6.564
1020,2025-10-18,1.593,49.13,6.435
1020,2025-10-19,1.604,49.97,6.463
1020,2025-10-20,1.597,51.38,6.321
1020,2025-10-21,1.745,51.75,6.527
1020,2025-10-22,1.899,49.0,6.55
1020,2025-10-23,2.047,50.15,6.405
1020,2025-10-24,1.6,51.15,6.524
1020,2025-10-25,2.048,50.06,6.402
1020,2025-10-26,1.666,51.24,6.281
1020,2025-10-27,2.377,49.54,6.564
1020,2025-10-28,2.135,49.18,6.539
1020,2025-10-29,2.286,49.52,6.281
1020,2025-10-30,1.942,49.61,6.47
1020,2025-10-31,1.681,49.98,6.307
1020,2025-11-01,1.547,47.07,6.502
1020,2025-11-02,1.896,48.72,6.437
1020,2025-11-03,,,
1020,2025-11-04,2.002,49.44,6.424
1020,2025-11-05,2.005,51.6,6.159
1020,2025-11-06,1.688,49.9,6.301
1020,2025-11-07,2.099,49.42,6.407
1020,2025-11-08,1.889,50.39,6.318
1020,2025-11-09,1.933,51.58,6.177
1020,2025-11-10,1.996,48.19,6.275
1020,2025-11-11,1.693,49.59,6.467
1020,2025-11-12,1.851,49.52,6.555
1020,2025-11-13,1.651,49.79,6.257
1020,2025-11-14,1.97,51.0,6.47
1020,2025-11-15,1.696,50.19,6.429
1020,2025-11-16,2.139,50.54,6.251
1020,2025-11-17,2.08,50.76,6.289
1020,2025-11-18,1.725,49.36,6.232
1020,2025-11-19,1.845,48.57,6.559
1020,2025-11-20,1.844,49.61,6.006
1020,2025-11-21,2.147,49.73,6.373
1020,2025-11-22,1.968,49.38,6.365
1020,2025-11-23,1.914,49.4,6.285
1020,2025-11-24,2.337,49.62,6.353
1020,2025-11-25,1.894,50.05,6.376
1020,2025-11-26,1.915,50.28,6.556
1020,2025-11-27,1.867,50.94,6.525
1020,2025-11-28,1.953,50.12,6.395
1020,2025-11-29,1.637,49.59,6.549
1020,2025-11-30,2.165,49.68,6.226
1020,2025-12-01,1.658,49.87,6.643
1020,2025-12-02,1.557,49.86,6.495
1020,2025-12-03,2.066,50.19,6.309
1020,2025-12-04,2.129,50.84,6.171
1020,2025-12-05,1.887,49.23,6.536
1020,2025-12-06,1.721,50.65,6.355
1020,2025-12-07,1.413,48.35,6.776
1020,2025-12-08,2.043,50.46,6.601
1020,2025-12-09,1.678,50.87,6.233
1020,2025-12-10,1.942,48.94,6.422
1020,2025-12-11,1.757,50.91,6.333
1020,2025-12-12,2.047,50.09,6.503
1020,2025-12-13,1.723,50.0,6.386
1020,2025-12-14,1.942,50.01,6.391
1020,2025-12-15,1.773,50.43,6.448
1020,2025-12-16,1.803,48.75,6.704
1020,2025-12-17,1.678,49.99,6.45
1020,2025-12-18,2.114,48.64,6.631
1020,2025-12-19,1.476,49.25,6.373
1020,2025-12-20,2.014,50.37,6.463
1020,2025-12-21,1.659,48.21,6.333
1020,2025-12-22,1.78,50.64,6.417
1020,2025-12-23,2.074,50.43,6.355
1020,2025-12-24,1.582,48.98,6.447
1020,2025-12-25,,,
1020,2025-12-26,1.765,49.22,6.451
1020,2025-12-27,2.043,49.73,6.588
1020,2025-12-28,2.04,51.27,6.263
1020,2025-12-29,2.082,51.83,6.387
1020,2025-12-30,1.791,49.52,6.5
1020,2025-12-31,1.934,49.16,6.425
1021,2024-01-01,1.681,45.36,6.316
1021,2024-01-02,1.943,44.72,6.672
1021,2024-01-03,1.796,46.58,6.671
1021,2024-01-04,1.802,45.87,6.645
1021,2024-01-05,1.728,44.29,6.599
1021,2024-01-06,2.067,44.77,6.713
1021,2024-01-07,1.571,45.19,6.809
1021,2024-01-08,1.704,45.36,6.57
1021,2024-01-09,1.862,45.45,6.64
1021,2024-01-10,1.821,45.94,6.789
1021,2024-01-11,1.369,45.61,6.318
1021,2024-01-12,1.817,46.75,6.754
1021,2024-01-13,1.86,44.79,6.487
1021,2024-01-14,1.916,45.99,6.563
1021,2024-01-15,1.584,47.0,6.764
1021,2024-01-16,1.946,46.38,6.723
1021,2024-01-17,1.654,46.35,6.628
1021,2024-01-18,1.901,45.44,6.561
1021,2024-01-19,1.902,44.67,6.525
1021,2024-01-20,1.492,44.02,6.632
1021,2024-01-21,1.671,44.99,6.725
1021,2024-01-22,1.696,44.91,6.776
1021,2024-01-23,1.485,47.03,6.662
1021,2024-01-24,2.111,44.56,6.646
1021,2024-01-25,1.696,46.19,6.78
1021,2024-01-26,1.928,45.88,6.554
1021,2024-01-27,1.768,47.6,6.608
1021,2024-01-28,1.613,44.71,6.656
1021,2024-01-29,2.028,47.09,6.582
1021,2024-01-30,1.916,44.31,6.741
1021,2024-01-31,1.636,46.33,6.587
1021,2024-02-01,1.81,47.15,6.578
1021,2024-02-02,1.996,45.14,6.987
1021,2024-02-03,1.653,46.05,6.513
1021,2024-02-04,2.014,46.72,6.744
1021,2024-02-05,1.859,44.91,6.668
1021,2024-02-06,2.114,44.69,6.51
1021,2024-02-07,2.204,44.21,6.68
1021,2024-02-08,1.659,45.67,6.449
1021,2024-02-09,2.051,44.67,6.449
1021,2024-02-10,1.947,47.44,6.67
1021,2024-02-11,1.685,45.73,6.3
1021,2024-02-12,2.108,46.84,6.337
1021,2024-02-13,1.67,45.77,6.513
1021,2024-02-14,1.924,47.89,6.512
1021,2024-02-15,1.851,47.08,6.651
1021,2024-02-16,1.425,45.47,6.327
1021,2024-02-17,1.888,45.77,6.666
1021,2024-02-18,1.924,43.64,6.527
1021,2024-02-19,1.964,46.03,6.588
1021,2024-02-20,1.695,44.71,6.453
1021,2024-02-21,1.804,46.55,6.463
1021,2024-02-22,2.022,46.52,7.016
1021,2024-02-23,2.027,44.93,6.658
1021,2024-02-24,,,
1021,2024-02-25,2.113,44.56,6.885
1021,2024-02-26,1.712,44.82,6.801
1021,2024-02-27,1.807,43.78,6.152
1021,2024-02-28,1.855,45.06,6.605
1021,2024-02-29,1.973,44.99,6.728
1021,2024-03-01,2.0,46.27,6.514
1021,2024-03-02,2.084,46.56,6.536
1021,2024-03-03,1.954,45.38,6.715
1021,2024-03-04,1.915,46.74,6.557
1021,2024-03-05,1.695,46.97,6.565
1021,2024-03-06,1.908,43.49,6.436
1021,2024-03-07,1.689,45.33,6.573
1021,2024-03-08,1.697,45.47,6.564
1021,2024-03-09,1.788,47.46,6.617
1021,2024-03-10,1.971,46.46,6.75
1021,2024-03-11,2.173,46.02,6.56
1021,2024-03-12,1.691,45.07,6.265
1021,2024-03-13,1.697,46.22,6.405
1021,2024-03-14,2.234,47.03,6.729
1021,2024-03-15,2.407,45.6,6.489
1021,2024-03-16,1.907,44.68,6.55
1021,2024-03-17,2.081,46.7,6.738
1021,2024-03-18,2.096,44.16,6.961
1021,2024-03-19,2.042,45.39,6.328
1021,2024-03-20,1.789,46.66,6.835
1021,2024-03-21,2.011,44.78,6.674
1021,2024-03-22,1.852,45.54,6.594
1021,2024-03-23,1.797,44.36,6.337
1021,2024-03-24,2.16,47.38,6.416
1021,2024-03-25,1.852,45.66,6.765
1021,2024-03-26,1.865,46.28,6.315
1021,2024-03-27,1.804,45.15,6.933
1021,2024-03-28,2.037,47.65,6.664
1021,2024-03-29,1.819,47.13,6.596
1021,2024-03-30,1.879,45.83,6.278
1021,2024-03-31,1.91,46.25,6.608
1021,2024-04-01,1.921,44.04,6.761
1021,2024-04-02,1.911,45.99,6.678
1021,2024-04-03,1.936,47.01,6.68
1021,2024-04-04,1.907,45.23,6.652
1021,2024-04-05,1.682,45.44,6.682
1021,2024-04-06,2.091,45.35,6.746
1021,2024-04-07,1.818,46.19,6.914
1021,2024-04-08,1.858,45.94,6.5
1021,2024-04-09,1.692,44.04,6.587
1021,2024-04-10,1.793,46.45,6.75
1021,2024-04-11,,,
1021,2024-04-12,1.896,45.67,6.353
1021,2024-04-13,1.75,45.3,6.629
1021,2024-04-14,1.874,45.12,6.517
1021,2024-04-15,1.493,45.9,6.793
1021,2024-04-16,2.085,44.49,6.821
1021,2024-04-17,2.159,44.33,6.794
1021,2024-04-18,1.712,45.51,6.838
1021,2024-04-19,1.641,46.86,6.8
1021,2024-04-20,2.108,45.34,6.591
1021,2024-04-21,1.857,45.45,6.45
1021,2024-04-22,1.375,45.51,6.708
1021,2024-04-23,2.144,45.78,6.945
1021,2024-04-24,1.604,45.27,6.699
1021,2024-04-25,2.058,47.21,6.843
1021,2024-04-26,2.281,46.03,6.76
1021,2024-04-27,1.948,45.78,6.688
1021,2024-04-28,1.827,46.1,6.44
1021,2024-04-29,1.745,46.46,6.643
1021,2024-04-30,1.596,46.88,6.802
1021,2024-05-01,1.93,45.59,6.601
1021,2024-05-02,1.804,45.87,6.61
1021,2024-05-03,1.672,46.02,6.467
1021,2024-05-04,1.993,45.15,6.406
1021,2024-05-05,1.885,45.11,6.506
1021,2024-05-06,1.766,45.58,6.403
1021,2024-05-07,2.007,46.12,6.773
1021,2024-05-08,1.58,45.67,6.845
1021,2024-05-09,1.915,43.31,6.405
1021,2024-05-10,1.754,44.54,6.731
1021,2024-05-11,1.812,45.87,6.668
1021,2024-05-12,1.753,45.28,6.538
1021,2024-05-13,2.057,45.7,6.625
1021,2024-05-14,2.148,45.22,6.882
1021,2024-05-15,1.645,46.77,6.596
1021,2024-05-16,2.013,46.16,6.703
1021,2024-05-17,1.976,46.48,6.529
1021,2024-05-18,1.922,45.77,6.6
1021,2024-05-19,2.12,46.82,6.262
1021,2024-05-20,2.246,46.01,6.594
1021,2024-05-21,2.104,47.62,6.586
1021,2024-05-22,2.212,46.49,6.345
1021,2024-05-23,2.345,46.82,6.54
1021,2024-05-24,2.502,47.2,6.294
1021,2024-05-25,2.684,47.65,6.477
1021,2024-05-26,2.889,48.16,6.438
1021,2024-05-27,3.119,48.73,6.395
1021,2024-05-28,3.373,49.35,6.343
1021,2024-05-29,3.651,50.04,6.295
1021,2024-05-30,3.953,50.79,6.238
1021,2024-05-31,4.279,51.59,6.176
1021,2024-06-01,4.63,52.46,6.11
1021,2024-06-02,5.004,53.38,6.04
1021,2024-06-03,5.403,54.37,5.965
1021,2024-06-04,5.826,55.41,5.885
1021,2024-06-05,6.273,56.52,5.801
1021,2024-06-06,6.745,57.68,5.712
1021,2024-06-07,2.177,46.84,6.567
1021,2024-06-08,2.011,46.9,6.457
1021,2024-06-09,1.605,44.68,6.612
1021,2024-06-10,1.85,44.94,6.454
1021,2024-06-11,2.034,44.63,6.596
1021,2024-06-12,,,
1021,2024-06-13,1.786,45.43,6.433
1021,2024-06-14,1.799,46.17,6.882
1021,2024-06-15,1.737,46.4,6.681
1021,2024-06-16,2.087,46.28,6.516
1021,2024-06-17,1.784,46.54,6.528
1021,2024-06-18,2.024,46.69,6.856
1021,2024-06-19,2.008,45.41,6.536
1021,2024-06-20,2.134,45.43,6.756
1021,2024-06-21,2.267,45.03,6.68
1021,2024-06-22,1.814,47.83,6.762
1021,2024-06-23,1.66,45.61,6.696
1021,2024-06-24,1.901,44.87,6.489
1021,2024-06-25,2.218,44.91,6.459
1021,2024-06-26,2.017,45.36,6.62
1021,2024-06-27,1.869,45.72,6.575
1021,2024-06-28,2.247,45.62,6.758
1021,2024-06-29,1.934,45.79,6.553
1021,2024-06-30,1.898,47.39,6.368
1021,2024-07-01,2.333,45.05,6.571
1021,2024-07-02,1.762,45.84,6.905
1021,2024-07-03,1.884,47.1,6.388
1021,2024-07-04,2.113,44.4,6.586
1021,2024-07-05,1.882,44.7,6.736
1021,2024-07-06,1.911,46.85,6.863
1021,2024-07-07,1.939,44.65,6.659
1021,2024-07-08,1.798,46.17,6.855
1021,2024-07-09,1.797,44.85,6.559
1021,2024-07-10,2.202,46.5,6.672
1021,2024-07-11,1.949,47.56,6.57
1021,2024-07-12,1.546,45.06,6.359
1021,2024-07-13,,,
1021,2024-07-14,,,
1021,2024-07-15,1.739,44.68,6.889
1021,2024-07-16,2.224,44.51,6.951
1021,2024-07-17,2.067,44.93,6.8
1021,2024-07-18,1.971,45.47,6.488
1021,2024-07-19,1.904,47.34,6.57
1021,2024-07-20,1.67,46.56,6.69
1021,2024-07-21,1.835,46.85,6.797
1021,2024-07-22,1.993,46.7,6.575
1021,2024-07-23,2.015,45.47,6.552
1021,2024-07-24,1.513,44.63,6.653
1021,2024-07-25,1.8,46.44,6.829
1021,2024-07-26,1.813,44.87,6.545
1021,2024-07-27,1.996,47.09,6.853
1021,2024-07-28,1.717,45.42,6.639
1021,2024-07-29,1.873,45.0,6.537
1021,2024-07-30,1.549,46.23,6.588
1021,2024-07-31,1.672,46.08,6.526
1021,2024-08-01,1.922,46.28,6.658
1021,2024-08-02,1.965,45.25,6.573
1021,2024-08-03,1.921,46.09,6.492
1021,2024-08-04,1.844,44.35,6.657
1021,2024-08-05,1.605,46.2,6.523
1021,2024-08-06,1.769,44.24,6.605
1021,2024-08-07,1.843,46.03,6.764
1021,2024-08-08,1.828,46.11,6.756
1021,2024-08-09,1.801,46.82,6.625
1021,2024-08-10,2.029,46.23,6.633
1021,2024-08-11,1.787,44.79,6.612
1021,2024-08-12,1.859,45.46,6.141
1021,2024-08-13,1.945,46.57,6.536
1021,2024-08-14,2.042,46.58,6.568
1021,2024-08-15,2.095,45.21,6.738
1021,2024-08-16,1.628,46.23,6.808
1021,2024-08-17,2.098,47.21,6.551
1021,2024-08-18,1.968,45.04,6.491
1021,2024-08-19,2.006,46.28,6.415
1021,2024-08-20,2.034,46.27,6.682
1021,2024-08-21,,,
1021,2024-08-22,1.91,46.09,6.523
1021,2024-08-23,2.288,47.25,6.62
1021,2024-08-24,2.334,46.23,6.614
1021,2024-08-25,2.028,46.08,6.593
1021,2024-08-26,2.12,46.34,6.566
1021,2024-08-27,2.246,46.67,6.553
1021,2024-08-28,2.381,47.08,6.547
1021,2024-08-29,2.551,47.56,6.285
1021,2024-08-30,2.747,48.12,6.349
1021,2024-08-31,2.97,48.76,6.453
1021,2024-09-01,3.218,49.46,6.413
1021,2024-09-02,3.493,50.24,6.369
1021,2024-09-03,3.794,51.1,6.263
1021,2024-09-04,4.121,52.03,6.269
1021,2024-09-05,4.474,53.03,6.213
1021,2024-09-06,4.853,54.11,6.152
1021,2024-09-07,5.259,55.27,6.087
1021,2024-09-08,5.69,56.49,6.018
1021,2024-09-09,6.148,57.8,5.945
1021,2024-09-10,6.632,59.17,5.868
1021,2024-09-11,7.142,60.62,5.786
1021,2024-09-12,2.007,45.74,6.622
1021,2024-09-13,1.924,45.79,6.426
1021,2024-09-14,1.965,46.84,6.444
1021,2024-09-15,2.034,46.84,6.347
1021,2024-09-16,2.131,47.06,6.587
1021,2024-09-17,2.255,47.22,6.568
1021,2024-09-18,,,
1021,2024-09-19,2.585,48.28,6.447
1021,2024-09-20,2.792,49.06,6.483
1021,2024-09-21,3.026,49.94,6.447
1021,2024-09-22,3.288,50.93,6.405
1021,2024-09-23,3.577,52.02,6.36
1021,2024-09-24,3.894,53.21,6.31
1021,2024-09-25,4.239,54.5,6.256
1021,2024-09-26,4.611,55.9,6.197
1021,2024-09-27,5.01,57.41,6.134
1021,2024-09-28,5.437,59.02,6.067
1021,2024-09-29,5.892,60.73,5.995
1021,2024-09-30,6.374,62.54,5.919
1021,2024-10-01,6.884,64.46,5.839
1021,2024-10-02,7.421,66.48,5.755
1021,2024-10-03,1.982,46.31,6.306
1021,2024-10-04,1.961,45.67,6.65
1021,2024-10-05,2.222,47.58,6.765
1021,2024-10-06,1.712,45.89,6.742
1021,2024-10-07,2.071,45.83,6.604
1021,2024-10-08,1.881,45.84,6.412
1021,2024-10-09,1.842,45.17,6.386
1021,2024-10-10,2.047,46.78,6.733
1021,2024-10-11,1.736,44.13,6.597
1021,2024-10-12,1.93,45.86,6.653
1021,2024-10-13,1.744,46.54,6.547
1021,2024-10-14,1.697,47.42,6.496
1021,2024-10-15,2.139,46.47,6.677
1021,2024-10-16,1.831,44.65,6.42
1021,2024-10-17,2.213,46.64,6.752
1021,2024-10-18,1.714,46.6,6.666
1021,2024-10-19,1.82,45.92,6.728
1021,2024-10-20,1.836,45.25,6.699
1021,2024-10-21,1.986,44.58,6.809
1021,2024-10-22,1.557,45.48,6.602
1021,2024-10-23,1.792,46.03,6.724
1021,2024-10-24,1.574,48.6,6.689
1021,2024-10-25,1.65,46.34,6.68
1021,2024-10-26,1.912,45.98,6.617
1021,2024-10-27,1.913,44.11,6.418
1021,2024-10-28,2.195,44.62,6.772
1021,2024-10-29,2.249,45.21,6.872
1021,2024-10-30,1.973,45.67,6.678
1021,2024-10-31,1.887,45.68,6.78
1021,2024-11-01,2.151,46.88,6.572
1021,2024-11-02,1.92,47.35,6.406
1021,2024-11-03,2.078,47.08,6.911
1021,2024-11-04,1.816,45.14,6.623
1021,2024-11-05,1.467,45.36,6.481
1021,2024-11-06,1.975,44.98,6.692
1021,2024-11-07,1.704,44.32,6.477
1021,2024-11-08,1.978,44.49,6.741
1021,2024-11-09,1.968,46.21,6.727
1021,2024-11-10,2.007,44.99,6.589
1021,2024-11-11,1.97,46.44,6.701
1021,2024-11-12,1.992,45.53,6.424
1021,2024-11-13,1.834,45.3,6.742
1021,2024-11-14,2.101,45.86,6.609
1021,2024-11-15,1.93,45.9,6.487
1021,2024-11-16,1.683,48.69,6.653
1021,2024-11-17,1.881,45.12,6.584
1021,2024-11-18,2.176,46.12,6.657
1021,2024-11-19,2.004,44.43,6.744
1021,2024-11-20,2.069,45.41,6.682
1021,2024-11-21,2.005,47.28,6.605
1021,2024-11-22,1.767,46.41,6.597
1021,2024-11-23,2.331,47.7,6.612
1021,2024-11-24,2.039,44.1,6.762
1021,2024-11-25,2.272,44.94,6.388
1021,2024-11-26,1.622,45.95,6.708
1021,2024-11-27,1.586,44.74,6.668
1021,2024-11-28,1.852,45.12,6.348
1021,2024-11-29,2.179,44.43,6.539
1021,2024-11-30,,,
1021,2024-12-01,2.108,45.4,6.83
1021,2024-12-02,2.1,45.71,6.652
1021,2024-12-03,1.976,44.49,6.532
1021,2024-12-04,1.809,45.38,6.677
1021,2024-12-05,1.988,47.5,6.696
1021,2024-12-06,1.904,46.55,6.686
1021,2024-12-07,2.039,45.81,7.005
1021,2024-12-08,2.067,44.93,6.664
1021,2024-12-09,,,
1021,2024-12-10,1.805,45.87,6.789
1021,2024-12-11,2.262,47.75,6.497
1021,2024-12-12,1.687,46.0,6.907
1021,2024-12-13,1.978,45.56,6.712
1021,2024-12-14,1.723,45.61,6.6
1021,2024-12-15,1.95,44.71,6.629
1021,2024-12-16,2.036,46.03,6.658
1021,2024-12-17,1.726,44.75,6.806
1021,2024-12-18,1.956,45.05,6.744
1021,2024-12-19,1.971,45.36,6.655
1021,2024-12-20,1.726,47.98,6.472
1021,2024-12-21,2.255,47.54,6.654
1021,2024-12-22,1.903,45.59,6.751
1021,2024-12-23,2.273,46.63,6.655
1021,2024-12-24,1.622,45.99,6.586
1021,2024-12-25,1.606,46.44,6.458
1021,2024-12-26,1.827,45.73,6.921
1021,2024-12-27,2.099,46.57,6.634
1021,2024-12-28,1.979,47.53,6.635
1021,2024-12-29,1.965,45.77,6.63
1021,2024-12-30,1.749,47.11,6.558
1021,2024-12-31,1.9,45.83,6.521
1021,2025-01-01,2.041,46.69,6.983
1021,2025-01-02,2.098,44.75,6.481
1021,2025-01-03,1.881,46.43,6.558
1021,2025-01-04,1.819,45.0,6.417
1021,2025-01-05,1.929,45.09,6.585
1021,2025-01-06,2.263,45.93,6.677
1021,2025-01-07,2.12,48.12,6.566
1021,2025-01-08,1.935,46.18,6.866
1021,2025-01-09,1.713,47.03,6.771
1021,2025-01-10,1.936,46.44,6.54
1021,2025-01-11,1.846,45.55,6.487
1021,2025-01-12,1.797,44.62,6.907
1021,2025-01-13,1.126,44.81,6.572
1021,2025-01-14,2.232,44.01,6.6
1021,2025-01-15,1.693,46.24,6.819
1021,2025-01-16,1.928,45.76,6.782
1021,2025-01-17,1.881,45.96,6.632
1021,2025-01-18,1.96,46.31,6.665
1021,2025-01-19,1.666,47.83,6.636
1021,2025-01-20,1.798,45.49,6.641
1021,2025-01-21,,,
1021,2025-01-22,2.176,46.36,6.764
1021,2025-01-23,1.75,46.59,6.656
1021,2025-01-24,1.617,45.6,6.68
1021,2025-01-25,1.63,47.17,6.585
1021,2025-01-26,2.065,45.22,6.47
1021,2025-01-27,2.001,45.89,6.783
1021,2025-01-28,1.461,44.03,6.673
1021,2025-01-29,1.732,46.01,6.535
1021,2025-01-30,1.857,45.66,6.65
1021,2025-01-31,1.66,45.44,6.362
1021,2025-02-01,1.993,45.1,6.614
1021,2025-02-02,1.956,46.34,6.779
1021,2025-02-03,2.25,46.64,6.692
1021,2025-02-04,1.754,48.4,6.577
1021,2025-02-05,1.995,45.24,6.604
1021,2025-02-06,2.419,46.46,6.573
1021,2025-02-07,2.038,46.43,6.595
1021,2025-02-08,1.953,47.2,6.605
1021,2025-02-09,2.181,45.3,6.415
1021,2025-02-10,2.243,45.19,6.487
1021,2025-02-11,1.89,45.83,6.625
1021,2025-02-12,2.102,45.24,6.636
1021,2025-02-13,2.306,45.88,6.745
1021,2025-02-14,1.879,45.11,6.683
1021,2025-02-15,1.838,45.92,6.647
1021,2025-02-16,2.095,46.94,6.446
1021,2025-02-17,2.024,45.92,6.734
1021,2025-02-18,2.061,46.28,6.39
1021,2025-02-19,1.945,46.63,6.546
1021,2025-02-20,1.861,46.66,6.645
1021,2025-02-21,1.884,46.22,6.496
1021,2025-02-22,1.943,44.22,6.779
1021,2025-02-23,,,
1021,2025-02-24,2.037,47.29,6.47
1021,2025-02-25,2.332,45.05,6.475
1021,2025-02-26,1.81,45.67,6.666
1021,2025-02-27,1.684,46.88,6.621
1021,2025-02-28,2.219,44.92,6.94
1021,2025-03-01,2.07,43.71,6.737
1021,2025-03-02,2.025,44.92,6.968
1021,2025-03-03,1.732,46.63,6.421
1021,2025-03-04,1.677,46.79,6.457
1021,2025-03-05,2.092,46.44,6.497
1021,2025-03-06,2.135,48.11,6.431
1021,2025-03-07,1.832,47.06,6.443
1021,2025-03-08,2.088,43.87,6.879
1021,2025-03-09,2.092,43.94,6.687
1021,2025-03-10,1.961,45.62,6.768
1021,2025-03-11,1.773,43.92,6.726
1021,2025-03-12,1.836,46.74,6.628
1021,2025-03-13,1.699,43.73,6.537
1021,2025-03-14,1.494,45.8,6.767
1021,2025-03-15,1.486,44.72,6.877
1021,2025-03-16,1.973,46.36,6.377
1021,2025-03-17,2.046,47.83,6.823
1021,2025-03-18,1.796,45.85,6.716
1021,2025-03-19,1.888,43.22,6.505
1021,2025-03-20,2.275,45.06,6.444
1021,2025-03-21,1.971,44.94,6.626
1021,2025-03-22,2.135,45.81,6.579
1021,2025-03-23,2.22,47.28,6.712
1021,2025-03-24,1.698,45.31,6.61
1021,2025-03-25,2.108,45.04,6.442
1021,2025-03-26,1.628,44.31,6.64
1021,2025-03-27,2.036,44.12,6.552
1021,2025-03-28,1.721,44.43,6.789
1021,2025-03-29,2.113,45.57,6.792
1021,2025-03-30,1.701,46.37,6.687
1021,2025-03-31,1.78,45.94,6.784
1021,2025-04-01,2.109,45.19,6.627
1021,2025-04-02,1.834,46.1,6.602
1021,2025-04-03,1.859,45.03,6.941
1021,2025-04-04,2.143,46.79,6.364
1021,2025-04-05,2.068,44.43,6.776
1021,2025-04-06,1.836,44.07,6.928
1021,2025-04-07,2.048,45.86,6.826
1021,2025-04-08,2.081,45.09,6.53
1021,2025-04-09,1.9,47.12,6.791
1021,2025-04-10,2.02,45.13,6.649
1021,2025-04-11,2.013,46.1,6.708
1021,2025-04-12,1.999,46.1,6.558
1021,2025-04-13,2.097,47.0,6.577
1021,2025-04-14,2.232,47.08,6.809
1021,2025-04-15,1.918,44.43,6.521
1021,2025-04-16,2.274,43.74,6.46
1021,2025-04-17,2.068,44.98,6.489
1021,2025-04-18,1.834,46.37,6.433
1021,2025-04-19,1.906,46.62,6.704
1021,2025-04-20,2.129,45.15,6.859
1021,2025-04-21,2.125,47.7,6.899
1021,2025-04-22,2.321,45.65,6.327
1021,2025-04-23,1.889,47.18,6.528
1021,2025-04-24,1.861,45.7,6.729
1021,2025-04-25,1.665,44.36,6.711
1021,2025-04-26,,,
1021,2025-04-27,1.776,46.69,6.807
1021,2025-04-28,2.054,46.86,6.768
1021,2025-04-29,1.787,45.94,6.586
1021,2025-04-30,2.053,47.95,6.352
1021,2025-05-01,1.809,46.11,6.599
1021,2025-05-02,1.838,46.51,6.739
1021,2025-05-03,2.177,46.43,6.717
1021,2025-05-04,2.072,45.57,6.763
1021,2025-05-05,1.878,44.69,6.714
1021,2025-05-06,2.189,45.98,6.32
1021,2025-05-07,1.72,45.76,6.449
1021,2025-05-08,1.968,45.44,6.87
1021,2025-05-09,1.683,46.2,6.774
1021,2025-05-10,2.122,45.59,6.791
1021,2025-05-11,2.04,46.97,6.799
1021,2025-05-12,1.862,46.79,6.605
1021,2025-05-13,1.852,45.43,6.787
1021,2025-05-14,2.179,47.4,6.52
1021,2025-05-15,1.946,45.87,6.731
1021,2025-05-16,1.769,44.35,6.631
1021,2025-05-17,1.615,44.62,6.432
1021,2025-05-18,2.182,45.45,6.364
1021,2025-05-19,2.228,46.5,6.456
1021,2025-05-20,2.145,45.33,6.703
1021,2025-05-21,2.07,47.07,6.659
1021,2025-05-22,1.96,48.13,6.607
1021,2025-05-23,1.885,44.99,6.615
1021,2025-05-24,1.758,46.07,6.643
1021,2025-05-25,2.06,45.06,6.887
1021,2025-05-26,1.903,47.23,6.578
1021,2025-05-27,2.046,44.12,6.484
1021,2025-05-28,1.936,46.79,6.601
1021,2025-05-29,1.945,45.51,6.487
1021,2025-05-30,2.11,46.05,6.751
1021,2025-05-31,1.959,46.19,6.675
1021,2025-06-01,2.472,45.29,6.67
1021,2025-06-02,2.197,45.05,6.765
1021,2025-06-03,1.874,47.78,6.452
1021,2025-06-04,1.953,46.51,6.508
1021,2025-06-05,2.195,46.32,6.582
1021,2025-06-06,2.387,47.43,6.467
1021,2025-06-07,1.652,45.23,6.644
1021,2025-06-08,1.914,46.84,6.459
1021,2025-06-09,1.585,45.74,6.459
1021,2025-06-10,1.995,44.29,6.476
1021,2025-06-11,1.887,45.2,6.787
1021,2025-06-12,1.974,46.07,6.782
1021,2025-06-13,2.129,45.02,6.798
1021,2025-06-14,1.692,44.92,6.716
1021,2025-06-15,1.808,46.6,6.702
1021,2025-06-16,1.979,46.04,6.584
1021,2025-06-17,1.825,45.41,6.594
1021,2025-06-18,1.825,44.3,6.642
1021,2025-06-19,1.667,46.51,6.776
1021,2025-06-20,1.539,47.05,6.337
1021,2025-06-21,1.905,46.03,6.786
1021,2025-06-22,2.256,46.55,6.779
1021,2025-06-23,2.265,45.74,6.629
1021,2025-06-24,2.439,47.1,6.897
1021,2025-06-25,2.129,46.98,6.739
1021,2025-06-26,1.889,46.22,6.666
1021,2025-06-27,1.607,46.9,6.658
1021,2025-06-28,2.001,45.84,6.755
1021,2025-06-29,1.812,47.46,6.5
1021,2025-06-30,1.842,47.05,6.857
1021,2025-07-01,1.659,45.79,6.34
1021,2025-07-02,1.689,47.18,6.529
1021,2025-07-03,2.089,46.22,6.637
1021,2025-07-04,1.816,45.75,6.531
1021,2025-07-05,1.882,46.16,6.367
1021,2025-07-06,2.015,45.43,6.784
1021,2025-07-07,2.166,46.53,6.24
1021,2025-07-08,1.702,45.85,6.754
1021,2025-07-09,2.303,46.0,6.601
1021,2025-07-10,1.912,47.96,6.674
1021,2025-07-11,1.851,43.47,6.712
1021,2025-07-12,2.007,45.53,6.427
1021,2025-07-13,1.566,47.26,6.526
1021,2025-07-14,1.827,45.14,6.253
1021,2025-07-15,1.94,44.63,6.309
1021,2025-07-16,1.845,47.26,6.66
1021,2025-07-17,1.781,47.64,6.94
1021,2025-07-18,2.017,45.53,6.67
1021,2025-07-19,1.937,46.2,6.53
1021,2025-07-20,1.822,45.54,6.754
1021,2025-07-21,1.804,45.0,6.706
1021,2025-07-22,1.885,46.5,6.8
1021,2025-07-23,1.788,46.59,6.841
1021,2025-07-24,2.167,45.97,6.744
1021,2025-07-25,2.053,44.87,6.659
1021,2025-07-26,1.707,46.09,6.389
1021,2025-07-27,1.84,45.33,6.558
1021,2025-07-28,1.688,45.36,6.568
1021,2025-07-29,2.029,46.13,6.561
1021,2025-07-30,2.026,45.95,6.699
1021,2025-07-31,1.894,44.51,6.651
1021,2025-08-01,1.933,46.67,6.53
1021,2025-08-02,2.009,45.46,6.744
1021,2025-08-03,1.955,45.56,6.651
1021,2025-08-04,2.193,44.75,6.523
1021,2025-08-05,1.914,45.14,6.687
1021,2025-08-06,2.123,44.38,6.573
1021,2025-08-07,2.302,45.73,6.72
1021,2025-08-08,1.682,45.06,6.84
1021,2025-08-09,1.763,45.42,6.4
1021,2025-08-10,1.655,47.01,6.658
1021,2025-08-11,1.818,45.14,6.589
1021,2025-08-12,1.91,46.74,6.689
1021,2025-08-13,2.0,44.98,6.829
1021,2025-08-14,1.589,45.81,6.932
1021,2025-08-15,1.912,44.18,6.633
1021,2025-08-16,1.853,45.93,6.523
1021,2025-08-17,2.14,46.42,6.926
1021,2025-08-18,1.719,42.68,6.773
1021,2025-08-19,1.989,44.9,6.688
1021,2025-08-20,2.207,46.19,6.812
1021,2025-08-21,2.024,45.99,6.48
1021,2025-08-22,1.997,45.16,6.76
1021,2025-08-23,1.673,45.6,6.714
1021,2025-08-24,1.722,46.34,6.658
1021,2025-08-25,1.589,46.12,6.482
1021,2025-08-26,2.224,44.15,6.711
1021,2025-08-27,1.948,46.53,7.011
1021,2025-08-28,2.007,45.03,6.414
1021,2025-08-29,2.01,45.9,6.869
1021,2025-08-30,2.238,45.93,6.692
1021,2025-08-31,1.862,45.49,6.741
1021,2025-09-01,2.027,47.0,6.578
1021,2025-09-02,1.929,46.48,6.621
1021,2025-09-03,2.207,46.25,6.615
1021,2025-09-04,2.076,47.53,6.56
1021,2025-09-05,2.205,46.76,6.559
1021,2025-09-06,2.37,47.34,6.58
1021,2025-09-07,2.573,48.04,6.561
1021,2025-09-08,2.812,48.87,6.363
1021,2025-09-09,,,
1021,2025-09-10,3.401,50.91,6.485
1021,2025-09-11,3.751,52.13,6.253
1021,2025-09-12,4.137,53.47,6.418
1021,2025-09-13,4.561,54.93,6.379
1021,2025-09-14,5.021,56.53,6.336
1021,2025-09-15,5.518,58.25,6.291
1021,2025-09-16,6.052,60.1,6.242
1021,2025-09-17,6.622,62.08,6.189
1021,2025-09-18,7.23,64.19,6.133
1021,2025-09-19,7.874,66.42,6.074
1021,2025-09-20,8.555,68.79,6.012
1021,2025-09-21,,,
1021,2025-09-22,2.128,45.21,6.608
1021,2025-09-23,2.198,47.14,6.839
1021,2025-09-24,1.903,45.86,6.58
1021,2025-09-25,1.758,45.26,6.613
1021,2025-09-26,1.977,46.84,6.408
1021,2025-09-27,2.255,46.62,6.833
1021,2025-09-28,1.8,46.31,6.443
1021,2025-09-29,1.994,46.18,6.891
1021,2025-09-30,1.712,46.16,6.645
1021,2025-10-01,1.903,46.16,6.931
1021,2025-10-02,2.077,45.82,6.775
1021,2025-10-03,1.983,45.47,6.425
1021,2025-10-04,1.751,46.22,6.584
1021,2025-10-05,1.852,45.44,6.526
1021,2025-10-06,1.84,47.29,6.514
1021,2025-10-07,2.023,45.9,6.622
1021,2025-10-08,1.927,45.81,6.62
1021,2025-10-09,1.975,46.0,6.536
1021,2025-10-10,2.137,46.32,6.518
1021,2025-10-11,2.171,46.78,6.592
1021,2025-10-12,2.318,47.36,6.574
1021,2025-10-13,2.497,48.07,6.553
1021,2025-10-14,2.709,48.91,6.528
1021,2025-10-15,2.953,49.87,6.5
1021,2025-10-16,3.23,50.97,6.467
1021,2025-10-17,3.54,52.2,6.431
1021,2025-10-18,3.882,53.56,6.391
1021,2025-10-19,4.256,55.04,6.347
1021,2025-10-20,4.664,56.65,6.299
1021,2025-10-21,5.104,58.4,6.247
1021,2025-10-22,5.576,60.27,6.192
1021,2025-10-23,6.081,62.27,6.132
1021,2025-10-24,6.619,64.4,6.069
1021,2025-10-25,,,
1021,2025-10-26,7.792,69.05,5.931
1021,2025-10-27,8.427,71.57,5.857
1021,2025-10-28,2.242,46.68,6.587
1021,2025-10-29,2.429,47.2,6.482
1021,2025-10-30,2.657,47.85,6.553
1021,2025-10-31,2.926,48.61,6.528
1021,2025-11-01,3.237,49.48,6.426
1021,2025-11-02,3.59,50.48,6.445
1021,2025-11-03,3.984,51.59,6.429
1021,2025-11-04,4.419,52.82,6.214
1021,2025-11-05,4.896,54.16,6.345
1021,2025-11-06,5.415,55.62,6.296
1021,2025-11-07,5.974,57.2,6.244
1021,2025-11-08,6.576,58.9,6.188
1021,2025-11-09,7.219,60.71,6.129
1021,2025-11-10,7.903,62.64,6.065
1021,2025-11-11,8.629,64.68,5.998
1021,2025-11-12,9.396,66.85,5.926
1021,2025-11-13,10.205,69.13,5.851
1021,2025-11-14,1.857,46.39,6.804
1021,2025-11-15,1.62,45.64,6.466
1021,2025-11-16,1.983,46.56,6.372
1021,2025-11-17,2.232,44.67,6.588
1021,2025-11-18,,,
1021,2025-11-19,,,
1021,2025-11-20,2.021,46.82,6.614
1021,2025-11-21,2.167,45.03,6.644
1021,2025-11-22,1.701,45.43,6.569
1021,2025-11-23,2.064,44.83,6.481
1021,2025-11-24,1.83,45.78,6.706
1021,2025-11-25,1.991,45.16,6.49
1021,2025-11-26,2.047,46.36,6.661
1021,2025-11-27,1.726,44.95,6.404
1021,2025-11-28,1.643,45.69,6.483
1021,2025-11-29,2.387,46.59,6.533
1021,2025-11-30,2.239,44.8,6.787
1021,2025-12-01,2.205,44.61,6.882
1021,2025-12-02,2.004,44.66,6.664
1021,2025-12-03,1.974,43.94,6.789
1021,2025-12-04,2.036,46.7,6.622
1021,2025-12-05,1.932,45.8,6.62
1021,2025-12-06,1.999,46.58,6.4
1021,2025-12-07,2.11,46.29,6.603
1021,2025-12-08,2.264,46.72,6.592
1021,2025-12-09,2.464,47.27,6.575
1021,2025-12-10,2.707,47.94,6.542
1021,2025-12-11,2.995,48.74,6.49
1021,2025-12-12,3.327,49.66,6.5
1021,2025-12-13,3.703,50.7,6.468
1021,2025-12-14,4.124,51.86,6.431
1021,2025-12-15,4.589,53.14,6.392
1021,2025-12-16,5.098,54.55,6.348
1021,2025-12-17,5.652,56.08,6.3
1021,2025-12-18,6.249,57.73,6.249
1021,2025-12-19,6.891,59.51,6.193
1021,2025-12-20,7.578,61.4,6.134
1021,2025-12-21,8.308,63.42,6.071
1021,2025-12-22,9.083,65.56,6.005
1021,2025-12-23,9.902,67.83,5.934
1021,2025-12-24,10.766,70.21,5.86
1021,2025-12-25,1.601,45.56,6.62
1021,2025-12-26,2.094,47.41,6.331
1021,2025-12-27,1.673,45.19,6.633
1021,2025-12-28,1.795,45.14,6.882
1021,2025-12-29,1.81,45.19,6.628
1021,2025-12-30,2.049,44.77,6.752
1021,2025-12-31,1.749,46.9,6.521
1022,2024-01-01,2.418,50.03,6.378
1022,2024-01-02,2.675,47.86,6.349
1022,2024-01-03,2.457,51.7,6.322
1022,2024-01-04,2.575,49.64,5.938
1022,2024-01-05,2.551,49.41,6.516
1022,2024-01-06,2.613,49.56,6.154
1022,2024-01-07,2.906,48.85,6.426
1022,2024-01-08,2.427,49.16,6.121
1022,2024-01-09,2.262,50.59,6.395
1022,2024-01-10,2.288,47.83,6.415
1022,2024-01-11,2.424,49.6,6.208
1022,2024-01-12,2.646,50.21,6.21
1022,2024-01-13,2.309,50.53,6.086
1022,2024-01-14,2.49,47.64,6.199
1022,2024-01-15,2.394,49.6,6.246
1022,2024-01-16,2.187,47.46,6.159
1022,2024-01-17,2.152,48.71,6.098
1022,2024-01-18,2.193,49.36,5.934
1022,2024-01-19,2.365,49.3,6.189
1022,2024-01-20,2.527,48.95,6.279
1022,2024-01-21,,,
1022,2024-01-22,2.777,50.13,6.125
1022,2024-01-23,2.383,49.47,6.058
1022,2024-01-24,2.359,48.47,6.256
1022,2024-01-25,2.22,48.87,6.26
1022,2024-01-26,2.444,49.62,6.491
1022,2024-01-27,2.511,49.91,6.423
1022,2024-01-28,2.612,49.39,6.31
1022,2024-01-29,2.47,47.99,6.318
1022,2024-01-30,2.442,48.73,6.271
1022,2024-01-31,2.424,49.45,6.364
1022,2024-02-01,2.659,47.87,6.461
1022,2024-02-02,2.249,48.96,5.878
1022,2024-02-03,2.181,48.77,6.215
1022,2024-02-04,2.198,50.08,6.398
1022,2024-02-05,2.308,50.31,6.097
1022,2024-02-06,2.669,48.23,6.026
1022,2024-02-07,2.523,50.66,6.364
1022,2024-02-08,2.606,50.82,6.104
1022,2024-02-09,2.58,48.76,6.171
1022,2024-02-10,2.415,49.05,6.314
1022,2024-02-11,2.734,48.65,6.472
1022,2024-02-12,2.231,48.49,6.083
1022,2024-02-13,2.439,47.73,6.391
1022,2024-02-14,2.374,46.53,6.264
1022,2024-02-15,2.258,49.37,6.147
1022,2024-02-16,2.363,50.85,6.329
1022,2024-02-17,2.497,48.04,6.196
1022,2024-02-18,2.541,49.81,6.234
1022,2024-02-19,2.703,48.56,6.585
1022,2024-02-20,2.214,49.35,6.329
1022,2024-02-21,2.342,49.0,6.314
1022,2024-02-22,2.574,49.7,6.439
1022,2024-02-23,2.434,49.74,5.986
1022,2024-02-24,2.604,49.84,6.495
1022,2024-02-25,2.115,50.03,6.33
1022,2024-02-26,2.544,50.55,6.291
1022,2024-02-27,2.416,48.17,6.151
1022,2024-02-28,2.447,48.67,6.405
1022,2024-02-29,2.588,50.35,6.201
1022,2024-03-01,2.382,48.31,6.158
1022,2024-03-02,2.159,50.25,6.046
1022,2024-03-03,2.332,49.38,6.455
1022,2024-03-04,2.209,50.41,6.159
1022,2024-03-05,2.833,49.48,6.196
1022,2024-03-06,2.061,49.16,6.329
1022,2024-03-07,2.518,49.31,6.357
1022,2024-03-08,2.17,47.6,6.505
1022,2024-03-09,2.54,49.73,6.186
1022,2024-03-10,2.283,49.35,6.089
1022,2024-03-11,2.105,50.27,6.212
1022,2024-03-12,2.328,49.77,6.14
1022,2024-03-13,2.59,49.13,6.153
1022,2024-03-14,2.75,49.26,6.117
1022,2024-03-15,2.794,49.75,6.24
1022,2024-03-16,2.869,49.41,6.201
1022,2024-03-17,2.586,50.21,6.145
1022,2024-03-18,2.673,49.9,5.956
1022,2024-03-19,2.781,50.23,5.983
1022,2024-03-20,2.908,50.63,5.884
1022,2024-03-21,3.054,51.09,5.765
1022,2024-03-22,3.22,51.6,5.63
1022,2024-03-23,3.406,52.18,5.479
1022,2024-03-24,3.611,52.82,5.313
1022,2024-03-25,3.835,53.53,5.131
1022,2024-03-26,4.079,54.29,4.933
1022,2024-03-27,4.343,55.11,4.719
1022,2024-03-28,4.626,56.0,4.489
1022,2024-03-29,4.929,56.94,4.243
1022,2024-03-30,5.251,57.95,3.982
1022,2024-03-31,5.593,59.01,3.704
1022,2024-04-01,5.954,60.14,3.411
1022,2024-04-02,6.335,61.33,3.102
1022,2024-04-03,2.441,49.53,6.527
1022,2024-04-04,,,
1022,2024-04-05,2.127,49.67,6.468
1022,2024-04-06,2.415,49.74,6.316
1022,2024-04-07,2.091,51.02,6.226
1022,2024-04-08,2.679,48.51,6.168
1022,2024-04-09,2.352,50.95,6.258
1022,2024-04-10,2.448,50.45,6.182
1022,2024-04-11,2.468,48.63,6.233
1022,2024-04-12,2.454,49.89,6.014
1022,2024-04-13,2.579,48.83,5.991
1022,2024-04-14,2.637,50.5,6.667
1022,2024-04-15,2.65,49.73,6.51
1022,2024-04-16,2.162,48.88,6.288
1022,2024-04-17,2.182,50.48,6.415
1022,2024-04-18,2.452,49.59,6.389
1022,2024-04-19,2.465,48.48,6.261
1022,2024-04-20,2.566,49.26,6.095
1022,2024-04-21,2.231,50.35,6.443
1022,2024-04-22,2.406,49.58,6.352
1022,2024-04-23,2.318,48.79,6.105
1022,2024-04-24,2.517,49.12,6.373
1022,2024-04-25,2.34,50.04,6.242
1022,2024-04-26,2.808,50.77,6.599
1022,2024-04-27,2.471,48.8,5.916
1022,2024-04-28,2.38,49.92,6.345
1022,2024-04-29,2.48,50.11,6.133
1022,2024-04-30,2.712,50.39,6.273
1022,2024-05-01,2.345,50.82,6.0
1022,2024-05-02,2.205,48.32,6.303
1022,2024-05-03,2.509,49.32,6.245
1022,2024-05-04,2.492,49.6,6.025
1022,2024-05-05,2.371,49.96,6.326
1022,2024-05-06,2.554,50.31,6.295
1022,2024-05-07,2.632,50.16,6.11
1022,2024-05-08,2.464,48.51,6.433
1022,2024-05-09,2.929,48.19,6.238
1022,2024-05-10,2.349,49.32,6.276
1022,2024-05-11,2.394,49.88,6.442
1022,2024-05-12,2.127,47.86,6.066
1022,2024-05-13,2.76,48.99,6.285
1022,2024-05-14,2.63,49.57,6.38
1022,2024-05-15,2.607,49.38,6.06
1022,2024-05-16,2.263,50.28,6.519
1022,2024-05-17,2.849,48.32,6.37
1022,2024-05-18,2.913,49.64,6.141
1022,2024-05-19,2.433,49.12,6.495
1022,2024-05-20,2.083,51.29,6.226
1022,2024-05-21,2.537,47.63,6.182
1022,2024-05-22,2.429,50.43,6.123
1022,2024-05-23,2.44,49.17,6.266
1022,2024-05-24,2.7,49.76,6.248
1022,2024-05-25,2.525,49.45,6.218
1022,2024-05-26,2.599,49.67,6.176
1022,2024-05-27,2.694,49.97,6.123
1022,2024-05-28,2.81,50.34,6.057
1022,2024-05-29,2.948,50.78,5.979
1022,2024-05-30,3.106,51.28,5.89
1022,2024-05-31,3.286,51.85,5.789
1022,2024-06-01,3.487,52.48,5.675
1022,2024-06-02,3.709,53.19,5.55
1022,2024-06-03,3.952,53.96,5.413
1022,2024-06-04,4.217,54.8,5.263
1022,2024-06-05,4.502,55.7,5.102
1022,2024-06-06,4.809,56.67,4.929
1022,2024-06-07,5.137,57.71,4.744
1022,2024-06-08,5.486,58.82,4.547
1022,2024-06-09,5.856,59.99,4.338
1022,2024-06-10,6.248,61.23,4.118
1022,2024-06-11,6.66,62.54,3.885
1022,2024-06-12,2.395,48.87,6.235
1022,2024-06-13,2.483,48.66,6.25
1022,2024-06-14,2.189,47.61,6.231
1022,2024-06-15,2.467,48.41,6.178
1022,2024-06-16,2.16,49.75,6.834
1022,2024-06-17,2.439,49.68,6.041
1022,2024-06-18,2.074,48.67,6.314
1022,2024-06-19,2.426,47.99,6.146
1022,2024-06-20,2.429,48.3,6.298
1022,2024-06-21,2.58,49.66,6.274
1022,2024-06-22,2.459,48.7,6.311
1022,2024-06-23,2.561,49.05,6.213
1022,2024-06-24,2.554,50.07,6.28
1022,2024-06-25,2.261,47.91,6.211
1022,2024-06-26,2.343,48.34,6.266
1022,2024-06-27,1.918,48.37,6.22
1022,2024-06-28,2.581,50.62,6.266
1022,2024-06-29,2.73,48.82,6.466
1022,2024-06-30,2.158,48.86,6.407
1022,2024-07-01,2.408,47.65,5.958
1022,2024-07-02,2.422,49.96,6.214
1022,2024-07-03,2.257,49.37,6.036
1022,2024-07-04,2.292,49.31,6.487
1022,2024-07-05,2.62,49.01,6.202
1022,2024-07-06,2.347,47.39,6.582
1022,2024-07-07,2.498,49.58,6.259
1022,2024-07-08,2.299,50.3,6.138
1022,2024-07-09,2.277,48.74,6.42
1022,2024-07-10,2.677,49.27,5.867
1022,2024-07-11,2.216,49.83,6.439
1022,2024-07-12,2.437,48.48,6.412
1022,2024-07-13,2.488,49.3,6.258
1022,2024-07-14,2.416,50.58,6.052
1022,2024-07-15,2.951,47.97,6.086
1022,2024-07-16,2.282,51.07,6.242
1022,2024-07-17,2.462,50.2,5.951
1022,2024-07-18,2.214,47.73,6.253
1022,2024-07-19,2.459,47.86,6.365
1022,2024-07-20,1.968,49.65,6.081
1022,2024-07-21,2.217,49.39,6.088
1022,2024-07-22,2.178,48.48,6.469
1022,2024-07-23,2.545,50.57,6.243
1022,2024-07-24,2.319,50.26,6.206
1022,2024-07-25,2.657,50.15,6.308
1022,2024-07-26,1.843,47.56,6.034
1022,2024-07-27,2.438,48.85,6.259
1022,2024-07-28,2.224,51.36,6.327
1022,2024-07-29,2.357,47.76,6.492
1022,2024-07-30,2.573,49.5,6.35
1022,2024-07-31,2.469,49.78,6.028
1022,2024-08-01,2.502,50.03,6.425
1022,2024-08-02,2.264,48.79,6.133
1022,2024-08-03,2.299,47.56,6.239
1022,2024-08-04,2.505,48.75,6.413
1022,2024-08-05,2.232,50.3,6.39
1022,2024-08-06,2.394,50.07,6.169
1022,2024-08-07,2.513,48.72,6.041
1022,2024-08-08,2.489,49.8,6.433
1022,2024-08-09,2.264,50.09,6.283
1022,2024-08-10,2.414,48.5,6.313
1022,2024-08-11,2.32,48.46,6.345
1022,2024-08-12,2.27,49.09,6.278
1022,2024-08-13,2.545,49.42,6.54
1022,2024-08-14,2.432,51.09,6.278
1022,2024-08-15,2.57,49.62,6.443
1022,2024-08-16,2.796,49.01,6.387
1022,2024-08-17,2.43,50.57,6.16
1022,2024-08-18,2.722,48.69,6.314
1022,2024-08-19,2.457,48.24,6.235
1022,2024-08-20,2.362,49.23,6.252
1022,2024-08-21,2.593,48.12,6.363
1022,2024-08-22,,,
1022,2024-08-23,2.361,49.56,6.134
1022,2024-08-24,2.609,48.13,6.478
1022,2024-08-25,2.345,48.25,6.231
1022,2024-08-26,2.471,49.32,6.506
1022,2024-08-27,2.583,50.43,6.323
1022,2024-08-28,2.294,49.29,6.405
1022,2024-08-29,2.394,48.88,6.273
1022,2024-08-30,2.334,47.78,6.073
1022,2024-08-31,2.128,48.7,6.261
1022,2024-09-01,2.372,49.24,6.262
1022,2024-09-02,2.429,50.17,6.228
1022,2024-09-03,2.44,50.19,5.984
1022,2024-09-04,2.474,50.09,6.262
1022,2024-09-05,2.529,49.41,6.203
1022,2024-09-06,2.607,49.63,6.181
1022,2024-09-07,2.707,49.9,6.207
1022,2024-09-08,2.83,50.24,6.179
1022,2024-09-09,2.974,50.65,6.14
1022,2024-09-10,3.141,51.11,6.106
1022,2024-09-11,3.33,51.63,6.063
1022,2024-09-12,3.541,52.22,6.013
1022,2024-09-13,3.775,52.87,5.959
1022,2024-09-14,4.031,53.58,5.9
1022,2024-09-15,4.309,54.35,5.835
1022,2024-09-16,4.609,55.18,5.765
1022,2024-09-17,4.931,56.08,5.69
1022,2024-09-18,5.276,57.03,5.61
1022,2024-09-19,5.643,58.05,5.525
1022,2024-09-20,6.032,59.13,5.435
1022,2024-09-21,6.444,60.27,5.339
1022,2024-09-22,6.877,61.48,5.238
1022,2024-09-23,2.548,49.69,6.149
1022,2024-09-24,2.614,50.0,6.081
1022,2024-09-25,2.696,50.38,5.996
1022,2024-09-26,2.792,50.83,5.897
1022,2024-09-27,2.903,51.35,5.782
1022,2024-09-28,3.029,51.94,5.652
1022,2024-09-29,3.169,52.6,5.507
1022,2024-09-30,3.325,53.33,5.346
1022,2024-10-01,3.495,54.12,5.17
1022,2024-10-02,3.68,54.99,4.979
1022,2024-10-03,3.88,55.93,4.772
1022,2024-10-04,4.098,56.93,4.551
1022,2024-10-05,4.345,58.01,4.313
1022,2024-10-06,4.609,59.15,4.061
1022,2024-10-07,4.889,60.36,3.793
1022,2024-10-08,5.187,61.65,3.51
1022,2024-10-09,5.502,63.0,3.212
1022,2024-10-10,5.834,62.75,2.914
1022,2024-10-11,2.445,51.52,6.36
1022,2024-10-12,2.281,48.11,6.354
1022,2024-10-13,2.981,49.86,6.335
1022,2024-10-14,2.336,51.49,6.356
1022,2024-10-15,2.241,49.61,6.497
1022,2024-10-16,2.399,49.61,6.473
1022,2024-10-17,2.621,49.57,6.227
1022,2024-10-18,2.382,47.65,6.13
1022,2024-10-19,2.104,50.0,6.222
1022,2024-10-20,2.613,50.36,6.239
1022,2024-10-21,2.379,49.3,6.453
1022,2024-10-22,2.603,48.35,6.12
1022,2024-10-23,2.299,49.79,6.134
1022,2024-10-24,2.487,50.57,6.332
1022,2024-10-25,2.698,49.45,6.178
1022,2024-10-26,2.567,48.45,6.233
1022,2024-10-27,2.661,49.46,6.167
1022,2024-10-28,2.39,48.44,6.497
1022,2024-10-29,2.534,47.52,6.304
1022,2024-10-30,2.464,49.77,6.151
1022,2024-10-31,2.314,48.42,6.369
1022,2024-11-01,2.645,47.43,6.346
1022,2024-11-02,2.492,49.51,6.426
1022,2024-11-03,2.143,49.13,6.246
1022,2024-11-04,2.195,49.34,6.298
1022,2024-11-05,2.635,49.96,6.132
1022,2024-11-06,2.503,48.8,6.351
1022,2024-11-07,2.311,49.42,6.085
1022,2024-11-08,2.581,49.64,6.31
1022,2024-11-09,2.346,49.98,6.445
1022,2024-11-10,2.379,48.31,6.412
1022,2024-11-11,2.528,48.46,6.041
1022,2024-11-12,2.583,50.19,6.288
1022,2024-11-13,2.82,51.03,6.291
1022,2024-11-14,2.735,49.46,6.276
1022,2024-11-15,2.495,49.42,6.362
1022,2024-11-16,2.309,47.49,6.511
1022,2024-11-17,2.522,50.45,6.361
1022,2024-11-18,2.46,49.49,6.477
1022,2024-11-19,2.797,48.53,6.112
1022,2024-11-20,2.619,49.79,6.451
1022,2024-11-21,2.322,48.73,6.461
1022,2024-11-22,2.253,48.98,6.129
1022,2024-11-23,,,
1022,2024-11-24,2.704,49.78,6.014
1022,2024-11-25,2.456,51.11,6.26
1022,2024-11-26,2.208,49.33,6.311
1022,2024-11-27,2.348,48.36,6.552
1022,2024-11-28,2.443,49.53,6.174
1022,2024-11-29,2.309,48.55,6.193
1022,2024-11-30,2.173,48.19,6.235
1022,2024-12-01,2.203,48.15,6.434
1022,2024-12-02,2.647,48.64,6.258
1022,2024-12-03,2.175,47.03,6.274
1022,2024-12-04,2.54,49.29,6.125
1022,2024-12-05,2.183,48.47,6.359
1022,2024-12-06,2.071,50.17,6.219
1022,2024-12-07,2.208,47.9,6.168
1022,2024-12-08,2.549,48.87,6.241
1022,2024-12-09,2.722,47.91,6.232
1022,2024-12-10,2.286,49.02,6.288
1022,2024-12-11,2.025,48.76,6.401
1022,2024-12-12,2.819,49.94,6.458
1022,2024-12-13,2.576,49.43,6.63
1022,2024-12-14,2.698,49.56,6.272
1022,2024-12-15,2.447,49.18,6.27
1022,2024-12-16,2.583,49.31,6.265
1022,2024-12-17,2.593,49.53,6.169
1022,2024-12-18,2.72,49.85,6.243
1022,2024-12-19,2.883,50.25,6.227
1022,2024-12-20,3.083,50.74,6.207
1022,2024-12-21,3.319,51.32,6.183
1022,2024-12-22,3.592,51.99,6.121
1022,2024-12-23,3.9,52.75,5.938
1022,2024-12-24,4.245,53.6,6.091
1022,2024-12-25,4.627,54.53,6.052
1022,2024-12-26,5.044,55.56,6.011
1022,2024-12-27,5.498,56.68,5.965
1022,2024-12-28,5.989,57.88,5.916
1022,2024-12-29,6.515,59.17,5.864
1022,2024-12-30,7.078,60.56,5.808
1022,2024-12-31,7.677,62.03,5.748
1022,2025-01-01,8.313,63.59,5.684
1022,2025-01-02,8.985,65.24,5.617
1022,2025-01-03,9.693,66.98,5.547
1022,2025-01-04,2.417,49.59,6.118
1022,2025-01-05,2.637,49.89,6.266
1022,2025-01-06,2.394,49.54,6.242
1022,2025-01-07,2.864,49.36,6.416
1022,2025-01-08,2.402,48.69,6.218
1022,2025-01-09,2.732,49.45,6.38
1022,2025-01-10,2.296,49.99,6.253
1022,2025-01-11,2.174,48.89,6.317
1022,2025-01-12,2.466,49.21,6.493
1022,2025-01-13,2.519,49.32,6.539
1022,2025-01-14,2.458,49.42,6.17
1022,2025-01-15,2.542,47.72,6.29
1022,2025-01-16,2.572,49.17,6.339
1022,2025-01-17,2.469,49.35,6.22
1022,2025-01-18,2.368,47.72,6.582
1022,2025-01-19,2.671,49.15,6.204
1022,2025-01-20,2.337,49.33,6.251
1022,2025-01-21,2.41,47.41,6.33
1022,2025-01-22,2.395,51.08,6.404
1022,2025-01-23,2.103,49.5,6.149
1022,2025-01-24,2.442,50.37,6.088
1022,2025-01-25,2.254,48.91,6.298
1022,2025-01-26,2.372,49.35,6.421
1022,2025-01-27,2.364,48.23,6.116
1022,2025-01-28,2.483,48.88,6.229
1022,2025-01-29,2.713,48.98,6.146
1022,2025-01-30,2.622,49.71,6.125
1022,2025-01-31,2.486,50.66,6.256
1022,2025-02-01,2.677,47.43,6.1
1022,2025-02-02,2.158,48.92,6.279
1022,2025-02-03,2.597,50.32,6.404
1022,2025-02-04,2.747,48.94,6.277
1022,2025-02-05,2.23,47.83,6.398
1022,2025-02-06,2.58,50.57,6.376
1022,2025-02-07,2.253,50.81,6.215
1022,2025-02-08,2.353,50.03,6.177
1022,2025-02-09,2.446,49.45,6.293
1022,2025-02-10,2.443,49.25,6.23
1022,2025-02-11,,,
1022,2025-02-12,2.136,49.92,6.067
1022,2025-02-13,2.327,50.16,6.514
1022,2025-02-14,2.574,47.99,6.396
1022,2025-02-15,2.426,50.43,6.655
1022,2025-02-16,2.486,48.81,6.293
1022,2025-02-17,2.041,49.47,6.363
1022,2025-02-18,2.277,49.06,6.369
1022,2025-02-19,2.744,49.56,5.913
1022,2025-02-20,2.734,49.32,6.215
1022,2025-02-21,2.432,50.72,6.488
1022,2025-02-22,2.156,48.72,6.316
1022,2025-02-23,2.388,49.58,6.415
1022,2025-02-24,2.666,50.21,6.317
1022,2025-02-25,2.432,50.47,6.345
1022,2025-02-26,2.591,47.59,6.221
1022,2025-02-27,2.163,50.72,6.208
1022,2025-02-28,2.492,50.32,6.032
1022,2025-03-01,2.544,50.01,6.012
1022,2025-03-02,2.327,48.62,6.451
1022,2025-03-03,2.295,47.35,6.166
1022,2025-03-04,2.691,49.27,6.181
1022,2025-03-05,2.397,49.55,6.345
1022,2025-03-06,2.376,47.51,6.4
1022,2025-03-07,2.366,48.93,6.312
1022,2025-03-08,2.438,48.92,6.376
1022,2025-03-09,2.182,49.1,6.34
1022,2025-03-10,2.341,50.46,6.146
1022,2025-03-11,,,
1022,2025-03-12,2.365,48.91,6.431
1022,2025-03-13,2.613,48.46,6.129
1022,2025-03-14,2.495,49.94,6.186
1022,2025-03-15,2.422,50.69,6.085
1022,2025-03-16,2.581,50.78,6.327
1022,2025-03-17,2.591,48.96,6.203
1022,2025-03-18,2.589,51.48,5.938
1022,2025-03-19,2.329,49.49,6.563
1022,2025-03-20,2.442,51.58,6.373
1022,2025-03-21,2.586,48.04,6.274
1022,2025-03-22,2.343,48.25,6.445
1022,2025-03-23,2.853,49.03,6.26
1022,2025-03-24,2.117,48.73,6.391
1022,2025-03-25,2.226,47.19,6.174
1022,2025-03-26,2.224,49.27,6.423
1022,2025-03-27,2.536,46.95,6.084
1022,2025-03-28,2.343,48.46,6.579
1022,2025-03-29,2.614,49.51,6.333
1022,2025-03-30,2.363,47.85,6.389
1022,2025-03-31,2.314,49.08,6.408
1022,2025-04-01,2.314,48.7,6.273
1022,2025-04-02,2.473,48.54,6.271
1022,2025-04-03,2.723,49.79,6.197
1022,2025-04-04,,,
1022,2025-04-05,2.497,50.18,6.304
1022,2025-04-06,2.307,47.76,6.342
1022,2025-04-07,2.366,49.62,6.206
1022,2025-04-08,2.545,48.71,6.173
1022,2025-04-09,2.587,49.22,6.411
1022,2025-04-10,2.272,48.13,6.027
1022,2025-04-11,2.31,48.7,6.541
1022,2025-04-12,2.72,48.79,6.196
1022,2025-04-13,2.16,49.07,6.326
1022,2025-04-14,,,
1022,2025-04-15,2.27,50.87,6.617
1022,2025-04-16,2.563,49.32,6.177
1022,2025-04-17,2.774,47.84,6.045
1022,2025-04-18,2.291,50.24,6.205
1022,2025-04-19,2.538,49.97,5.991
1022,2025-04-20,2.218,47.52,6.077
1022,2025-04-21,2.526,50.8,5.97
1022,2025-04-22,2.527,49.17,6.36
1022,2025-04-23,2.453,49.4,6.249
1022,2025-04-24,2.572,48.78,6.254
1022,2025-04-25,2.481,48.89,6.37
1022,2025-04-26,2.522,49.12,6.338
1022,2025-04-27,2.426,49.5,6.06
1022,2025-04-28,1.907,50.52,6.371
1022,2025-04-29,2.145,49.95,6.18
1022,2025-04-30,2.479,49.67,6.073
1022,2025-05-01,2.521,49.1,6.206
1022,2025-05-02,2.443,48.14,6.076
1022,2025-05-03,2.703,48.59,6.142
1022,2025-05-04,2.383,50.08,6.005
1022,2025-05-05,2.327,49.58,6.15
1022,2025-05-06,2.347,48.48,6.233
1022,2025-05-07,2.668,49.14,6.188
1022,2025-05-08,2.58,50.75,6.394
1022,2025-05-09,2.867,49.81,6.2
1022,2025-05-10,2.614,49.63,6.197
1022,2025-05-11,2.729,50.56,6.393
1022,2025-05-12,2.295,49.33,6.37
1022,2025-05-13,2.706,47.97,6.301
1022,2025-05-14,,,
1022,2025-05-15,2.502,48.89,6.149
1022,2025-05-16,2.466,49.85,6.046
1022,2025-05-17,2.494,48.96,6.312
1022,2025-05-18,2.434,48.92,6.426
1022,2025-05-19,2.402,49.14,6.443
1022,2025-05-20,2.284,48.49,6.618
1022,2025-05-21,2.445,48.24,6.278
1022,2025-05-22,2.695,47.65,6.305
1022,2025-05-23,2.6,49.74,6.296
1022,2025-05-24,2.301,49.23,6.332
1022,2025-05-25,2.786,48.94,6.079
1022,2025-05-26,2.41,49.63,6.155
1022,2025-05-27,2.124,49.53,6.28
1022,2025-05-28,2.226,46.97,6.186
1022,2025-05-29,2.032,48.83,6.396
1022,2025-05-30,2.587,47.19,6.081
1022,2025-05-31,2.452,50.8,6.514
1022,2025-06-01,2.358,48.06,6.06
1022,2025-06-02,2.475,50.45,6.251
1022,2025-06-03,2.453,48.45,5.976
1022,2025-06-04,2.778,48.66,6.312
1022,2025-06-05,2.273,48.15,6.36
1022,2025-06-06,2.442,47.24,6.292
1022,2025-06-07,2.401,50.48,6.116
1022,2025-06-08,2.737,47.5,6.413
1022,2025-06-09,2.234,48.74,6.222
1022,2025-06-10,2.486,48.62,6.101
1022,2025-06-11,,,
1022,2025-06-12,2.301,50.35,6.353
1022,2025-06-13,2.423,47.36,6.428
1022,2025-06-14,2.33,49.22,6.256
1022,2025-06-15,2.715,48.48,6.162
1022,2025-06-16,2.301,49.38,6.223
1022,2025-06-17,,,
1022,2025-06-18,2.383,48.42,6.335
1022,2025-06-19,2.182,50.41,6.189
1022,2025-06-20,2.464,49.26,6.227
1022,2025-06-21,2.215,48.88,6.284
1022,2025-06-22,2.231,49.02,6.364
1022,2025-06-23,2.582,48.74,6.467
1022,2025-06-24,2.562,49.63,6.346
1022,2025-06-25,2.802,49.29,6.094
1022,2025-06-26,2.426,48.81,6.455
1022,2025-06-27,2.387,48.57,6.595
1022,2025-06-28,2.301,47.18,6.29
1022,2025-06-29,2.64,48.1,6.245
1022,2025-06-30,2.328,49.28,6.085
1022,2025-07-01,2.409,49.28,6.219
1022,2025-07-02,2.474,48.42,6.097
1022,2025-07-03,2.073,50.67,6.44
1022,2025-07-04,,,
1022,2025-07-05,2.472,48.48,6.175
1022,2025-07-06,2.534,49.98,6.351
1022,2025-07-07,2.277,47.96,6.092
1022,2025-07-08,2.521,49.56,6.14
1022,2025-07-09,1.935,49.01,6.51
1022,2025-07-10,2.347,47.38,5.956
1022,2025-07-11,2.489,50.33,6.17
1022,2025-07-12,2.61,47.36,6.583
1022,2025-07-13,,,
1022,2025-07-14,2.572,49.0,6.027
1022,2025-07-15,2.416,50.12,6.146
1022,2025-07-16,2.573,50.06,6.025
1022,2025-07-17,2.767,49.38,6.35
1022,2025-07-18,2.499,46.09,6.159
1022,2025-07-19,2.62,48.02,6.183
1022,2025-07-20,2.667,51.68,6.076
1022,2025-07-21,2.218,49.87,6.4
1022,2025-07-22,2.363,48.23,5.817
1022,2025-07-23,2.452,50.33,6.003
1022,2025-07-24,2.216,50.47,6.325
1022,2025-07-25,2.386,49.04,6.05
1022,2025-07-26,2.706,49.63,6.43
1022,2025-07-27,2.481,50.06,6.239
1022,2025-07-28,2.418,51.07,6.396
1022,2025-07-29,2.367,48.38,6.267
1022,2025-07-30,2.518,49.46,6.289
1022,2025-07-31,2.419,47.7,6.233
1022,2025-08-01,2.234,49.95,6.321
1022,2025-08-02,2.52,48.78,6.004
1022,2025-08-03,2.162,46.85,6.033
1022,2025-08-04,2.251,50.0,6.367
1022,2025-08-05,2.672,50.13,6.429
1022,2025-08-06,2.433,51.08,6.277
1022,2025-08-07,2.568,49.47,6.099
1022,2025-08-08,2.403,47.47,6.199
1022,2025-08-09,2.162,47.7,6.399
1022,2025-08-10,2.437,50.47,6.34
1022,2025-08-11,2.088,49.24,6.089
1022,2025-08-12,2.909,47.97,6.485
1022,2025-08-13,2.148,48.91,6.006
1022,2025-08-14,2.537,48.63,6.155
1022,2025-08-15,2.396,50.4,5.937
1022,2025-08-16,2.185,50.01,6.307
1022,2025-08-17,2.608,48.08,6.579
1022,2025-08-18,2.385,49.53,6.245
1022,2025-08-19,2.248,50.24,6.198
1022,2025-08-20,1.951,48.62,6.2
1022,2025-08-21,2.373,49.02,6.235
1022,2025-08-22,,,
1022,2025-08-23,2.712,49.78,6.368
1022,2025-08-24,2.138,47.65,6.291
1022,2025-08-25,2.671,48.81,6.47
1022,2025-08-26,2.481,49.07,6.003
1022,2025-08-27,2.527,48.8,6.216
1022,2025-08-28,2.663,49.65,6.294
1022,2025-08-29,,,
1022,2025-08-30,2.3,49.78,6.518
1022,2025-08-31,2.797,50.25,6.261
1022,2025-09-01,2.364,50.27,6.076
1022,2025-09-02,2.376,51.74,6.246
1022,2025-09-03,2.175,48.63,6.413
1022,2025-09-04,2.418,50.4,6.506
1022,2025-09-05,2.6,48.41,6.291
1022,2025-09-06,2.8,48.54,6.39
1022,2025-09-07,2.59,49.13,6.272
1022,2025-09-08,2.44,49.73,6.246
1022,2025-09-09,2.47,49.22,5.974
1022,2025-09-10,2.624,49.32,6.204
1022,2025-09-11,2.593,49.47,6.105
1022,2025-09-12,2.685,49.65,6.084
1022,2025-09-13,2.798,51.17,6.002
1022,2025-09-14,2.931,50.15,5.904
1022,2025-09-15,3.085,50.47,5.791
1022,2025-09-16,3.259,50.82,5.664
1022,2025-09-17,3.454,51.22,5.521
1022,2025-09-18,3.669,51.65,5.363
1022,2025-09-19,3.905,52.13,5.19
1022,2025-09-20,4.161,52.65,5.003
1022,2025-09-21,4.438,53.22,4.8
1022,2025-09-22,4.735,53.82,4.582
1022,2025-09-23,5.052,54.47,4.349
1022,2025-09-24,5.391,55.15,4.101
1022,2025-09-25,5.749,55.88,3.838
1022,2025-09-26,6.128,56.65,3.561
1022,2025-09-27,6.528,57.46,3.268
1022,2025-09-28,2.376,48.75,6.321
1022,2025-09-29,2.552,50.71,6.285
1022,2025-09-30,2.307,49.02,6.116
1022,2025-10-01,2.462,47.0,6.251
1022,2025-10-02,2.437,50.73,6.488
1022,2025-10-03,2.547,49.98,6.479
1022,2025-10-04,2.216,48.52,6.162
1022,2025-10-05,2.919,48.68,6.26
1022,2025-10-06,2.149,50.46,6.489
1022,2025-10-07,2.731,49.2,6.416
1022,2025-10-08,2.468,50.22,6.18
1022,2025-10-09,2.455,49.97,6.418
1022,2025-10-10,2.663,48.88,6.255
1022,2025-10-11,2.293,48.89,6.262
1022,2025-10-12,2.163,50.02,6.15
1022,2025-10-13,2.662,51.31,6.365
1022,2025-10-14,2.844,49.39,6.339
1022,2025-10-15,2.966,47.79,6.408
1022,2025-10-16,2.576,49.44,6.342
1022,2025-10-17,1.946,47.85,6.245
1022,2025-10-18,2.55,49.16,6.136
1022,2025-10-19,2.624,49.53,6.157
1022,2025-10-20,2.521,48.73,6.34
1022,2025-10-21,2.596,48.59,6.199
1022,2025-10-22,2.647,48.6,6.327
1022,2025-10-23,2.586,49.59,6.034
1022,2025-10-24,2.42,49.74,6.262
1022,2025-10-25,2.181,49.09,6.262
1022,2025-10-26,2.321,48.79,6.198
1022,2025-10-27,2.585,47.52,6.204
1022,2025-10-28,2.695,47.06,6.15
1022,2025-10-29,2.736,48.85,6.017
1022,2025-10-30,2.547,49.91,6.542
1022,2025-10-31,2.258,47.33,6.227
1022,2025-11-01,2.576,49.34,6.365
1022,2025-11-02,,,
1022,2025-11-03,2.575,49.91,6.234
1022,2025-11-04,2.254,50.07,6.391
1022,2025-11-05,2.607,49.18,6.578
1022,2025-11-06,,,
1022,2025-11-07,2.337,49.34,6.224
1022,2025-11-08,2.55,47.84,6.141
1022,2025-11-09,2.568,48.88,6.229
1022,2025-11-10,2.387,49.2,6.443
1022,2025-11-11,2.49,50.17,6.272
1022,2025-11-12,2.45,49.33,6.154
1022,2025-11-13,2.51,49.4,6.263
1022,2025-11-14,2.611,49.5,6.258
1022,2025-11-15,,,
1022,2025-11-16,2.934,50.14,6.232
1022,2025-11-17,3.156,50.59,6.215
1022,2025-11-18,3.419,51.12,6.194
1022,2025-11-19,3.721,51.72,6.17
1022,2025-11-20,4.065,52.41,6.143
1022,2025-11-21,4.448,53.18,6.072
1022,2025-11-22,4.872,54.03,6.08
1022,2025-11-23,5.337,54.96,6.043
1022,2025-11-24,5.841,55.97,6.003
1022,2025-11-25,6.386,57.07,5.96
1022,2025-11-26,6.972,58.24,5.914
1022,2025-11-27,7.598,59.49,5.865
1022,2025-11-28,8.264,60.83,5.812
1022,2025-11-29,8.971,62.25,5.757
1022,2025-11-30,9.718,63.74,5.698
1022,2025-12-01,10.505,65.32,5.636
1022,2025-12-02,2.229,49.82,6.448
1022,2025-12-03,2.215,49.64,6.243
1022,2025-12-04,2.304,48.77,6.365
1022,2025-12-05,2.489,45.59,6.245
1022,2025-12-06,2.239,48.93,6.362
1022,2025-12-07,2.462,48.72,6.309
1022,2025-12-08,2.39,50.02,6.45
1022,2025-12-09,2.422,49.04,6.298
1022,2025-12-10,2.404,48.5,6.286
1022,2025-12-11,2.145,49.81,6.064
1022,2025-12-12,2.581,49.97,6.015
1022,2025-12-13,2.635,50.43,6.584
1022,2025-12-14,2.095,50.03,6.426
1022,2025-12-15,2.341,47.65,6.023
1022,2025-12-16,2.537,48.91,6.532
1022,2025-12-17,2.492,49.65,6.083
1022,2025-12-18,2.136,47.65,6.305
1022,2025-12-19,,,
1022,2025-12-20,2.3,48.16,6.571
1022,2025-12-21,2.708,49.56,6.537
1022,2025-12-22,2.593,48.04,6.326
1022,2025-12-23,2.745,50.23,6.262
1022,2025-12-24,2.299,49.69,6.218
1022,2025-12-25,2.575,50.37,6.133
1022,2025-12-26,2.311,49.08,6.147
1022,2025-12-27,2.583,49.8,6.061
1022,2025-12-28,2.424,48.1,6.346
1022,2025-12-29,2.245,48.44,6.272
1022,2025-12-30,2.313,49.48,6.121
1022,2025-12-31,2.412,49.25,6.503
1023,2024-01-01,2.587,49.39,6.806
1023,2024-01-02,2.385,48.65,6.941
1023,2024-01-03,2.608,46.97,6.965
1023,2024-01-04,,,
1023,2024-01-05,3.016,47.23,6.935
1023,2024-01-06,2.539,48.56,6.64
1023,2024-01-07,2.397,48.14,6.943
1023,2024-01-08,2.627,49.33,6.84
1023,2024-01-09,2.364,47.91,6.68
1023,2024-01-10,2.266,46.95,7.041
1023,2024-01-11,2.455,47.68,6.8
1023,2024-01-12,2.38,47.35,6.895
1023,2024-01-13,2.721,45.89,6.805
1023,2024-01-14,2.719,47.24,6.898
1023,2024-01-15,2.741,49.38,6.938
1023,2024-01-16,2.584,46.66,6.96
1023,2024-01-17,2.879,48.59,7.19
1023,2024-01-18,2.745,47.44,7.168
1023,2024-01-19,2.638,48.7,6.808
1023,2024-01-20,2.724,48.27,7.034
1023,2024-01-21,2.601,47.81,7.092
1023,2024-01-22,2.719,46.51,7.022
1023,2024-01-23,2.204,46.94,6.973
1023,2024-01-24,2.356,47.42,6.911
1023,2024-01-25,2.966,50.02,6.849
1023,2024-01-26,2.426,49.75,6.779
1023,2024-01-27,2.345,46.65,6.79
1023,2024-01-28,2.423,48.2,6.979
1023,2024-01-29,2.459,46.61,6.814
1023,2024-01-30,2.602,47.75,7.035
1023,2024-01-31,2.546,49.65,6.752
1023,2024-02-01,2.19,49.08,7.036
1023,2024-02-02,2.668,48.48,6.766
1023,2024-02-03,2.781,46.33,6.746
1023,2024-02-04,2.782,47.26,6.822
1023,2024-02-05,2.67,47.04,7.147
1023,2024-02-06,2.717,50.33,7.056
1023,2024-02-07,2.499,48.03,6.68
1023,2024-02-08,2.428,49.38,7.116
1023,2024-02-09,2.48,48.5,6.849
1023,2024-02-10,2.239,47.99,6.629
1023,2024-02-11,2.356,47.51,7.175
1023,2024-02-12,2.399,49.62,6.85
1023,2024-02-13,2.525,48.02,6.766
1023,2024-02-14,2.468,48.59,7.046
1023,2024-02-15,,,
1023,2024-02-16,2.616,47.37,6.67
1023,2024-02-17,2.278,48.82,7.011
1023,2024-02-18,2.368,47.25,6.754
1023,2024-02-19,2.107,48.3,6.703
1023,2024-02-20,2.667,47.15,6.861
1023,2024-02-21,2.638,46.21,6.906
1023,2024-02-22,2.648,49.21,6.816
1023,2024-02-23,2.425,49.03,6.737
1023,2024-02-24,2.274,48.26,6.879
1023,2024-02-25,2.376,46.46,7.082
1023,2024-02-26,2.619,46.94,6.836
1023,2024-02-27,2.602,48.46,7.077
1023,2024-02-28,2.698,46.68,6.808
1023,2024-02-29,2.386,51.1,6.92
1023,2024-03-01,2.615,47.1,6.916
1023,2024-03-02,2.876,47.64,6.749
1023,2024-03-03,2.063,49.41,7.137
1023,2024-03-04,,,
1023,2024-03-05,2.465,48.76,6.926
1023,2024-03-06,2.605,48.95,6.907
1023,2024-03-07,2.355,49.14,6.934
1023,2024-03-08,2.674,48.32,7.017
1023,2024-03-09,2.173,47.76,7.099
1023,2024-03-10,2.554,48.02,6.937
1023,2024-03-11,2.484,48.45,6.938
1023,2024-03-12,2.461,48.58,6.849
1023,2024-03-13,2.517,49.27,6.737
1023,2024-03-14,2.705,48.77,6.877
1023,2024-03-15,2.661,49.15,6.686
1023,2024-03-16,2.815,49.18,6.846
1023,2024-03-17,3.015,49.76,6.823
1023,2024-03-18,3.258,50.47,6.734
1023,2024-03-19,3.546,51.31,6.76
1023,2024-03-20,3.878,52.28,6.677
1023,2024-03-21,4.254,53.37,6.677
1023,2024-03-22,4.675,54.6,6.591
1023,2024-03-23,5.139,55.95,6.573
1023,2024-03-24,5.648,57.43,6.513
1023,2024-03-25,6.202,59.05,6.448
1023,2024-03-26,6.799,60.79,6.378
1023,2024-03-27,7.441,62.66,6.303
1023,2024-03-28,8.127,64.65,6.222
1023,2024-03-29,8.857,66.78,6.136
1023,2024-03-30,9.632,69.04,6.045
1023,2024-03-31,10.451,71.42,5.949
1023,2024-04-01,11.314,73.94,5.848
1023,2024-04-02,2.826,47.45,6.791
1023,2024-04-03,2.189,46.85,6.82
1023,2024-04-04,2.613,48.22,6.807
1023,2024-04-05,,,
1023,2024-04-06,2.611,49.02,6.821
1023,2024-04-07,2.553,47.21,6.739
1023,2024-04-08,2.477,48.32,6.977
1023,2024-04-09,2.691,45.32,6.787
1023,2024-04-10,2.406,47.8,6.677
1023,2024-04-11,2.531,48.04,7.074
1023,2024-04-12,2.112,48.18,7.041
1023,2024-04-13,2.7,47.61,6.649
1023,2024-04-14,2.49,48.15,6.856
1023,2024-04-15,2.097,48.2,6.755
1023,2024-04-16,2.714,48.22,7.058
1023,2024-04-17,2.342,49.55,6.85
1023,2024-04-18,2.572,47.83,6.958
1023,2024-04-19,2.526,49.01,6.687
1023,2024-04-20,2.434,49.55,6.941
1023,2024-04-21,2.684,49.19,7.28
1023,2024-04-22,2.242,48.72,7.113
1023,2024-04-23,2.508,48.69,7.076
1023,2024-04-24,2.901,49.46,7.116
1023,2024-04-25,2.587,49.52,6.852
1023,2024-04-26,2.552,47.64,6.976
1023,2024-04-27,2.18,48.09,6.935
1023,2024-04-28,2.438,49.71,6.831
1023,2024-04-29,2.454,48.63,6.889
1023,2024-04-30,2.443,47.02,7.126
1023,2024-05-01,2.418,48.36,7.05
1023,2024-05-02,2.442,48.98,6.874
1023,2024-05-03,2.388,48.72,7.04
1023,2024-05-04,2.215,48.28,7.228
1023,2024-05-05,2.317,48.05,6.798
1023,2024-05-06,2.444,47.91,6.862
1023,2024-05-07,2.351,47.06,6.808
1023,2024-05-08,2.53,48.7,7.161
1023,2024-05-09,2.687,48.56,6.811
1023,2024-05-10,2.444,47.48,6.855
1023,2024-05-11,2.292,47.44,6.691
1023,2024-05-12,2.196,47.49,6.853
1023,2024-05-13,2.742,47.87,6.956
1023,2024-05-14,2.387,49.97,6.786
1023,2024-05-15,2.246,48.33,6.775
1023,2024-05-16,2.461,48.74,6.777
1023,2024-05-17,2.478,48.26,6.882
1023,2024-05-18,2.523,48.34,6.866
1023,2024-05-19,2.533,48.37,6.84
1023,2024-05-20,2.589,48.53,6.682
1023,2024-05-21,2.66,49.29,6.755
1023,2024-05-22,2.748,49.02,6.661
1023,2024-05-23,2.852,49.33,6.628
1023,2024-05-24,2.971,49.69,6.549
1023,2024-05-25,3.106,50.1,6.459
1023,2024-05-26,3.258,50.55,6.358
1023,2024-05-27,3.425,51.06,6.247
1023,2024-05-28,3.608,51.61,6.126
1023,2024-05-29,3.807,52.21,5.993
1023,2024-05-30,4.022,52.86,5.851
1023,2024-05-31,4.253,53.56,5.697
1023,2024-06-01,4.5,54.3,5.533
1023,2024-06-02,4.763,55.1,5.359
1023,2024-06-03,5.041,55.94,5.174
1023,2024-06-04,5.336,56.83,4.978
1023,2024-06-05,5.647,57.76,4.771
1023,2024-06-06,2.45,48.81,7.084
1023,2024-06-07,2.409,49.2,6.854
1023,2024-06-08,2.515,49.6,6.937
1023,2024-06-09,2.209,48.66,6.882
1023,2024-06-10,2.565,47.9,7.172
1023,2024-06-11,2.511,48.01,7.132
1023,2024-06-12,2.491,47.46,7.179
1023,2024-06-13,2.57,51.14,6.975
1023,2024-06-14,2.017,49.24,6.962
1023,2024-06-15,2.072,49.06,7.013
1023,2024-06-16,2.077,46.93,6.675
1023,2024-06-17,2.727,47.04,7.048
1023,2024-06-18,2.266,48.51,6.859
1023,2024-06-19,2.442,48.93,6.963
1023,2024-06-20,2.801,48.95,6.815
1023,2024-06-21,2.078,49.78,6.948
1023,2024-06-22,2.216,48.88,7.135
1023,2024-06-23,2.435,48.07,6.972
1023,2024-06-24,2.555,48.18,6.691
1023,2024-06-25,2.692,49.08,6.838
1023,2024-06-26,2.245,49.51,6.939
1023,2024-06-27,2.568,49.66,6.975
1023,2024-06-28,2.214,48.97,6.87
1023,2024-06-29,2.402,50.46,6.827
1023,2024-06-30,2.366,47.81,7.007
1023,2024-07-01,2.354,48.67,6.891
1023,2024-07-02,2.647,47.54,6.876
1023,2024-07-03,2.559,48.04,6.981
1023,2024-07-04,2.461,50.08,6.887
1023,2024-07-05,2.546,48.17,6.813
1023,2024-07-06,2.669,48.23,6.728
1023,2024-07-07,2.553,48.32,6.796
1023,2024-07-08,2.625,48.47,6.725
1023,2024-07-09,2.716,48.91,6.634
1023,2024-07-10,2.828,48.85,6.522
1023,2024-07-11,,,
1023,2024-07-12,3.114,49.39,6.237
1023,2024-07-13,3.287,49.72,6.065
1023,2024-07-14,3.481,50.09,5.872
1023,2024-07-15,3.695,50.5,5.658
1023,2024-07-16,3.93,50.94,5.425
1023,2024-07-17,4.185,51.43,5.171
1023,2024-07-18,4.46,51.95,4.896
1023,2024-07-19,4.756,52.51,4.602
1023,2024-07-20,5.072,53.12,4.287
1023,2024-07-21,5.408,53.76,3.952
1023,2024-07-22,5.765,54.43,3.596
1023,2024-07-23,,,
1023,2024-07-24,6.54,55.91,2.824
1023,2024-07-25,2.545,46.96,6.997
1023,2024-07-26,2.809,48.78,6.785
1023,2024-07-27,2.477,51.07,7.014
1023,2024-07-28,2.521,49.47,6.7
1023,2024-07-29,2.153,48.83,7.003
1023,2024-07-30,2.604,47.93,6.982
1023,2024-07-31,2.517,50.38,7.085
1023,2024-08-01,2.491,48.16,6.788
1023,2024-08-02,2.356,48.35,7.114
1023,2024-08-03,2.636,46.56,6.65
1023,2024-08-04,2.598,48.48,7.044
1023,2024-08-05,2.609,48.74,7.023
1023,2024-08-06,2.287,46.49,6.93
1023,2024-08-07,2.71,48.48,7.146
1023,2024-08-08,2.59,48.69,6.992
1023,2024-08-09,2.853,48.56,6.591
1023,2024-08-10,2.234,46.96,7.022
1023,2024-08-11,2.466,47.81,7.027
1023,2024-08-12,2.427,49.52,6.934
1023,2024-08-13,2.584,48.89,6.906
1023,2024-08-14,2.563,46.9,6.822
1023,2024-08-15,2.37,48.49,7.011
1023,2024-08-16,2.453,46.37,6.936
1023,2024-08-17,2.095,48.79,6.775
1023,2024-08-18,2.69,49.49,6.95
1023,2024-08-19,,,
1023,2024-08-20,2.409,47.72,6.702
1023,2024-08-21,2.415,48.17,6.857
1023,2024-08-22,2.411,48.08,6.818
1023,2024-08-23,2.522,47.32,6.841
1023,2024-08-24,2.375,47.29,6.956
1023,2024-08-25,2.42,48.71,6.577
1023,2024-08-26,2.174,47.6,7.101
1023,2024-08-27,2.535,48.09,6.891
1023,2024-08-28,,,
1023,2024-08-29,2.446,47.6,6.67
1023,2024-08-30,2.316,47.16,6.871
1023,2024-08-31,2.458,47.74,6.797
1023,2024-09-01,2.715,49.17,7.03
1023,2024-09-02,2.385,49.55,6.974
1023,2024-09-03,2.356,50.18,6.846
1023,2024-09-04,2.472,46.57,6.774
1023,2024-09-05,2.648,46.94,6.956
1023,2024-09-06,2.557,49.02,6.825
1023,2024-09-07,2.443,48.79,6.761
1023,2024-09-08,2.264,47.5,7.103
1023,2024-09-09,2.641,48.86,6.939
1023,2024-09-10,2.546,48.25,7.105
1023,2024-09-11,2.088,46.68,6.947
1023,2024-09-12,2.798,48.67,6.937
1023,2024-09-13,2.691,48.43,6.919
1023,2024-09-14,2.616,48.23,6.873
1023,2024-09-15,2.597,48.49,6.838
1023,2024-09-16,,,
1023,2024-09-17,2.67,49.07,6.803
1023,2024-09-18,2.686,48.25,6.888
1023,2024-09-19,2.761,49.52,7.026
1023,2024-09-20,2.396,48.46,7.142
1023,2024-09-21,2.359,48.51,7.156
1023,2024-09-22,2.882,47.46,6.799
1023,2024-09-23,2.506,46.96,6.963
1023,2024-09-24,2.116,48.54,6.913
1023,2024-09-25,2.307,47.24,6.735
1023,2024-09-26,2.502,48.58,6.935
1023,2024-09-27,2.667,48.05,6.687
1023,2024-09-28,2.24,46.06,6.729
1023,2024-09-29,2.414,48.57,6.801
1023,2024-09-30,2.324,49.07,7.127
1023,2024-10-01,2.438,47.35,6.668
1023,2024-10-02,2.279,47.18,7.085
1023,2024-10-03,2.631,48.4,6.429
1023,2024-10-04,2.302,47.67,6.922
1023,2024-10-05,2.419,48.1,6.839
1023,2024-10-06,2.567,46.91,6.928
1023,2024-10-07,2.368,47.6,6.885
1023,2024-10-08,2.482,47.77,6.772
1023,2024-10-09,2.384,47.73,6.835
1023,2024-10-10,2.782,49.47,6.817
1023,2024-10-11,2.314,47.38,6.781
1023,2024-10-12,2.532,46.52,6.736
1023,2024-10-13,2.384,46.98,7.11
1023,2024-10-14,2.367,47.24,6.863
1023,2024-10-15,2.189,48.59,7.138
1023,2024-10-16,2.466,49.52,6.833
1023,2024-10-17,2.412,48.19,6.859
1023,2024-10-18,2.51,49.23,6.819
1023,2024-10-19,2.457,47.35,6.81
1023,2024-10-20,2.298,49.03,6.798
1023,2024-10-21,2.349,48.08,6.901
1023,2024-10-22,2.172,48.08,6.885
1023,2024-10-23,2.553,47.63,6.857
1023,2024-10-24,2.623,47.97,6.601
1023,2024-10-25,2.404,49.17,7.212
1023,2024-10-26,2.343,47.75,6.869
1023,2024-10-27,2.882,48.58,6.899
1023,2024-10-28,2.401,47.91,6.998
1023,2024-10-29,2.658,47.72,6.946
1023,2024-10-30,2.307,48.15,6.473
1023,2024-10-31,2.413,46.1,6.78
1023,2024-11-01,2.258,48.38,6.884
1023,2024-11-02,2.451,48.47,6.783
1023,2024-11-03,2.378,46.87,7.081
1023,2024-11-04,,,
1023,2024-11-05,2.521,48.27,6.691
1023,2024-11-06,2.257,47.04,6.93
1023,2024-11-07,2.851,48.18,7.087
1023,2024-11-08,2.313,48.9,6.876
1023,2024-11-09,2.528,48.87,6.637
1023,2024-11-10,2.66,48.24,6.966
1023,2024-11-11,2.576,49.79,6.82
1023,2024-11-12,2.354,49.1,6.625
1023,2024-11-13,2.338,47.55,6.78
1023,2024-11-14,2.387,48.26,6.851
1023,2024-11-15,1.935,49.75,6.87
1023,2024-11-16,2.623,48.74,6.995
1023,2024-11-17,2.762,48.02,6.947
1023,2024-11-18,,,
1023,2024-11-19,2.865,48.33,6.88
1023,2024-11-20,2.329,47.55,6.997
1023,2024-11-21,2.472,47.56,6.791
1023,2024-11-22,2.484,47.81,6.811
1023,2024-11-23,2.592,46.23,6.847
1023,2024-11-24,2.398,47.78,6.806
1023,2024-11-25,2.054,47.26,6.695
1023,2024-11-26,2.555,47.79,6.936
1023,2024-11-27,2.804,47.75,6.927
1023,2024-11-28,2.193,48.51,6.969
1023,2024-11-29,2.087,48.04,6.853
1023,2024-11-30,2.543,47.87,6.782
1023,2024-12-01,2.219,48.23,6.949
1023,2024-12-02,2.5,48.41,6.921
1023,2024-12-03,2.536,47.56,6.848
1023,2024-12-04,2.32,47.6,7.064
1023,2024-12-05,2.236,48.05,7.021
1023,2024-12-06,2.487,48.43,6.655
1023,2024-12-07,2.322,48.53,6.851
1023,2024-12-08,2.54,46.51,6.831
1023,2024-12-09,2.521,47.43,7.094
1023,2024-12-10,2.667,47.71,6.727
1023,2024-12-11,2.573,46.51,6.829
1023,2024-12-12,,,
1023,2024-12-13,2.053,48.95,7.185
1023,2024-12-14,2.318,47.18,6.655
1023,2024-12-15,2.923,47.47,6.691
1023,2024-12-16,2.558,49.17,6.705
1023,2024-12-17,2.321,47.57,6.623
1023,2024-12-18,2.397,47.79,6.662
1023,2024-12-19,2.833,48.18,6.768
1023,2024-12-20,2.584,47.98,6.752
1023,2024-12-21,2.511,48.61,6.857
1023,2024-12-22,2.408,48.44,6.782
1023,2024-12-23,2.434,46.87,6.64
1023,2024-12-24,2.854,48.78,6.955
1023,2024-12-25,2.201,48.3,6.972
1023,2024-12-26,2.529,49.52,6.716
1023,2024-12-27,2.063,48.7,7.09
1023,2024-12-28,2.733,47.58,6.742
1023,2024-12-29,2.563,49.24,6.926
1023,2024-12-30,2.597,47.83,6.707
1023,2024-12-31,,,
1023,2025-01-01,2.268,48.1,6.943
1023,2025-01-02,2.566,48.06,6.898
1023,2025-01-03,2.466,47.68,7.041
1023,2025-01-04,2.517,48.18,6.939
1023,2025-01-05,2.391,47.43,6.806
1023,2025-01-06,2.386,47.39,7.112
1023,2025-01-07,2.336,49.89,6.768
1023,2025-01-08,2.208,46.72,6.75
1023,2025-01-09,2.344,49.23,6.952
1023,2025-01-10,2.061,48.35,6.85
1023,2025-01-11,2.601,46.86,6.796
1023,2025-01-12,2.476,47.39,6.888
1023,2025-01-13,2.612,46.26,6.684
1023,2025-01-14,2.459,47.37,6.999
1023,2025-01-15,2.023,49.25,6.826
1023,2025-01-16,2.616,45.47,6.821
1023,2025-01-17,2.699,48.66,6.957
1023,2025-01-18,2.233,48.1,6.619
1023,2025-01-19,2.194,46.89,6.977
1023,2025-01-20,2.741,47.51,6.905
1023,2025-01-21,2.321,49.32,6.946
1023,2025-01-22,2.458,47.48,7.048
1023,2025-01-23,2.225,48.17,6.84
1023,2025-01-24,2.506,47.15,6.915
1023,2025-01-25,2.367,47.7,7.109
1023,2025-01-26,2.745,48.35,6.952
1023,2025-01-27,2.53,48.76,6.813
1023,2025-01-28,1.958,46.78,6.701
1023,2025-01-29,2.198,48.81,6.846
1023,2025-01-30,2.516,49.1,7.029
1023,2025-01-31,,,
1023,2025-02-01,2.165,48.72,6.989
1023,2025-02-02,2.443,47.32,7.009
1023,2025-02-03,2.662,48.71,6.84
1023,2025-02-04,2.561,48.32,6.579
1023,2025-02-05,2.218,48.0,6.693
1023,2025-02-06,2.554,48.98,7.075
1023,2025-02-07,2.673,49.02,6.743
1023,2025-02-08,2.344,48.33,7.002
1023,2025-02-09,2.186,47.98,6.98
1023,2025-02-10,2.688,49.0,6.796
1023,2025-02-11,2.635,48.08,6.674
1023,2025-02-12,2.401,50.47,7.077
1023,2025-02-13,2.335,45.68,6.866
1023,2025-02-14,2.644,49.14,7.067
1023,2025-02-15,2.524,49.48,6.847
1023,2025-02-16,2.655,48.16,6.715
1023,2025-02-17,2.453,46.35,6.859
1023,2025-02-18,2.251,48.77,6.895
1023,2025-02-19,2.389,48.15,6.88
1023,2025-02-20,2.639,48.77,7.058
1023,2025-02-21,2.461,49.49,6.934
1023,2025-02-22,2.347,48.1,6.799
1023,2025-02-23,2.36,47.9,6.754
1023,2025-02-24,2.721,48.82,6.731
1023,2025-02-25,2.606,47.65,7.066
1023,2025-02-26,2.538,47.62,6.877
1023,2025-02-27,2.362,48.33,7.057
1023,2025-02-28,2.074,48.35,6.966
1023,2025-03-01,2.555,49.05,7.014
1023,2025-03-02,2.013,49.4,7.013
1023,2025-03-03,2.691,48.34,6.763
1023,2025-03-04,2.763,47.44,6.716
1023,2025-03-05,2.634,50.2,6.769
1023,2025-03-06,2.354,50.4,6.747
1023,2025-03-07,2.555,49.16,6.846
1023,2025-03-08,2.329,46.7,6.767
1023,2025-03-09,2.29,46.57,6.828
1023,2025-03-10,2.41,48.36,7.153
1023,2025-03-11,2.543,46.71,6.819
1023,2025-03-12,3.049,48.89,6.978
1023,2025-03-13,2.521,48.5,6.701
1023,2025-03-14,2.57,48.88,6.708
1023,2025-03-15,2.239,48.28,7.246
1023,2025-03-16,2.53,47.91,7.066
1023,2025-03-17,2.641,47.02,6.935
1023,2025-03-18,2.652,46.36,6.809
1023,2025-03-19,2.542,49.74,6.731
1023,2025-03-20,2.322,48.99,6.805
1023,2025-03-21,2.826,46.32,7.199
1023,2025-03-22,2.565,48.42,6.765
1023,2025-03-23,2.832,47.75,6.733
1023,2025-03-24,2.599,48.77,6.817
1023,2025-03-25,2.729,48.63,6.862
1023,2025-03-26,2.151,49.97,6.87
1023,2025-03-27,,,
1023,2025-03-28,2.551,47.58,6.767
1023,2025-03-29,2.637,49.54,6.818
1023,2025-03-30,2.308,47.72,7.268
1023,2025-03-31,2.121,49.13,6.996
1023,2025-04-01,2.768,49.31,6.643
1023,2025-04-02,2.288,47.91,7.112
1023,2025-04-03,2.689,47.97,7.088
1023,2025-04-04,2.886,48.99,6.992
1023,2025-04-05,2.389,47.01,6.941
1023,2025-04-06,2.253,46.18,7.192
1023,2025-04-07,2.443,48.48,6.66
1023,2025-04-08,,,
1023,2025-04-09,2.179,47.83,6.76
1023,2025-04-10,2.533,49.15,7.095
1023,2025-04-11,2.23,49.18,6.743
1023,2025-04-12,2.182,49.98,7.007
1023,2025-04-13,2.218,48.66,6.672
1023,2025-04-14,2.398,48.44,7.096
1023,2025-04-15,2.194,47.31,6.833
1023,2025-04-16,2.481,47.4,6.734
1023,2025-04-17,2.225,45.22,6.732
1023,2025-04-18,2.237,49.66,6.79
1023,2025-04-19,2.141,47.58,6.843
1023,2025-04-20,2.562,47.44,6.897
1023,2025-04-21,2.302,46.78,6.705
1023,2025-04-22,,,
1023,2025-04-23,2.612,47.77,6.953
1023,2025-04-24,2.486,47.12,6.773
1023,2025-04-25,2.419,48.37,7.006
1023,2025-04-26,2.354,47.77,7.067
1023,2025-04-27,2.217,47.77,6.948
1023,2025-04-28,2.58,46.11,6.666
1023,2025-04-29,2.449,47.12,6.883
1023,2025-04-30,2.07,49.04,6.83
1023,2025-05-01,2.311,47.51,6.663
1023,2025-05-02,2.704,46.21,6.895
1023,2025-05-03,2.545,46.77,6.74
1023,2025-05-04,2.524,49.42,6.778
1023,2025-05-05,2.659,48.87,6.951
1023,2025-05-06,2.1,48.01,6.59
1023,2025-05-07,2.378,48.86,6.977
1023,2025-05-08,2.372,47.42,6.721
1023,2025-05-09,2.443,48.62,7.079
1023,2025-05-10,2.624,48.34,6.806
1023,2025-05-11,2.393,47.5,6.681
1023,2025-05-12,2.183,47.5,7.264
1023,2025-05-13,2.362,48.26,7.28
1023,2025-05-14,2.347,46.67,6.547
1023,2025-05-15,2.92,49.12,6.972
1023,2025-05-16,2.684,48.47,6.5
1023,2025-05-17,2.71,46.41,6.935
1023,2025-05-18,2.804,46.66,6.808
1023,2025-05-19,2.515,46.04,6.88
1023,2025-05-20,2.677,46.97,6.86
1023,2025-05-21,2.619,48.17,6.802
1023,2025-05-22,2.56,48.15,6.692
1023,2025-05-23,2.47,48.18,6.881
1023,2025-05-24,2.858,48.25,6.862
1023,2025-05-25,2.536,48.38,6.822
1023,2025-05-26,2.593,48.56,6.785
1023,2025-05-27,2.667,48.79,6.727
1023,2025-05-28,,,
1023,2025-05-29,2.865,49.4,6.572
1023,2025-05-30,2.989,49.79,6.476
1023,2025-05-31,3.129,50.22,6.367
1023,2025-06-01,3.285,50.71,6.244
1023,2025-06-02,3.458,51.25,6.109
1023,2025-06-03,3.648,51.83,5.961
1023,2025-06-04,3.854,52.47,5.801
1023,2025-06-05,4.076,53.16,5.627
1023,2025-06-06,4.315,53.91,5.44
1023,2025-06-07,4.57,54.7,5.241
1023,2025-06-08,4.842,55.54,5.029
1023,2025-06-09,5.131,56.44,4.804
1023,2025-06-10,5.435,57.39,4.566
1023,2025-06-11,5.757,58.38,4.315
1023,2025-06-12,2.261,48.22,6.994
1023,2025-06-13,2.271,48.68,6.927
1023,2025-06-14,2.519,48.23,6.967
1023,2025-06-15,2.129,46.27,6.73
1023,2025-06-16,2.773,48.33,6.993
1023,2025-06-17,2.666,46.88,6.895
1023,2025-06-18,2.665,46.88,6.739
1023,2025-06-19,2.375,49.42,7.017
1023,2025-06-20,2.557,48.02,6.527
1023,2025-06-21,2.824,47.84,6.853
1023,2025-06-22,,,
1023,2025-06-23,2.665,47.6,6.702
1023,2025-06-24,2.564,48.4,6.799
1023,2025-06-25,2.839,47.52,6.857
1023,2025-06-26,2.418,47.3,6.996
1023,2025-06-27,1.95,48.27,7.033
1023,2025-06-28,2.574,47.48,6.976
1023,2025-06-29,2.388,47.11,7.092
1023,2025-06-30,2.179,46.69,6.554
1023,2025-07-01,2.358,46.98,6.649
1023,2025-07-02,2.303,48.09,6.92
1023,2025-07-03,2.539,49.3,6.714
1023,2025-07-04,2.581,47.68,6.872
1023,2025-07-05,2.266,47.07,6.976
1023,2025-07-06,2.27,47.94,7.127
1023,2025-07-07,2.691,46.64,6.993
1023,2025-07-08,2.247,47.39,6.969
1023,2025-07-09,2.632,47.48,6.944
1023,2025-07-10,2.408,48.37,6.765
1023,2025-07-11,2.267,48.27,6.815
1023,2025-07-12,2.526,48.38,6.694
1023,2025-07-13,2.411,47.4,6.881
1023,2025-07-14,1.901,49.47,6.918
1023,2025-07-15,2.461,48.1,6.728
1023,2025-07-16,,,
1023,2025-07-17,2.253,48.22,6.763
1023,2025-07-18,1.881,47.44,7.128
1023,2025-07-19,2.734,48.66,6.889
1023,2025-07-20,2.49,47.41,6.77
1023,2025-07-21,2.297,48.14,7.002
1023,2025-07-22,2.575,49.77,7.106
1023,2025-07-23,2.48,49.19,6.919
1023,2025-07-24,2.398,48.82,6.882
1023,2025-07-25,2.291,47.82,6.732
1023,2025-07-26,2.422,47.46,6.733
1023,2025-07-27,2.531,47.73,6.669
1023,2025-07-28,2.636,48.83,6.845
1023,2025-07-29,2.391,49.01,7.161
1023,2025-07-30,2.469,48.4,6.846
1023,2025-07-31,2.584,49.05,6.652
1023,2025-08-01,2.643,47.07,6.927
1023,2025-08-02,2.562,49.13,6.885
1023,2025-08-03,2.376,45.98,7.043
1023,2025-08-04,2.515,47.06,6.971
1023,2025-08-05,2.462,47.45,6.628
1023,2025-08-06,2.712,47.52,6.913
1023,2025-08-07,2.292,48.11,6.905
1023,2025-08-08,2.584,51.09,6.751
1023,2025-08-09,2.518,47.73,7.076
1023,2025-08-10,2.434,49.87,6.893
1023,2025-08-11,2.525,47.36,6.802
1023,2025-08-12,2.361,49.38,6.858
1023,2025-08-13,2.206,47.45,6.993
1023,2025-08-14,2.815,48.98,7.068
1023,2025-08-15,2.714,48.36,6.961
1023,2025-08-16,2.444,48.85,6.89
1023,2025-08-17,2.786,48.12,6.969
1023,2025-08-18,2.666,46.66,6.736
1023,2025-08-19,2.31,47.23,6.862
1023,2025-08-20,2.585,48.15,6.812
1023,2025-08-21,2.472,48.89,6.817
1023,2025-08-22,2.367,47.63,7.198
1023,2025-08-23,2.41,47.81,6.998
1023,2025-08-24,2.525,48.83,6.886
1023,2025-08-25,2.594,47.25,6.596
1023,2025-08-26,2.528,48.26,7.03
1023,2025-08-27,2.433,48.11,6.902
1023,2025-08-28,2.215,48.84,6.796
1023,2025-08-29,2.344,46.37,6.799
1023,2025-08-30,2.586,47.77,6.928
1023,2025-08-31,2.44,49.64,6.586
1023,2025-09-01,2.414,46.42,6.713
1023,2025-09-02,2.379,47.86,6.968
1023,2025-09-03,2.476,47.82,6.797
1023,2025-09-04,2.248,47.33,6.783
1023,2025-09-05,2.373,47.36,6.743
1023,2025-09-06,2.17,47.18,7.106
1023,2025-09-07,2.817,49.96,6.778
1023,2025-09-08,2.534,48.23,6.908
1023,2025-09-09,2.336,48.67,6.997
1023,2025-09-10,2.483,47.5,6.811
1023,2025-09-11,2.618,46.59,6.767
1023,2025-09-12,2.883,49.03,7.215
1023,2025-09-13,2.656,48.9,6.978
1023,2025-09-14,2.237,47.21,7.017
1023,2025-09-15,2.557,46.97,6.801
1023,2025-09-16,2.696,49.63,7.305
1023,2025-09-17,2.514,48.73,6.991
1023,2025-09-18,2.149,48.0,6.735
1023,2025-09-19,2.2,48.81,6.644
1023,2025-09-20,2.927,49.87,7.062
1023,2025-09-21,2.547,48.99,6.719
1023,2025-09-22,2.27,49.25,7.083
1023,2025-09-23,2.224,48.94,6.62
1023,2025-09-24,2.105,48.03,6.804
1023,2025-09-25,2.348,47.41,7.113
1023,2025-09-26,2.314,49.99,6.824
1023,2025-09-27,2.293,45.83,6.989
1023,2025-09-28,2.794,47.5,6.876
1023,2025-09-29,2.838,48.43,7.056
1023,2025-09-30,2.384,47.48,6.9
1023,2025-10-01,2.011,48.05,6.885
1023,2025-10-02,2.159,48.15,7.049
1023,2025-10-03,2.55,48.36,6.849
1023,2025-10-04,2.738,48.78,6.954
1023,2025-10-05,2.223,49.53,7.277
1023,2025-10-06,2.372,50.13,6.874
1023,2025-10-07,2.435,48.73,7.072
1023,2025-10-08,2.661,48.37,6.808
1023,2025-10-09,2.525,48.45,6.765
1023,2025-10-10,2.424,47.63,6.862
1023,2025-10-11,2.241,47.7,7.042
1023,2025-10-12,2.621,48.25,7.068
1023,2025-10-13,2.524,48.88,6.979
1023,2025-10-14,2.239,49.22,6.831
1023,2025-10-15,2.119,47.59,6.974
1023,2025-10-16,2.887,48.65,6.882
1023,2025-10-17,2.078,48.5,7.169
1023,2025-10-18,2.533,50.13,6.994
1023,2025-10-19,2.306,49.22,6.924
1023,2025-10-20,,,
1023,2025-10-21,2.435,47.06,6.827
1023,2025-10-22,2.782,47.12,6.902
1023,2025-10-23,2.547,48.17,7.177
1023,2025-10-24,2.361,48.77,6.686
1023,2025-10-25,2.764,46.75,6.967
1023,2025-10-26,2.211,48.56,6.982
1023,2025-10-27,2.648,48.6,6.703
1023,2025-10-28,2.68,48.7,7.016
1023,2025-10-29,2.453,49.68,6.998
1023,2025-10-30,2.5,46.75,6.662
1023,2025-10-31,2.601,47.13,7.048
1023,2025-11-01,2.829,48.68,6.847
1023,2025-11-02,2.684,47.71,6.815
1023,2025-11-03,2.357,48.63,6.758
1023,2025-11-04,2.391,48.9,6.899
1023,2025-11-05,2.323,46.38,7.07
1023,2025-11-06,2.207,49.99,6.792
1023,2025-11-07,2.335,49.81,7.099
1023,2025-11-08,2.265,46.69,7.213
1023,2025-11-09,2.254,47.63,7.069
1023,2025-11-10,2.568,49.06,6.767
1023,2025-11-11,2.522,47.76,6.963
1023,2025-11-12,2.526,48.64,6.819
1023,2025-11-13,2.57,47.29,6.671
1023,2025-11-14,2.588,49.45,6.927
1023,2025-11-15,2.487,46.88,6.58
1023,2025-11-16,2.579,48.01,6.895
1023,2025-11-17,,,
1023,2025-11-18,2.465,46.77,6.647
1023,2025-11-19,2.413,48.41,6.829
1023,2025-11-20,2.658,48.39,6.787
1023,2025-11-21,2.457,48.83,7.075
1023,2025-11-22,2.237,46.69,7.069
1023,2025-11-23,2.717,49.5,7.211
1023,2025-11-24,2.38,47.33,6.92
1023,2025-11-25,2.6,47.38,6.835
1023,2025-11-26,2.6,47.64,6.892
1023,2025-11-27,2.595,48.79,7.055
1023,2025-11-28,2.639,47.88,6.882
1023,2025-11-29,2.298,47.91,7.082
1023,2025-11-30,2.204,48.65,6.843
1023,2025-12-01,,,
1023,2025-12-02,2.082,47.58,7.089
1023,2025-12-03,2.681,47.47,7.004
1023,2025-12-04,2.519,47.83,6.983
1023,2025-12-05,2.405,48.32,6.882
1023,2025-12-06,2.269,49.34,6.85
1023,2025-12-07,2.136,48.23,6.923
1023,2025-12-08,2.752,49.21,6.741
1023,2025-12-09,2.572,48.92,6.848
1023,2025-12-10,2.278,49.62,6.743
1023,2025-12-11,2.287,48.4,6.938
1023,2025-12-12,2.727,47.81,6.734
1023,2025-12-13,2.517,46.08,6.639
1023,2025-12-14,2.405,47.95,6.814
1023,2025-12-15,2.536,48.61,6.745
1023,2025-12-16,2.476,48.79,6.795
1023,2025-12-17,2.223,46.61,6.681
1023,2025-12-18,2.78,47.4,7.285
1023,2025-12-19,2.662,47.3,6.875
1023,2025-12-20,2.493,47.67,7.147
1023,2025-12-21,2.09,48.92,6.958
1023,2025-12-22,2.601,48.72,6.875
1023,2025-12-23,2.368,49.35,6.711
1023,2025-12-24,2.567,46.68,7.029
1023,2025-12-25,2.554,46.55,6.955
1023,2025-12-26,2.182,48.12,6.916
1023,2025-12-27,2.545,47.43,6.894
1023,2025-12-28,2.399,48.14,6.739
1023,2025-12-29,,,
1023,2025-12-30,2.595,48.95,6.907
1023,2025-12-31,2.42,49.22,6.967
1024,2024-01-01,2.198,47.35,6.13
1024,2024-01-02,1.927,48.99,5.783
1024,2024-01-03,2.659,48.54,6.236
1024,2024-01-04,2.214,48.52,5.82
1024,2024-01-05,2.341,49.48,5.965
1024,2024-01-06,2.173,49.67,6.212
1024,2024-01-07,2.377,47.94,5.92
1024,2024-01-08,2.058,48.59,6.128
1024,2024-01-09,2.5,48.65,6.129
1024,2024-01-10,2.392,49.24,5.905
1024,2024-01-11,2.172,46.94,6.219
1024,2024-01-12,,,
1024,2024-01-13,2.091,50.97,6.075
1024,2024-01-14,2.276,49.41,5.942
1024,2024-01-15,2.241,48.73,6.021
1024,2024-01-16,2.172,48.6,6.1
1024,2024-01-17,2.096,48.62,5.993
1024,2024-01-18,2.262,47.61,6.408
1024,2024-01-19,2.206,48.33,6.253
1024,2024-01-20,2.258,48.55,6.352
1024,2024-01-21,2.133,48.11,6.207
1024,2024-01-22,2.573,48.01,6.063
1024,2024-01-23,2.174,48.06,6.037
1024,2024-01-24,2.527,51.56,6.194
1024,2024-01-25,2.296,49.48,5.846
1024,2024-01-26,2.438,47.52,5.904
1024,2024-01-27,1.857,48.22,5.862
1024,2024-01-28,2.654,48.89,6.175
1024,2024-01-29,1.915,48.07,5.926
1024,2024-01-30,2.183,49.23,6.117
1024,2024-01-31,,,
1024,2024-02-01,2.48,46.38,5.975
1024,2024-02-02,2.44,49.74,6.037
1024,2024-02-03,2.071,48.7,6.106
1024,2024-02-04,2.408,47.32,6.178
1024,2024-02-05,2.454,47.93,6.158
1024,2024-02-06,2.159,46.17,5.81
1024,2024-02-07,2.217,47.37,6.024
1024,2024-02-08,2.236,50.3,6.29
1024,2024-02-09,2.268,47.54,6.371
1024,2024-02-10,2.394,46.55,6.167
1024,2024-02-11,2.418,49.0,6.234
1024,2024-02-12,2.155,50.0,6.199
1024,2024-02-13,2.285,50.16,5.875
1024,2024-02-14,2.33,47.18,5.919
1024,2024-02-15,2.278,47.89,6.045
1024,2024-02-16,1.964,48.43,5.993
1024,2024-02-17,2.036,49.17,6.119
1024,2024-02-18,2.125,47.69,5.984
1024,2024-02-19,2.185,49.3,5.772
1024,2024-02-20,2.411,49.78,5.908
1024,2024-02-21,2.085,48.48,5.874
1024,2024-02-22,2.747,49.15,6.437
1024,2024-02-23,,,
1024,2024-02-24,2.274,48.39,6.043
1024,2024-02-25,2.266,49.77,5.962
1024,2024-02-26,2.044,48.21,6.224
1024,2024-02-27,2.458,48.71,6.012
1024,2024-02-28,2.338,48.63,5.755
1024,2024-02-29,2.163,48.38,5.886
1024,2024-03-01,2.202,49.08,6.036
1024,2024-03-02,2.034,48.96,6.006
1024,2024-03-03,2.475,48.68,5.977
1024,2024-03-04,2.289,48.86,5.851
1024,2024-03-05,2.117,49.26,5.98
1024,2024-03-06,2.444,47.56,6.168
1024,2024-03-07,1.885,47.68,6.088
1024,2024-03-08,2.353,48.59,6.185
1024,2024-03-09,2.383,49.3,5.897
1024,2024-03-10,2.268,47.76,6.019
1024,2024-03-11,2.357,49.23,5.974
1024,2024-03-12,2.469,48.2,6.094
1024,2024-03-13,2.478,48.4,6.249
1024,2024-03-14,2.131,49.21,5.986
1024,2024-03-15,2.457,48.67,6.071
1024,2024-03-16,2.183,48.2,5.814
1024,2024-03-17,2.168,49.18,6.14
1024,2024-03-18,2.359,48.79,6.049
1024,2024-03-19,2.169,47.9,6.135
1024,2024-03-20,2.417,46.18,6.092
1024,2024-03-21,2.397,49.98,6.179
1024,2024-03-22,2.414,48.03,6.154
1024,2024-03-23,2.093,48.69,5.895
1024,2024-03-24,2.324,48.95,6.072
1024,2024-03-25,2.45,47.07,6.102
1024,2024-03-26,2.48,49.36,6.246
1024,2024-03-27,2.657,49.58,5.906
1024,2024-03-28,2.5,48.65,6.062
1024,2024-03-29,2.283,48.68,6.056
1024,2024-03-30,2.311,50.78,6.034
1024,2024-03-31,2.358,48.94,5.918
1024,2024-04-01,2.425,49.16,5.885
1024,2024-04-02,2.51,49.45,5.902
1024,2024-04-03,2.614,49.79,5.832
1024,2024-04-04,2.737,50.21,5.749
1024,2024-04-05,,,
1024,2024-04-06,3.04,51.22,5.545
1024,2024-04-07,3.22,51.83,5.423
1024,2024-04-08,3.419,52.49,5.289
1024,2024-04-09,3.637,53.22,5.142
1024,2024-04-10,3.873,54.02,4.983
1024,2024-04-11,4.129,54.88,4.81
1024,2024-04-12,4.404,55.8,4.625
1024,2024-04-13,4.697,56.78,4.427
1024,2024-04-14,5.01,57.83,4.216
1024,2024-04-15,5.341,58.94,3.993
1024,2024-04-16,5.692,60.12,3.756
1024,2024-04-17,6.061,61.35,3.507
1024,2024-04-18,2.468,49.4,6.06
1024,2024-04-19,2.267,47.95,5.882
1024,2024-04-20,2.009,49.27,6.166
1024,2024-04-21,2.011,48.28,5.775
1024,2024-04-22,2.122,48.93,6.268
1024,2024-04-23,2.05,49.04,6.111
1024,2024-04-24,2.324,48.14,6.234
1024,2024-04-25,1.85,48.78,6.257
1024,2024-04-26,2.536,48.12,5.689
1024,2024-04-27,2.474,49.22,5.959
1024,2024-04-28,1.837,48.71,6.189
1024,2024-04-29,2.033,51.0,6.239
1024,2024-04-30,2.29,48.2,5.83
1024,2024-05-01,2.402,48.44,5.951
1024,2024-05-02,2.47,47.18,6.209
1024,2024-05-03,2.269,47.32,5.987
1024,2024-05-04,2.299,48.22,6.08
1024,2024-05-05,2.054,49.09,6.059
1024,2024-05-06,2.372,46.88,6.199
1024,2024-05-07,2.105,47.59,6.154
1024,2024-05-08,2.208,49.93,6.155
1024,2024-05-09,2.132,50.28,6.106
1024,2024-05-10,2.31,48.51,6.03
1024,2024-05-11,2.589,49.47,6.303
1024,2024-05-12,2.387,47.55,5.96
1024,2024-05-13,2.063,50.54,5.832
1024,2024-05-14,2.508,48.79,5.859
1024,2024-05-15,2.487,49.86,6.25
1024,2024-05-16,2.02,48.74,5.861
1024,2024-05-17,2.153,48.41,6.185
1024,2024-05-18,2.474,46.98,5.831
1024,2024-05-19,2.157,48.29,6.092
1024,2024-05-20,2.21,51.62,6.068
1024,2024-05-21,2.509,49.38,5.965
1024,2024-05-22,2.455,49.56,6.068
1024,2024-05-23,2.542,48.83,6.336
1024,2024-05-24,2.106,48.95,6.202
1024,2024-05-25,2.644,49.86,6.319
1024,2024-05-26,1.812,48.04,6.201
1024,2024-05-27,2.349,48.07,6.25
1024,2024-05-28,2.335,49.24,6.203
1024,2024-05-29,2.121,49.21,6.001
1024,2024-05-30,1.981,48.5,6.146
1024,2024-05-31,2.256,49.2,6.29
1024,2024-06-01,,,
1024,2024-06-02,2.103,48.63,6.11
1024,2024-06-03,2.352,48.88,6.134
1024,2024-06-04,2.342,49.03,6.282
1024,2024-06-05,2.196,48.61,5.885
1024,2024-06-06,2.13,48.68,6.316
1024,2024-06-07,2.546,49.09,5.947
1024,2024-06-08,2.084,47.19,6.028
1024,2024-06-09,2.474,48.44,6.18
1024,2024-06-10,2.11,48.88,5.945
1024,2024-06-11,2.235,49.05,6.223
1024,2024-06-12,2.284,49.32,6.116
1024,2024-06-13,2.54,48.14,6.176
1024,2024-06-14,2.183,49.58,5.987
1024,2024-06-15,2.442,49.61,5.938
1024,2024-06-16,2.157,48.69,6.084
1024,2024-06-17,2.562,47.72,5.958
1024,2024-06-18,2.099,48.32,6.082
1024,2024-06-19,2.499,48.45,6.406
1024,2024-06-20,2.508,49.75,6.177
1024,2024-06-21,2.043,48.32,6.064
1024,2024-06-22,2.517,49.17,6.094
1024,2024-06-23,2.109,47.97,6.246
1024,2024-06-24,2.132,50.11,5.904
1024,2024-06-25,2.064,48.14,5.681
1024,2024-06-26,2.104,48.36,5.998
1024,2024-06-27,2.227,49.45,6.074
1024,2024-06-28,2.429,48.9,6.095
1024,2024-06-29,2.689,46.59,6.047
1024,2024-06-30,2.314,48.58,5.881
1024,2024-07-01,2.019,50.0,6.067
1024,2024-07-02,2.436,46.43,6.382
1024,2024-07-03,1.966,48.95,6.015
1024,2024-07-04,2.38,46.94,6.146
1024,2024-07-05,2.125,47.68,5.897
1024,2024-07-06,2.134,46.61,5.996
1024,2024-07-07,1.997,49.49,6.037
1024,2024-07-08,2.46,49.55,6.176
1024,2024-07-09,2.316,49.35,6.092
1024,2024-07-10,2.254,51.64,6.032
1024,2024-07-11,1.908,48.21,6.122
1024,2024-07-12,2.135,48.54,5.972
1024,2024-07-13,2.116,49.52,6.321
1024,2024-07-14,2.5,47.21,6.09
1024,2024-07-15,2.569,48.7,6.071
1024,2024-07-16,2.463,47.28,5.975
1024,2024-07-17,2.584,49.55,6.14
1024,2024-07-18,2.517,49.56,6.093
1024,2024-07-19,2.195,48.9,5.958
1024,2024-07-20,2.304,47.72,6.012
1024,2024-07-21,1.937,46.63,5.614
1024,2024-07-22,2.403,47.8,6.03
1024,2024-07-23,2.406,49.42,6.043
1024,2024-07-24,2.014,47.47,5.792
1024,2024-07-25,2.45,48.58,5.964
1024,2024-07-26,2.224,48.1,6.254
1024,2024-07-27,1.879,49.99,5.968
1024,2024-07-28,2.245,47.57,6.248
1024,2024-07-29,2.431,49.78,5.776
1024,2024-07-30,2.159,47.58,6.1
1024,2024-07-31,2.283,48.23,5.914
1024,2024-08-01,2.36,49.4,5.901
1024,2024-08-02,2.177,48.39,6.123
1024,2024-08-03,2.156,47.19,6.139
1024,2024-08-04,1.949,48.1,5.803
1024,2024-08-05,2.333,48.61,5.833
1024,2024-08-06,2.29,48.4,6.149
1024,2024-08-07,2.619,49.29,5.998
1024,2024-08-08,2.375,48.99,6.189
1024,2024-08-09,2.242,48.64,6.088
1024,2024-08-10,1.998,49.19,6.239
1024,2024-08-11,1.863,47.56,6.231
1024,2024-08-12,2.17,48.15,5.905
1024,2024-08-13,2.175,46.69,6.162
1024,2024-08-14,2.371,47.64,6.076
1024,2024-08-15,2.273,48.02,6.074
1024,2024-08-16,2.274,46.93,6.124
1024,2024-08-17,2.507,48.64,6.16
1024,2024-08-18,2.339,50.87,5.709
1024,2024-08-19,2.357,50.3,6.13
1024,2024-08-20,2.316,48.68,6.008
1024,2024-08-21,2.361,49.44,6.241
1024,2024-08-22,2.249,47.77,6.363
1024,2024-08-23,2.594,49.24,6.058
1024,2024-08-24,2.299,48.24,6.035
1024,2024-08-25,2.399,49.1,6.118
1024,2024-08-26,2.54,47.96,5.979
1024,2024-08-27,2.218,49.61,6.249
1024,2024-08-28,2.15,49.69,6.152
1024,2024-08-29,2.399,50.0,6.028
1024,2024-08-30,2.54,48.28,5.882
1024,2024-08-31,2.63,47.95,6.234
1024,2024-09-01,2.277,49.7,6.111
1024,2024-09-02,2.618,48.97,6.252
1024,2024-09-03,2.239,49.48,5.796
1024,2024-09-04,2.257,50.24,6.169
1024,2024-09-05,2.406,47.77,6.026
1024,2024-09-06,2.252,49.07,5.983
1024,2024-09-07,2.089,48.47,6.135
1024,2024-09-08,2.188,48.49,6.32
1024,2024-09-09,2.845,49.12,6.003
1024,2024-09-10,2.387,49.38,6.053
1024,2024-09-11,2.41,50.23,5.864
1024,2024-09-12,2.062,49.84,6.115
1024,2024-09-13,2.201,50.64,5.949
1024,2024-09-14,2.241,49.1,6.105
1024,2024-09-15,2.304,46.79,6.21
1024,2024-09-16,2.409,48.88,6.181
1024,2024-09-17,1.995,47.52,6.172
1024,2024-09-18,2.327,48.74,6.443
1024,2024-09-19,2.495,48.95,5.972
1024,2024-09-20,2.511,48.65,5.918
1024,2024-09-21,1.703,50.57,6.198
1024,2024-09-22,2.495,47.93,6.09
1024,2024-09-23,2.182,47.94,5.835
1024,2024-09-24,,,
1024,2024-09-25,2.562,49.19,6.347
1024,2024-09-26,2.596,49.6,5.819
1024,2024-09-27,2.187,48.74,6.091
1024,2024-09-28,2.268,49.0,5.911
1024,2024-09-29,2.133,49.5,6.269
1024,2024-09-30,2.171,49.01,6.193
1024,2024-10-01,2.189,49.12,6.107
1024,2024-10-02,1.902,48.16,6.208
1024,2024-10-03,2.221,46.5,5.908
1024,2024-10-04,2.566,48.42,6.091
1024,2024-10-05,2.109,49.33,6.001
1024,2024-10-06,2.171,47.64,5.889
1024,2024-10-07,2.226,48.02,6.338
1024,2024-10-08,2.217,50.0,5.972
1024,2024-10-09,2.234,49.45,5.973
1024,2024-10-10,2.346,49.14,5.94
1024,2024-10-11,2.377,48.52,6.168
1024,2024-10-12,2.32,48.17,5.994
1024,2024-10-13,2.366,48.84,6.158
1024,2024-10-14,2.42,46.96,6.031
1024,2024-10-15,2.525,48.15,5.941
1024,2024-10-16,2.207,50.45,5.851
1024,2024-10-17,2.028,49.44,5.871
1024,2024-10-18,2.504,47.66,5.626
1024,2024-10-19,2.065,49.14,5.957
1024,2024-10-20,2.097,49.45,6.153
1024,2024-10-21,2.362,48.18,6.172
1024,2024-10-22,2.077,49.14,6.197
1024,2024-10-23,2.161,47.33,5.922
1024,2024-10-24,2.402,48.19,5.821
1024,2024-10-25,2.315,48.07,6.087
1024,2024-10-26,2.52,50.06,6.007
1024,2024-10-27,2.363,48.45,6.143
1024,2024-10-28,2.01,48.12,6.049
1024,2024-10-29,2.525,48.02,6.108
1024,2024-10-30,2.426,48.65,5.925
1024,2024-10-31,1.924,50.41,6.126
1024,2024-11-01,2.144,49.3,5.898
1024,2024-11-02,2.23,48.56,6.339
1024,2024-11-03,2.628,48.65,6.023
1024,2024-11-04,2.262,49.9,6.022
1024,2024-11-05,2.291,46.79,5.914
1024,2024-11-06,2.463,45.65,5.923
1024,2024-11-07,2.323,48.28,6.101
1024,2024-11-08,2.205,47.81,6.277
1024,2024-11-09,2.334,48.41,6.081
1024,2024-11-10,2.326,48.99,6.032
1024,2024-11-11,2.404,46.96,5.944
1024,2024-11-12,2.202,49.58,6.019
1024,2024-11-13,2.305,48.54,6.334
1024,2024-11-14,2.413,47.24,5.938
1024,2024-11-15,2.053,48.84,6.077
1024,2024-11-16,2.006,48.23,6.041
1024,2024-11-17,2.596,49.35,6.135
1024,2024-11-18,1.728,46.84,5.971
1024,2024-11-19,2.427,47.31,5.813
1024,2024-11-20,2.039,50.92,5.967
1024,2024-11-21,,,
1024,2024-11-22,2.389,48.97,5.985
1024,2024-11-23,2.073,49.89,5.795
1024,2024-11-24,2.222,50.37,6.096
1024,2024-11-25,2.2,49.79,5.825
1024,2024-11-26,2.231,47.94,6.292
1024,2024-11-27,2.337,49.15,6.212
1024,2024-11-28,2.361,49.27,6.171
1024,2024-11-29,2.344,50.01,6.117
1024,2024-11-30,2.263,49.62,6.032
1024,2024-12-01,2.374,47.95,6.288
1024,2024-12-02,2.548,47.65,6.098
1024,2024-12-03,2.132,50.17,6.102
1024,2024-12-04,2.668,47.42,6.02
1024,2024-12-05,2.446,49.27,5.939
1024,2024-12-06,2.28,49.38,6.058
1024,2024-12-07,2.373,47.43,5.81
1024,2024-12-08,2.301,48.36,5.754
1024,2024-12-09,1.793,47.71,6.013
1024,2024-12-10,2.115,50.15,5.872
1024,2024-12-11,2.03,47.7,6.014
1024,2024-12-12,2.429,49.22,5.921
1024,2024-12-13,2.431,48.43,6.296
1024,2024-12-14,2.656,49.91,5.89
1024,2024-12-15,2.539,49.23,6.093
1024,2024-12-16,2.463,49.43,6.192
1024,2024-12-17,2.492,48.85,5.721
1024,2024-12-18,2.255,50.2,6.22
1024,2024-12-19,2.323,48.11,6.04
1024,2024-12-20,2.491,49.66,6.16
1024,2024-12-21,2.612,49.1,6.211
1024,2024-12-22,2.306,48.87,5.917
1024,2024-12-23,2.215,48.76,5.955
1024,2024-12-24,2.417,46.7,6.251
1024,2024-12-25,2.476,49.64,6.077
1024,2024-12-26,2.17,49.24,5.95
1024,2024-12-27,1.966,50.39,6.257
1024,2024-12-28,2.167,49.1,5.981
1024,2024-12-29,2.367,47.94,6.258
1024,2024-12-30,2.392,49.54,6.277
1024,2024-12-31,2.328,47.59,6.131
1024,2025-01-01,2.629,47.9,6.291
1024,2025-01-02,1.91,49.02,6.097
1024,2025-01-03,2.109,47.4,5.994
1024,2025-01-04,2.373,50.04,6.007
1024,2025-01-05,2.546,49.12,6.057
1024,2025-01-06,1.922,48.3,6.093
1024,2025-01-07,2.724,47.56,6.061
1024,2025-01-08,2.238,49.95,6.354
1024,2025-01-09,2.147,48.71,5.981
1024,2025-01-10,2.107,50.96,6.011
1024,2025-01-11,2.45,48.02,6.19
1024,2025-01-12,2.818,48.51,5.99
1024,2025-01-13,,,
1024,2025-01-14,2.622,47.61,6.234
1024,2025-01-15,2.201,48.67,5.928
1024,2025-01-16,2.433,48.58,5.946
1024,2025-01-17,2.457,50.97,6.048
1024,2025-01-18,2.278,48.4,6.104
1024,2025-01-19,2.046,49.28,5.977
1024,2025-01-20,2.228,48.83,5.934
1024,2025-01-21,1.936,47.52,5.797
1024,2025-01-22,,,
1024,2025-01-23,2.63,50.58,6.173
1024,2025-01-24,2.354,49.5,6.119
1024,2025-01-25,2.166,49.64,6.009
1024,2025-01-26,2.093,47.75,6.31
1024,2025-01-27,2.15,50.21,5.97
1024,2025-01-28,1.858,48.68,6.164
1024,2025-01-29,2.271,47.76,6.12
1024,2025-01-30,2.151,48.02,6.022
1024,2025-01-31,2.264,48.61,6.275
1024,2025-02-01,2.329,48.99,6.117
1024,2025-02-02,2.085,49.03,6.09
1024,2025-02-03,2.575,50.05,6.071
1024,2025-02-04,2.223,49.43,6.218
1024,2025-02-05,1.875,47.37,6.195
1024,2025-02-06,2.468,49.42,6.171
1024,2025-02-07,2.224,46.17,6.106
1024,2025-02-08,1.968,49.04,6.323
1024,2025-02-09,2.398,48.64,6.173
1024,2025-02-10,2.249,47.87,5.955
1024,2025-02-11,2.34,49.91,6.005
1024,2025-02-12,1.962,48.76,6.209
1024,2025-02-13,2.141,48.87,6.043
1024,2025-02-14,2.206,47.87,6.184
1024,2025-02-15,,,
1024,2025-02-16,2.283,48.01,5.881
1024,2025-02-17,2.361,47.45,6.234
1024,2025-02-18,2.38,48.37,6.208
1024,2025-02-19,2.455,49.51,6.063
1024,2025-02-20,2.267,48.19,6.174
1024,2025-02-21,2.162,50.6,6.042
1024,2025-02-22,2.143,48.43,6.252
1024,2025-02-23,2.118,49.75,5.895
1024,2025-02-24,2.202,49.34,6.088
1024,2025-02-25,2.505,50.01,5.99
1024,2025-02-26,2.144,48.23,6.008
1024,2025-02-27,2.602,49.53,6.32
1024,2025-02-28,2.176,49.96,6.249
1024,2025-03-01,2.125,47.7,6.061
1024,2025-03-02,2.201,48.01,5.992
1024,2025-03-03,2.06,46.94,6.195
1024,2025-03-04,1.966,48.33,5.926
1024,2025-03-05,2.032,47.74,5.952
1024,2025-03-06,2.466,49.81,5.932
1024,2025-03-07,2.488,47.01,6.104
1024,2025-03-08,1.842,47.59,6.075
1024,2025-03-09,2.445,46.86,5.881
1024,2025-03-10,2.245,47.2,5.972
1024,2025-03-11,2.264,49.39,6.081
1024,2025-03-12,2.434,47.78,6.084
1024,2025-03-13,2.451,48.17,6.186
1024,2025-03-14,2.464,50.0,6.06
1024,2025-03-15,2.31,49.51,6.094
1024,2025-03-16,2.018,49.06,6.002
1024,2025-03-17,2.467,49.1,6.041
1024,2025-03-18,1.91,48.77,6.272
1024,2025-03-19,2.376,50.98,6.136
1024,2025-03-20,2.106,49.67,6.168
1024,2025-03-21,1.941,49.31,5.984
1024,2025-03-22,2.344,49.75,5.808
1024,2025-03-23,2.231,50.02,5.938
1024,2025-03-24,2.049,49.11,6.026
1024,2025-03-25,2.336,48.82,6.225
1024,2025-03-26,2.135,47.99,6.099
1024,2025-03-27,2.343,49.31,6.014
1024,2025-03-28,2.033,48.14,6.086
1024,2025-03-29,2.343,50.46,6.128
1024,2025-03-30,2.369,48.55,6.123
1024,2025-03-31,2.032,48.78,6.213
1024,2025-04-01,2.535,48.69,6.115
1024,2025-04-02,1.971,47.07,5.949
1024,2025-04-03,2.367,47.26,5.863
1024,2025-04-04,2.11,49.71,5.926
1024,2025-04-05,2.142,49.17,6.202
1024,2025-04-06,2.043,49.34,6.29
1024,2025-04-07,2.234,47.18,5.985
1024,2025-04-08,2.216,49.04,6.324
1024,2025-04-09,2.105,48.09,6.111
1024,2025-04-10,2.347,49.6,6.07
1024,2025-04-11,2.373,48.5,6.098
1024,2025-04-12,2.221,48.32,6.142
1024,2025-04-13,2.356,48.36,5.99
1024,2025-04-14,1.999,49.22,6.077
1024,2025-04-15,2.317,49.48,6.051
1024,2025-04-16,2.291,47.08,5.694
1024,2025-04-17,2.803,48.21,6.022
1024,2025-04-18,2.086,47.61,6.289
1024,2025-04-19,2.348,47.69,6.177
1024,2025-04-20,2.164,49.24,5.985
1024,2025-04-21,2.478,48.31,6.088
1024,2025-04-22,2.356,45.96,6.159
1024,2025-04-23,2.419,48.79,6.0
1024,2025-04-24,2.356,49.22,6.161
1024,2025-04-25,1.935,51.38,6.034
1024,2025-04-26,2.151,48.56,5.88
1024,2025-04-27,2.231,48.71,6.049
1024,2025-04-28,2.144,51.54,5.777
1024,2025-04-29,2.15,49.49,6.01
1024,2025-04-30,2.775,48.37,5.88
1024,2025-05-01,2.115,49.65,6.223
1024,2025-05-02,2.452,48.6,5.802
1024,2025-05-03,2.283,48.36,6.084
1024,2025-05-04,2.249,47.52,6.175
1024,2025-05-05,2.576,50.74,6.154
1024,2025-05-06,2.275,49.35,5.879
1024,2025-05-07,2.027,48.48,5.834
1024,2025-05-08,2.304,47.38,6.208
1024,2025-05-09,2.131,48.06,6.01
1024,2025-05-10,2.602,45.42,5.996
1024,2025-05-11,2.383,50.51,6.095
1024,2025-05-12,2.256,47.63,6.02
1024,2025-05-13,2.361,48.88,6.037
1024,2025-05-14,2.47,49.2,5.991
1024,2025-05-15,2.098,49.51,6.016
1024,2025-05-16,2.265,48.6,5.704
1024,2025-05-17,2.195,48.09,5.971
1024,2025-05-18,2.329,49.93,6.107
1024,2025-05-19,2.24,50.42,5.948
1024,2025-05-20,2.542,47.75,6.0
1024,2025-05-21,2.093,49.21,6.188
1024,2025-05-22,2.473,49.27,5.943
1024,2025-05-23,2.191,48.17,6.171
1024,2025-05-24,2.08,49.22,6.187
1024,2025-05-25,2.271,49.15,6.18
1024,2025-05-26,2.345,47.87,6.158
1024,2025-05-27,2.181,48.69,5.929
1024,2025-05-28,2.038,48.52,5.901
1024,2025-05-29,2.144,48.39,6.203
1024,2025-05-30,2.509,49.26,6.087
1024,2025-05-31,2.372,49.44,6.373
1024,2025-06-01,1.676,50.42,6.243
1024,2025-06-02,2.1,46.61,6.154
1024,2025-06-03,2.266,47.73,6.096
1024,2025-06-04,2.223,48.33,6.051
1024,2025-06-05,2.419,48.94,6.09
1024,2025-06-06,2.302,49.71,6.026
1024,2025-06-07,2.129,46.71,6.059
1024,2025-06-08,2.227,48.8,6.15
1024,2025-06-09,2.108,46.64,6.126
1024,2025-06-10,2.537,50.09,6.107
1024,2025-06-11,2.312,48.85,5.863
1024,2025-06-12,2.146,48.19,5.86
1024,2025-06-13,2.077,47.76,5.934
1024,2025-06-14,2.202,48.08,5.787
1024,2025-06-15,2.336,48.65,5.898
1024,2025-06-16,2.354,48.62,5.962
1024,2025-06-17,2.266,47.78,5.85
1024,2025-06-18,2.598,48.32,5.98
1024,2025-06-19,2.197,49.87,5.964
1024,2025-06-20,2.545,49.79,5.83
1024,2025-06-21,2.659,48.17,6.047
1024,2025-06-22,,,
1024,2025-06-23,2.058,47.95,6.07
1024,2025-06-24,2.412,50.33,5.865
1024,2025-06-25,2.051,50.2,5.971
1024,2025-06-26,2.25,47.73,6.158
1024,2025-06-27,2.152,48.59,5.918
1024,2025-06-28,2.254,49.66,6.146
1024,2025-06-29,2.52,48.63,6.309
1024,2025-06-30,2.202,48.58,6.207
1024,2025-07-01,2.689,47.02,5.871
1024,2025-07-02,2.273,48.88,6.241
1024,2025-07-03,2.068,49.73,6.307
1024,2025-07-04,2.326,48.4,6.113
1024,2025-07-05,2.073,47.57,6.309
1024,2025-07-06,2.282,49.19,6.299
1024,2025-07-07,2.69,49.48,5.828
1024,2025-07-08,2.627,48.04,6.15
1024,2025-07-09,2.039,47.08,6.137
1024,2025-07-10,2.079,48.9,6.028
1024,2025-07-11,2.042,47.53,6.023
1024,2025-07-12,2.244,49.52,6.156
1024,2025-07-13,2.207,49.18,6.451
1024,2025-07-14,2.335,48.4,6.042
1024,2025-07-15,1.985,48.85,6.231
1024,2025-07-16,2.241,47.45,5.956
1024,2025-07-17,2.084,48.24,6.164
1024,2025-07-18,2.033,46.98,6.19
1024,2025-07-19,2.451,49.8,5.887
1024,2025-07-20,2.145,47.54,5.893
1024,2025-07-21,2.636,47.79,6.221
1024,2025-07-22,2.026,47.3,6.165
1024,2025-07-23,2.347,48.64,6.193
1024,2025-07-24,2.337,49.98,6.324
1024,2025-07-25,2.59,49.03,6.056
1024,2025-07-26,2.764,48.53,6.256
1024,2025-07-27,2.754,48.92,6.103
1024,2025-07-28,2.499,50.43,5.986
1024,2025-07-29,2.476,47.91,6.029
1024,2025-07-30,2.484,48.29,6.175
1024,2025-07-31,,,
1024,2025-08-01,2.08,49.26,6.024
1024,2025-08-02,1.897,48.23,6.335
1024,2025-08-03,2.086,48.55,6.037
1024,2025-08-04,2.043,48.9,6.178
1024,2025-08-05,2.397,49.55,6.216
1024,2025-08-06,2.435,49.89,6.05
1024,2025-08-07,,,
1024,2025-08-08,2.137,48.03,5.978
1024,2025-08-09,2.424,48.11,5.919
1024,2025-08-10,2.487,49.06,6.189
1024,2025-08-11,2.351,48.55,6.224
1024,2025-08-12,2.459,49.16,5.998
1024,2025-08-13,2.089,49.44,6.285
1024,2025-08-14,2.119,47.31,6.1
1024,2025-08-15,,,
1024,2025-08-16,2.149,48.24,5.953
1024,2025-08-17,2.566,49.06,6.178
1024,2025-08-18,2.777,48.58,5.777
1024,2025-08-19,2.314,48.32,6.158
1024,2025-08-20,2.493,49.19,6.153
1024,2025-08-21,2.352,49.73,6.252
1024,2025-08-22,2.331,48.17,5.859
1024,2025-08-23,2.238,49.07,6.23
1024,2025-08-24,2.486,49.85,6.238
1024,2025-08-25,2.34,48.12,5.94
1024,2025-08-26,2.329,49.45,6.153
1024,2025-08-27,1.909,49.33,6.092
1024,2025-08-28,2.221,47.36,5.873
1024,2025-08-29,2.225,47.52,6.147
1024,2025-08-30,2.186,48.09,6.057
1024,2025-08-31,2.048,48.1,5.861
1024,2025-09-01,2.215,50.03,6.122
1024,2025-09-02,2.583,47.57,6.057
1024,2025-09-03,2.28,49.97,6.161
1024,2025-09-04,1.972,47.68,6.133
1024,2025-09-05,1.98,47.22,6.001
1024,2025-09-06,2.31,48.12,5.912
1024,2025-09-07,2.399,47.69,6.239
1024,2025-09-08,2.34,48.41,6.264
1024,2025-09-09,2.4,48.86,5.95
1024,2025-09-10,2.219,47.41,6.18
1024,2025-09-11,2.431,48.24,6.117
1024,2025-09-12,2.361,49.65,6.074
1024,2025-09-13,1.932,47.93,6.177
1024,2025-09-14,2.552,50.62,6.057
1024,2025-09-15,2.409,48.48,6.446
1024,2025-09-16,2.018,47.68,5.984
1024,2025-09-17,2.301,50.42,6.119
1024,2025-09-18,2.316,47.63,5.81
1024,2025-09-19,2.097,49.37,6.124
1024,2025-09-20,2.188,49.77,5.944
1024,2025-09-21,2.484,49.92,5.671
1024,2025-09-22,2.182,48.45,6.032
1024,2025-09-23,2.287,47.2,6.149
1024,2025-09-24,2.23,49.49,5.969
1024,2025-09-25,2.163,48.65,6.082
1024,2025-09-26,2.235,47.19,6.008
1024,2025-09-27,2.385,48.92,6.081
1024,2025-09-28,2.31,47.74,5.745
1024,2025-09-29,2.119,48.93,6.128
1024,2025-09-30,2.46,48.43,5.896
1024,2025-10-01,2.222,49.48,6.062
1024,2025-10-02,2.013,49.01,6.057
1024,2025-10-03,2.368,47.74,6.026
1024,2025-10-04,2.526,49.61,6.172
1024,2025-10-05,2.283,49.55,5.923
1024,2025-10-06,,,
1024,2025-10-07,2.463,49.25,6.401
1024,2025-10-08,2.262,48.83,6.271
1024,2025-10-09,2.448,49.21,6.151
1024,2025-10-10,2.182,48.5,6.125
1024,2025-10-11,2.354,49.33,6.224
1024,2025-10-12,2.05,48.52,6.0
1024,2025-10-13,2.283,50.01,5.893
1024,2025-10-14,2.326,48.48,6.039
1024,2025-10-15,2.499,47.58,5.945
1024,2025-10-16,2.257,48.1,6.131
1024,2025-10-17,2.257,50.67,5.882
1024,2025-10-18,2.776,49.86,6.059
1024,2025-10-19,2.262,47.56,6.058
1024,2025-10-20,2.353,48.68,6.225
1024,2025-10-21,2.311,48.53,6.13
1024,2025-10-22,1.949,51.0,6.045
1024,2025-10-23,2.229,48.94,5.945
1024,2025-10-24,2.449,48.8,6.341
1024,2025-10-25,2.548,49.03,6.075
1024,2025-10-26,2.275,47.05,6.117
1024,2025-10-27,2.468,48.54,6.065
1024,2025-10-28,2.047,48.33,6.093
1024,2025-10-29,2.226,48.35,5.991
1024,2025-10-30,2.388,47.21,6.258
1024,2025-10-31,2.201,49.29,6.289
1024,2025-11-01,2.226,49.31,6.057
1024,2025-11-02,2.122,48.42,6.228
1024,2025-11-03,2.557,49.23,6.066
1024,2025-11-04,2.306,49.56,5.961
1024,2025-11-05,2.321,49.42,6.112
1024,2025-11-06,2.445,48.57,6.318
1024,2025-11-07,2.127,46.7,6.171
1024,2025-11-08,2.46,46.69,5.899
1024,2025-11-09,1.994,48.64,6.236
1024,2025-11-10,2.188,47.67,6.18
1024,2025-11-11,2.456,49.15,6.116
1024,2025-11-12,1.875,47.46,6.208
1024,2025-11-13,1.959,48.71,5.97
1024,2025-11-14,2.23,49.83,6.115
1024,2025-11-15,2.457,48.63,6.168
1024,2025-11-16,2.418,46.9,6.003
1024,2025-11-17,2.413,47.75,5.951
1024,2025-11-18,2.12,49.48,6.161
1024,2025-11-19,2.219,48.52,6.393
1024,2025-11-20,2.263,46.57,5.807
1024,2025-11-21,2.42,49.08,6.026
1024,2025-11-22,2.311,47.71,5.82
1024,2025-11-23,2.19,49.82,6.031
1024,2025-11-24,2.115,49.47,5.867
1024,2025-11-25,2.361,49.94,6.053
1024,2025-11-26,2.301,48.75,5.903
1024,2025-11-27,2.117,48.51,5.985
1024,2025-11-28,2.325,47.4,5.903
1024,2025-11-29,2.206,47.45,6.266
1024,2025-11-30,2.61,49.1,6.05
1024,2025-12-01,2.076,48.35,6.084
1024,2025-12-02,2.156,48.63,6.01
1024,2025-12-03,2.272,49.09,6.071
1024,2025-12-04,2.012,46.63,5.974
1024,2025-12-05,2.066,48.32,6.071
1024,2025-12-06,2.006,49.61,5.869
1024,2025-12-07,2.115,49.91,6.221
1024,2025-12-08,2.193,49.54,6.035
1024,2025-12-09,2.697,51.34,6.005
1024,2025-12-10,2.549,48.36,6.143
1024,2025-12-11,1.993,48.46,6.112
1024,2025-12-12,2.091,48.32,6.222
1024,2025-12-13,2.505,48.51,5.933
1024,2025-12-14,2.175,48.33,5.97
1024,2025-12-15,2.353,47.76,5.901
1024,2025-12-16,2.293,47.81,5.742
1024,2025-12-17,2.575,48.64,5.988
1024,2025-12-18,2.606,47.89,5.85
1024,2025-12-19,2.491,48.58,6.091
1024,2025-12-20,2.302,48.93,5.727
1024,2025-12-21,2.328,48.57,6.114
1024,2025-12-22,,,
1024,2025-12-23,2.291,49.54,5.859
1024,2025-12-24,1.944,47.13,6.165
1024,2025-12-25,2.154,48.34,6.016
1024,2025-12-26,1.977,48.16,6.106
1024,2025-12-27,2.287,50.42,5.997
1024,2025-12-28,2.387,49.26,5.627
1024,2025-12-29,,,
1024,2025-12-30,2.075,48.81,6.276
1024,2025-12-31,2.455,48.42,6.116
1025,2024-01-01,2.619,48.75,6.263
1025,2024-01-02,2.554,46.44,6.196
1025,2024-01-03,2.279,48.72,6.315
1025,2024-01-04,,,
1025,2024-01-05,2.229,49.27,6.238
1025,2024-01-06,2.425,47.59,6.394
1025,2024-01-07,2.106,48.4,6.044
1025,2024-01-08,2.486,47.63,6.312
1025,2024-01-09,,,
1025,2024-01-10,2.518,47.56,6.224
1025,2024-01-11,2.368,48.77,6.185
1025,2024-01-12,2.205,49.06,6.051
1025,2024-01-13,2.039,47.7,6.367
1025,2024-01-14,2.033,47.71,6.265
1025,2024-01-15,2.219,47.89,6.455
1025,2024-01-16,2.24,48.22,6.242
1025,2024-01-17,2.539,48.0,6.096
1025,2024-01-18,2.178,47.65,6.165
1025,2024-01-19,2.275,48.44,6.26
1025,2024-01-20,2.269,50.51,6.138
1025,2024-01-21,2.547,48.39,6.083
1025,2024-01-22,2.373,49.24,6.69
1025,2024-01-23,2.469,46.24,6.365
1025,2024-01-24,2.535,48.48,6.304
1025,2024-01-25,2.682,47.36,6.103
1025,2024-01-26,2.438,49.8,5.977
1025,2024-01-27,2.337,48.91,6.283
1025,2024-01-28,,,
1025,2024-01-29,2.6,48.06,6.16
1025,2024-01-30,2.386,48.55,6.5
1025,2024-01-31,2.731,46.32,6.017
1025,2024-02-01,2.592,48.12,6.525
1025,2024-02-02,2.324,46.89,6.562
1025,2024-02-03,2.469,48.85,6.268
1025,2024-02-04,2.317,47.86,6.282
1025,2024-02-05,2.473,45.92,6.383
1025,2024-02-06,2.561,45.47,6.389
1025,2024-02-07,2.382,46.94,6.229
1025,2024-02-08,2.594,48.56,6.127
1025,2024-02-09,1.898,48.53,6.33
1025,2024-02-10,2.393,46.46,6.282
1025,2024-02-11,2.408,47.31,6.028
1025,2024-02-12,2.023,49.35,6.219
1025,2024-02-13,2.348,48.26,6.386
1025,2024-02-14,2.193,48.58,6.379
1025,2024-02-15,2.292,48.62,6.271
1025,2024-02-16,2.35,49.17,6.312
1025,2024-02-17,2.738,49.06,6.275
1025,2024-02-18,2.242,50.79,6.336
1025,2024-02-19,2.169,47.3,6.39
1025,2024-02-20,2.595,47.84,6.026
1025,2024-02-21,2.615,48.24,6.444
1025,2024-02-22,2.586,47.53,6.174
1025,2024-02-23,2.084,48.48,6.246
1025,2024-02-24,2.443,47.57,6.452
1025,2024-02-25,,,
1025,2024-02-26,2.64,48.55,5.865
1025,2024-02-27,2.305,48.01,6.426
1025,2024-02-28,2.506,48.73,6.086
1025,2024-02-29,1.79,46.73,6.304
1025,2024-03-01,2.223,48.65,6.241
1025,2024-03-02,2.37,48.85,6.342
1025,2024-03-03,2.236,48.02,6.144
1025,2024-03-04,2.532,45.99,6.411
1025,2024-03-05,2.249,48.25,6.383
1025,2024-03-06,2.358,47.82,6.222
1025,2024-03-07,2.513,48.0,6.349
1025,2024-03-08,2.39,49.05,6.31
1025,2024-03-09,1.911,47.97,6.482
1025,2024-03-10,2.353,50.88,6.414
1025,2024-03-11,2.399,48.8,6.434
1025,2024-03-12,2.409,48.91,6.2
1025,2024-03-13,2.94,48.7,6.098
1025,2024-03-14,2.383,50.21,6.347
1025,2024-03-15,2.593,47.83,6.275
1025,2024-03-16,2.442,47.1,6.121
1025,2024-03-17,2.388,48.57,6.411
1025,2024-03-18,2.825,48.51,6.342
1025,2024-03-19,2.31,46.85,6.286
1025,2024-03-20,2.592,49.79,6.322
1025,2024-03-21,2.283,50.48,6.397
1025,2024-03-22,2.454,48.64,6.413
1025,2024-03-23,2.364,49.03,6.173
1025,2024-03-24,2.584,47.2,6.165
1025,2024-03-25,2.416,46.82,6.275
1025,2024-03-26,,,
1025,2024-03-27,,,
1025,2024-03-28,2.333,47.03,6.103
1025,2024-03-29,2.42,47.64,6.237
1025,2024-03-30,2.682,49.2,6.297
1025,2024-03-31,2.576,47.86,6.383
1025,2024-04-01,2.182,48.47,6.284
1025,2024-04-02,2.647,47.09,6.181
1025,2024-04-03,1.918,49.26,6.289
1025,2024-04-04,2.517,48.88,6.712
1025,2024-04-05,2.542,47.82,6.495
1025,2024-04-06,2.436,47.05,6.151
1025,2024-04-07,2.476,48.4,6.321
1025,2024-04-08,2.41,47.99,6.265
1025,2024-04-09,2.316,48.19,6.278
1025,2024-04-10,2.149,48.97,6.25
1025,2024-04-11,2.269,48.57,6.64
1025,2024-04-12,2.327,47.88,6.22
1025,2024-04-13,2.363,47.5,6.26
1025,2024-04-14,2.043,49.15,6.391
1025,2024-04-15,,,
1025,2024-04-16,2.656,47.28,6.234
1025,2024-04-17,2.818,49.19,6.528
1025,2024-04-18,2.459,49.84,6.371
1025,2024-04-19,2.67,47.37,6.183
1025,2024-04-20,2.326,47.09,6.075
1025,2024-04-21,2.502,47.76,6.336
1025,2024-04-22,2.447,49.27,6.425
1025,2024-04-23,2.205,46.86,6.082
1025,2024-04-24,2.369,48.59,6.359
1025,2024-04-25,2.408,47.6,6.341
1025,2024-04-26,2.217,49.22,6.275
1025,2024-04-27,2.506,47.02,6.362
1025,2024-04-28,2.464,49.97,6.204
1025,2024-04-29,2.265,48.56,5.962
1025,2024-04-30,2.175,48.47,6.584
1025,2024-05-01,2.63,48.34,6.351
1025,2024-05-02,2.576,50.25,6.277
1025,2024-05-03,2.366,46.7,6.274
1025,2024-05-04,2.537,49.22,6.219
1025,2024-05-05,2.492,49.61,6.407
1025,2024-05-06,2.213,47.08,6.214
1025,2024-05-07,2.449,47.84,6.321
1025,2024-05-08,2.371,47.77,6.584
1025,2024-05-09,,,
1025,2024-05-10,2.27,48.31,6.203
1025,2024-05-11,,,
1025,2024-05-12,2.227,47.75,6.157
1025,2024-05-13,2.184,47.22,6.278
1025,2024-05-14,2.47,50.11,5.99
1025,2024-05-15,2.117,48.14,6.618
1025,2024-05-16,2.554,47.07,6.296
1025,2024-05-17,2.416,49.37,6.352
1025,2024-05-18,2.676,48.86,6.285
1025,2024-05-19,2.629,48.11,6.475
1025,2024-05-20,2.29,47.99,6.611
1025,2024-05-21,2.593,48.41,6.217
1025,2024-05-22,2.667,48.49,6.277
1025,2024-05-23,2.567,48.07,6.359
1025,2024-05-24,2.53,50.03,6.036
1025,2024-05-25,2.363,47.17,6.15
1025,2024-05-26,2.446,47.77,6.344
1025,2024-05-27,2.809,47.49,6.273
1025,2024-05-28,2.245,48.33,6.464
1025,2024-05-29,2.585,47.47,6.275
1025,2024-05-30,2.395,50.04,6.21
1025,2024-05-31,2.156,49.29,6.261
1025,2024-06-01,,,
1025,2024-06-02,2.806,47.64,6.077
1025,2024-06-03,2.679,48.61,6.205
1025,2024-06-04,2.891,47.84,6.392
1025,2024-06-05,2.679,49.45,6.119
1025,2024-06-06,2.743,47.69,5.833
1025,2024-06-07,2.445,47.12,6.183
1025,2024-06-08,2.405,46.97,6.422
1025,2024-06-09,2.447,48.24,6.453
1025,2024-06-10,2.452,48.67,6.547
1025,2024-06-11,2.403,47.71,6.581
1025,2024-06-12,2.406,47.29,6.181
1025,2024-06-13,2.458,50.32,6.14
1025,2024-06-14,,,
1025,2024-06-15,2.189,49.15,6.354
1025,2024-06-16,2.159,47.38,6.446
1025,2024-06-17,2.388,47.07,6.173
1025,2024-06-18,2.84,49.18,6.372
1025,2024-06-19,2.679,47.98,6.415
1025,2024-06-20,2.433,47.6,6.358
1025,2024-06-21,2.442,47.29,6.359
1025,2024-06-22,2.625,47.96,6.557
1025,2024-06-23,2.045,47.7,6.553
1025,2024-06-24,2.769,49.46,6.417
1025,2024-06-25,2.004,48.39,6.191
1025,2024-06-26,2.5,48.77,6.057
1025,2024-06-27,2.196,47.94,6.203
1025,2024-06-28,2.801,45.88,6.563
1025,2024-06-29,2.534,48.58,6.155
1025,2024-06-30,2.679,49.05,6.484
1025,2024-07-01,2.05,47.51,6.637
1025,2024-07-02,2.37,48.7,6.134
1025,2024-07-03,2.673,47.14,6.348
1025,2024-07-04,2.13,49.73,6.657
1025,2024-07-05,2.738,48.56,6.305
1025,2024-07-06,2.49,50.93,6.229
1025,2024-07-07,2.414,49.22,6.17
1025,2024-07-08,2.86,47.48,6.389
1025,2024-07-09,2.271,47.34,6.133
1025,2024-07-10,2.477,47.24,6.248
1025,2024-07-11,2.375,49.41,6.116
1025,2024-07-12,2.242,46.95,6.384
1025,2024-07-13,2.822,48.2,6.144
1025,2024-07-14,2.023,47.85,6.273
1025,2024-07-15,,,
1025,2024-07-16,2.595,48.22,6.554
1025,2024-07-17,,,
1025,2024-07-18,2.43,49.55,6.106
1025,2024-07-19,2.378,48.62,6.417
1025,2024-07-20,2.348,49.98,6.361
1025,2024-07-21,2.242,49.13,6.436
1025,2024-07-22,2.898,47.67,6.269
1025,2024-07-23,2.46,48.01,6.748
1025,2024-07-24,2.511,46.73,6.242
1025,2024-07-25,1.827,47.87,6.471
1025,2024-07-26,2.201,46.32,6.353
1025,2024-07-27,2.178,47.37,6.335
1025,2024-07-28,2.284,48.27,6.543
1025,2024-07-29,2.352,48.38,6.012
1025,2024-07-30,2.726,48.6,6.465
1025,2024-07-31,2.343,47.85,6.292
1025,2024-08-01,2.46,47.82,6.099
1025,2024-08-02,2.538,48.6,6.738
1025,2024-08-03,3.161,49.14,6.283
1025,2024-08-04,2.419,48.4,6.209
1025,2024-08-05,2.43,49.94,6.14
1025,2024-08-06,2.866,48.22,6.262
1025,2024-08-07,2.571,49.38,6.221
1025,2024-08-08,2.6,48.6,6.164
1025,2024-08-09,2.702,49.03,6.09
1025,2024-08-10,2.827,49.98,6.0
1025,2024-08-11,2.974,49.16,5.894
1025,2024-08-12,3.144,49.47,5.771
1025,2024-08-13,3.337,49.82,5.631
1025,2024-08-14,3.553,50.21,5.476
1025,2024-08-15,3.791,50.65,5.304
1025,2024-08-16,4.052,51.13,5.115
1025,2024-08-17,4.335,51.65,4.91
1025,2024-08-18,4.641,52.21,4.689
1025,2024-08-19,4.97,52.81,4.452
1025,2024-08-20,5.322,53.45,4.198
1025,2024-08-21,5.696,54.14,3.927
1025,2024-08-22,6.093,54.86,3.64
1025,2024-08-23,6.512,55.63,3.337
1025,2024-08-24,6.955,56.44,3.018
1025,2024-08-25,2.46,48.88,6.136
1025,2024-08-26,2.372,48.93,6.102
1025,2024-08-27,2.218,47.1,6.42
1025,2024-08-28,2.342,47.44,6.484
1025,2024-08-29,2.448,47.69,6.39
1025,2024-08-30,2.448,47.06,6.443
1025,2024-08-31,2.267,47.01,6.227
1025,2024-09-01,1.88,48.19,6.247
1025,2024-09-02,2.275,48.75,6.44
1025,2024-09-03,2.15,48.77,6.681
1025,2024-09-04,2.682,50.02,6.483
1025,2024-09-05,2.771,47.55,6.226
1025,2024-09-06,2.359,48.06,6.434
1025,2024-09-07,2.28,46.97,5.954
1025,2024-09-08,2.454,48.7,6.387
1025,2024-09-09,2.711,48.44,6.467
1025,2024-09-10,2.398,48.5,6.211
1025,2024-09-11,,,
1025,2024-09-12,2.581,47.32,6.536
1025,2024-09-13,2.011,46.4,6.13
1025,2024-09-14,2.075,50.49,6.209
1025,2024-09-15,2.395,47.1,6.198
1025,2024-09-16,2.353,47.58,6.354
1025,2024-09-17,2.357,46.84,6.293
1025,2024-09-18,2.567,47.52,6.397
1025,2024-09-19,2.826,46.46,6.358
1025,2024-09-20,2.639,48.18,6.399
1025,2024-09-21,2.555,47.87,5.901
1025,2024-09-22,2.649,47.11,6.187
1025,2024-09-23,2.532,47.28,6.187
1025,2024-09-24,2.791,48.95,6.402
1025,2024-09-25,2.433,48.05,6.517
1025,2024-09-26,2.618,49.47,6.238
1025,2024-09-27,2.701,49.58,6.143
1025,2024-09-28,2.5,48.91,6.07
1025,2024-09-29,2.593,49.59,6.075
1025,2024-09-30,2.398,47.25,6.226
1025,2024-10-01,2.481,47.14,6.396
1025,2024-10-02,2.092,48.14,6.125
1025,2024-10-03,2.411,48.29,6.192
1025,2024-10-04,2.411,46.22,6.258
1025,2024-10-05,2.364,47.23,6.232
1025,2024-10-06,2.086,47.74,6.181
1025,2024-10-07,2.137,47.72,6.259
1025,2024-10-08,2.259,50.17,6.124
1025,2024-10-09,2.433,49.53,6.226
1025,2024-10-10,2.195,47.42,6.444
1025,2024-10-11,2.258,47.59,6.595
1025,2024-10-12,2.581,48.02,6.354
1025,2024-10-13,2.619,48.12,6.384
1025,2024-10-14,2.446,46.07,6.52
1025,2024-10-15,2.09,47.31,6.425
1025,2024-10-16,2.196,47.4,6.415
1025,2024-10-17,2.315,46.07,6.166
1025,2024-10-18,2.232,49.6,6.298
1025,2024-10-19,2.465,48.45,6.029
1025,2024-10-20,2.587,48.33,6.26
1025,2024-10-21,2.446,50.07,6.174
1025,2024-10-22,2.62,50.43,6.477
1025,2024-10-23,2.459,47.18,6.262
1025,2024-10-24,2.352,49.13,6.297
1025,2024-10-25,2.278,47.99,6.251
1025,2024-10-26,2.616,47.95,6.375
1025,2024-10-27,2.434,46.62,6.437
1025,2024-10-28,2.543,46.65,6.23
1025,2024-10-29,2.474,49.98,6.499
1025,2024-10-30,2.256,47.57,6.664
1025,2024-10-31,3.073,47.71,6.222
1025,2024-11-01,2.622,48.78,6.158
1025,2024-11-02,2.546,48.57,6.392
1025,2024-11-03,2.31,48.65,6.419
1025,2024-11-04,2.066,48.24,6.3
1025,2024-11-05,2.541,49.25,6.07
1025,2024-11-06,2.71,48.18,6.158
1025,2024-11-07,2.494,49.06,6.288
1025,2024-11-08,2.538,47.52,6.412
1025,2024-11-09,2.457,49.54,6.519
1025,2024-11-10,2.158,48.55,6.359
1025,2024-11-11,2.641,47.56,6.359
1025,2024-11-12,2.429,47.65,6.292
1025,2024-11-13,2.586,48.27,6.453
1025,2024-11-14,2.78,49.68,6.197
1025,2024-11-15,2.741,46.95,6.18
1025,2024-11-16,2.381,48.66,6.44
1025,2024-11-17,2.577,47.36,5.979
1025,2024-11-18,2.27,48.23,6.424
1025,2024-11-19,2.232,49.11,6.425
1025,2024-11-20,2.129,45.99,6.139
1025,2024-11-21,2.431,46.65,6.151
1025,2024-11-22,2.685,48.69,6.237
1025,2024-11-23,2.586,47.25,6.389
1025,2024-11-24,2.191,47.97,6.505
1025,2024-11-25,2.616,48.36,6.216
1025,2024-11-26,2.499,51.14,6.548
1025,2024-11-27,2.476,47.71,6.352
1025,2024-11-28,2.885,47.69,6.311
1025,2024-11-29,2.551,47.44,6.193
1025,2024-11-30,2.551,49.15,6.486
1025,2024-12-01,2.61,47.56,6.382
1025,2024-12-02,2.526,47.77,6.22
1025,2024-12-03,2.308,48.02,6.259
1025,2024-12-04,2.06,47.89,6.4
1025,2024-12-05,2.362,48.31,6.121
1025,2024-12-06,2.401,49.01,6.447
1025,2024-12-07,2.019,49.25,6.281
1025,2024-12-08,2.235,47.09,6.232
1025,2024-12-09,2.507,48.15,6.478
1025,2024-12-10,2.307,48.06,6.215
1025,2024-12-11,2.25,47.54,6.204
1025,2024-12-12,2.387,46.47,6.553
1025,2024-12-13,2.292,46.85,6.513
1025,2024-12-14,2.39,50.31,6.028
1025,2024-12-15,2.558,48.7,6.365
1025,2024-12-16,2.511,47.94,6.493
1025,2024-12-17,2.485,47.81,6.087
1025,2024-12-18,2.576,45.97,6.303
1025,2024-12-19,2.596,48.13,6.317
1025,2024-12-20,2.328,48.05,6.366
1025,2024-12-21,2.545,47.83,6.075
1025,2024-12-22,2.588,47.11,6.26
1025,2024-12-23,2.549,48.74,6.197
1025,2024-12-24,2.767,46.55,6.494
1025,2024-12-25,2.554,46.88,6.244
1025,2024-12-26,2.388,48.56,6.346
1025,2024-12-27,2.608,47.55,6.334
1025,2024-12-28,2.616,49.5,6.339
1025,2024-12-29,2.37,48.48,6.202
1025,2024-12-30,2.112,47.91,6.454
1025,2024-12-31,2.361,50.0,6.125
1025,2025-01-01,2.552,49.07,6.367
1025,2025-01-02,2.281,49.52,6.346
1025,2025-01-03,2.351,48.01,6.421
1025,2025-01-04,2.506,47.2,6.089
1025,2025-01-05,2.191,47.04,6.302
1025,2025-01-06,2.709,47.74,6.264
1025,2025-01-07,2.389,49.03,6.456
1025,2025-01-08,2.628,49.17,6.495
1025,2025-01-09,2.613,47.51,6.331
1025,2025-01-10,2.362,49.33,6.437
1025,2025-01-11,2.391,47.91,6.543
1025,2025-01-12,2.73,49.4,6.077
1025,2025-01-13,2.592,47.54,6.181
1025,2025-01-14,2.291,48.1,6.392
1025,2025-01-15,2.367,46.85,6.395
1025,2025-01-16,,,
1025,2025-01-17,2.286,47.34,6.363
1025,2025-01-18,2.735,48.37,6.441
1025,2025-01-19,2.607,47.64,6.273
1025,2025-01-20,2.74,48.2,6.183
1025,2025-01-21,2.599,48.05,6.495
1025,2025-01-22,2.521,48.81,6.337
1025,2025-01-23,2.653,47.58,6.25
1025,2025-01-24,3.031,49.14,6.412
1025,2025-01-25,2.538,49.33,6.613
1025,2025-01-26,2.391,47.42,6.321
1025,2025-01-27,2.293,49.02,6.219
1025,2025-01-28,2.24,48.51,6.357
1025,2025-01-29,2.339,46.42,6.172
1025,2025-01-30,2.423,48.97,6.178
1025,2025-01-31,2.183,47.86,6.345
1025,2025-02-01,2.129,48.75,6.308
1025,2025-02-02,2.293,47.98,6.359
1025,2025-02-03,2.299,48.36,6.326
1025,2025-02-04,2.504,48.95,6.471
1025,2025-02-05,2.57,48.9,6.366
1025,2025-02-06,2.606,47.65,6.201
1025,2025-02-07,2.149,46.63,6.525
1025,2025-02-08,2.396,47.95,6.159
1025,2025-02-09,2.534,48.42,6.448
1025,2025-02-10,2.189,48.11,6.556
1025,2025-02-11,2.448,47.3,6.371
1025,2025-02-12,,,
1025,2025-02-13,2.365,50.2,5.901
1025,2025-02-14,2.965,45.98,6.278
1025,2025-02-15,2.496,47.17,6.372
1025,2025-02-16,2.113,48.08,6.326
1025,2025-02-17,2.314,49.0,6.224
1025,2025-02-18,2.474,49.0,6.51
1025,2025-02-19,2.522,49.09,6.438
1025,2025-02-20,2.281,49.53,6.33
1025,2025-02-21,2.498,49.72,6.522
1025,2025-02-22,2.564,48.24,6.181
1025,2025-02-23,2.438,47.88,6.491
1025,2025-02-24,2.084,46.32,6.281
1025,2025-02-25,2.112,48.95,6.472
1025,2025-02-26,2.333,49.38,6.251
1025,2025-02-27,2.509,48.13,6.278
1025,2025-02-28,2.352,49.12,6.444
1025,2025-03-01,2.696,47.83,6.418
1025,2025-03-02,2.828,48.38,6.257
1025,2025-03-03,2.281,47.32,6.243
1025,2025-03-04,2.35,50.19,6.105
1025,2025-03-05,2.228,49.81,6.161
1025,2025-03-06,2.443,46.68,6.47
1025,2025-03-07,2.356,48.46,6.433
1025,2025-03-08,2.544,48.22,6.387
1025,2025-03-09,2.483,48.31,6.227
1025,2025-03-10,,,
1025,2025-03-11,2.619,47.94,6.523
1025,2025-03-12,2.417,48.82,6.483
1025,2025-03-13,2.26,47.86,6.434
1025,2025-03-14,2.023,50.54,6.008
1025,2025-03-15,2.265,47.68,6.384
1025,2025-03-16,2.617,47.09,6.183
1025,2025-03-17,2.361,48.59,6.431
1025,2025-03-18,2.629,47.06,6.203
1025,2025-03-19,2.192,47.5,6.16
1025,2025-03-20,2.293,47.86,6.354
1025,2025-03-21,2.096,48.13,6.159
1025,2025-03-22,2.389,48.36,6.39
1025,2025-03-23,2.021,48.3,6.327
1025,2025-03-24,2.274,48.11,6.277
1025,2025-03-25,2.593,49.09,6.276
1025,2025-03-26,2.718,48.12,6.42
1025,2025-03-27,2.763,48.95,6.366
1025,2025-03-28,2.224,48.59,6.383
1025,2025-03-29,2.525,48.68,6.246
1025,2025-03-30,2.371,46.83,6.469
1025,2025-03-31,2.376,47.63,6.321
1025,2025-04-01,2.583,48.92,6.313
1025,2025-04-02,2.261,48.14,6.439
1025,2025-04-03,,,
1025,2025-04-04,2.674,48.98,6.342
1025,2025-04-05,2.697,48.81,6.276
1025,2025-04-06,2.138,48.47,6.316
1025,2025-04-07,,,
1025,2025-04-08,2.538,48.94,6.493
1025,2025-04-09,2.673,48.02,6.408
1025,2025-04-10,2.464,47.8,6.229
1025,2025-04-11,2.38,48.67,6.27
1025,2025-04-12,2.508,47.59,6.341
1025,2025-04-13,2.563,48.87,6.064
1025,2025-04-14,2.467,47.99,6.18
1025,2025-04-15,2.566,48.71,6.278
1025,2025-04-16,2.64,46.81,6.463
1025,2025-04-17,2.584,47.7,5.994
1025,2025-04-18,,,
1025,2025-04-19,2.604,46.8,6.317
1025,2025-04-20,,,
1025,2025-04-21,2.455,47.73,6.092
1025,2025-04-22,2.533,48.66,6.266
1025,2025-04-23,2.456,47.03,6.172
1025,2025-04-24,2.385,47.66,6.305
1025,2025-04-25,2.338,50.0,6.504
1025,2025-04-26,2.29,50.0,6.424
1025,2025-04-27,2.461,48.38,6.149
1025,2025-04-28,2.377,48.71,6.322
1025,2025-04-29,2.385,46.59,6.448
1025,2025-04-30,2.294,48.9,6.11
1025,2025-05-01,2.39,48.94,6.273
1025,2025-05-02,2.433,49.04,6.153
1025,2025-05-03,2.511,48.44,6.377
1025,2025-05-04,2.338,47.61,6.372
1025,2025-05-05,2.136,47.12,6.241
1025,2025-05-06,2.467,47.29,6.374
1025,2025-05-07,2.37,47.29,6.26
1025,2025-05-08,2.453,48.97,6.298
1025,2025-05-09,2.166,49.55,6.273
1025,2025-05-10,2.118,46.67,6.274
1025,2025-05-11,2.058,47.58,6.25
1025,2025-05-12,2.234,47.68,6.466
1025,2025-05-13,2.326,47.54,6.21
1025,2025-05-14,1.969,48.79,6.316
1025,2025-05-15,2.182,49.08,6.314
1025,2025-05-16,2.372,48.46,6.402
1025,2025-05-17,2.252,47.48,6.266
1025,2025-05-18,2.206,48.29,6.382
1025,2025-05-19,2.739,48.14,6.295
1025,2025-05-20,2.546,48.17,6.287
1025,2025-05-21,2.469,48.27,6.261
1025,2025-05-22,2.531,48.6,6.219
1025,2025-05-23,2.619,48.65,6.16
1025,2025-05-24,2.732,48.93,6.084
1025,2025-05-25,2.869,49.28,5.992
1025,2025-05-26,3.032,49.69,5.882
1025,2025-05-27,3.22,50.16,5.756
1025,2025-05-28,3.433,50.7,5.612
1025,2025-05-29,,,
1025,2025-05-30,3.934,51.97,5.275
1025,2025-05-31,4.222,52.7,5.081
1025,2025-06-01,4.535,53.49,4.87
1025,2025-06-02,4.873,54.34,4.643
1025,2025-06-03,5.236,55.26,4.398
1025,2025-06-04,5.624,56.24,4.137
1025,2025-06-05,6.038,57.28,3.859
1025,2025-06-06,6.476,58.39,3.564
1025,2025-06-07,6.939,59.56,3.252
1025,2025-06-08,7.427,60.8,2.923
1025,2025-06-09,2.757,49.31,6.223
1025,2025-06-10,2.46,47.24,6.114
1025,2025-06-11,2.496,47.08,6.33
1025,2025-06-12,2.971,48.81,6.179
1025,2025-06-13,2.819,46.96,6.084
1025,2025-06-14,2.324,48.26,6.2
1025,2025-06-15,2.442,49.04,6.288
1025,2025-06-16,2.326,47.56,6.431
1025,2025-06-17,2.318,47.85,6.15
1025,2025-06-18,2.473,48.2,6.46
1025,2025-06-19,2.749,49.23,6.287
1025,2025-06-20,2.264,47.57,6.478
1025,2025-06-21,1.933,47.18,6.325
1025,2025-06-22,2.061,48.01,6.296
1025,2025-06-23,2.419,48.26,6.295
1025,2025-06-24,2.427,49.12,6.2
1025,2025-06-25,2.452,48.26,6.253
1025,2025-06-26,,,
1025,2025-06-27,2.552,48.61,6.239
1025,2025-06-28,2.627,48.88,6.246
1025,2025-06-29,2.719,49.2,6.086
1025,2025-06-30,2.827,49.58,6.199
1025,2025-07-01,2.952,50.02,6.17
1025,2025-07-02,3.094,50.52,6.137
1025,2025-07-03,3.253,51.08,6.099
1025,2025-07-04,3.428,51.7,6.058
1025,2025-07-05,3.62,52.38,6.013
1025,2025-07-06,3.828,53.12,5.964
1025,2025-07-07,4.054,53.91,5.912
1025,2025-07-08,4.296,54.76,5.855
1025,2025-07-09,4.554,55.68,5.794
1025,2025-07-10,4.829,56.65,5.73
1025,2025-07-11,5.121,57.68,5.661
1025,2025-07-12,5.43,58.77,5.589
1025,2025-07-13,5.849,59.92,5.512
1025,2025-07-14,6.397,55.98,5.974
1025,2025-07-15,6.986,57.14,5.927
1025,2025-07-16,7.615,58.39,5.876
1025,2025-07-17,8.285,59.71,5.822
1025,2025-07-18,8.996,61.11,5.765
1025,2025-07-19,9.747,62.59,5.704
1025,2025-07-20,10.539,64.15,5.64
1025,2025-07-21,2.463,47.01,6.079
1025,2025-07-22,2.201,47.22,6.069
1025,2025-07-23,2.422,47.05,6.445
1025,2025-07-24,2.372,49.77,6.175
1025,2025-07-25,2.16,48.86,6.511
1025,2025-07-26,2.121,47.18,6.343
1025,2025-07-27,2.548,47.01,6.311
1025,2025-07-28,2.125,48.05,6.426
1025,2025-07-29,2.467,47.81,6.247
1025,2025-07-30,2.552,48.78,6.357
1025,2025-07-31,2.248,47.42,6.598
1025,2025-08-01,2.248,48.58,6.427
1025,2025-08-02,2.339,47.99,6.085
1025,2025-08-03,2.335,46.67,6.286
1025,2025-08-04,2.389,48.2,5.87
1025,2025-08-05,2.14,49.22,6.21
1025,2025-08-06,2.307,48.22,6.49
1025,2025-08-07,2.301,47.56,6.537
1025,2025-08-08,2.479,50.36,6.305
1025,2025-08-09,2.449,47.4,6.206
1025,2025-08-10,,,
1025,2025-08-11,2.434,48.19,6.266
1025,2025-08-12,2.151,47.56,6.255
1025,2025-08-13,2.159,48.38,6.299
1025,2025-08-14,2.423,47.42,6.367
1025,2025-08-15,1.833,49.61,6.164
1025,2025-08-16,2.292,48.03,6.291
1025,2025-08-17,2.404,48.63,6.276
1025,2025-08-18,2.426,47.19,6.516
1025,2025-08-19,2.571,47.98,6.369
1025,2025-08-20,2.465,47.45,6.211
1025,2025-08-21,2.368,47.64,6.216
1025,2025-08-22,2.447,49.04,6.34
1025,2025-08-23,2.353,49.13,6.269
1025,2025-08-24,2.31,46.67,6.436
1025,2025-08-25,2.413,47.32,5.972
1025,2025-08-26,2.511,49.19,6.185
1025,2025-08-27,2.754,47.28,6.512
1025,2025-08-28,2.532,48.3,6.105
1025,2025-08-29,2.512,47.93,6.34
1025,2025-08-30,2.35,48.4,5.952
1025,2025-08-31,2.277,47.2,6.232
1025,2025-09-01,2.19,48.57,6.404
1025,2025-09-02,2.34,48.43,6.526
1025,2025-09-03,2.575,47.79,6.447
1025,2025-09-04,2.593,48.05,5.996
1025,2025-09-05,2.405,49.06,6.196
1025,2025-09-06,2.18,48.69,6.182
1025,2025-09-07,2.466,49.37,6.12
1025,2025-09-08,2.465,50.67,6.216
1025,2025-09-09,2.389,47.63,6.333
1025,2025-09-10,2.599,47.56,6.114
1025,2025-09-11,2.661,47.31,6.18
1025,2025-09-12,2.687,48.34,6.072
1025,2025-09-13,2.532,48.33,6.041
1025,2025-09-14,2.84,46.37,6.414
1025,2025-09-15,2.412,49.18,6.251
1025,2025-09-16,2.401,48.16,6.451
1025,2025-09-17,2.415,47.32,6.291
1025,2025-09-18,2.186,48.21,6.237
1025,2025-09-19,2.475,46.1,6.62
1025,2025-09-20,2.545,47.52,6.359
1025,2025-09-21,2.331,48.14,5.991
1025,2025-09-22,2.315,48.73,6.133
1025,2025-09-23,1.953,48.26,6.196
1025,2025-09-24,2.765,47.3,6.407
1025,2025-09-25,2.275,47.34,6.322
1025,2025-09-26,2.453,48.39,6.362
1025,2025-09-27,2.626,49.56,6.161
1025,2025-09-28,2.369,47.89,6.279
1025,2025-09-29,2.571,47.1,6.509
1025,2025-09-30,2.552,46.99,6.378
1025,2025-10-01,2.342,48.11,6.073
1025,2025-10-02,2.599,45.92,6.351
1025,2025-10-03,2.675,47.05,6.499
1025,2025-10-04,2.457,47.44,6.607
1025,2025-10-05,2.581,48.88,5.991
1025,2025-10-06,2.511,48.08,6.24
1025,2025-10-07,2.631,48.86,6.332
1025,2025-10-08,2.444,49.13,6.204
1025,2025-10-09,2.341,47.03,6.219
1025,2025-10-10,2.22,48.53,6.059
1025,2025-10-11,2.365,47.14,6.237
1025,2025-10-12,2.659,50.45,6.363
1025,2025-10-13,2.613,49.03,6.271
1025,2025-10-14,2.31,47.98,6.498
1025,2025-10-15,2.443,48.3,6.234
1025,2025-10-16,2.202,49.11,6.428
1025,2025-10-17,2.293,47.41,6.327
1025,2025-10-18,2.221,47.41,6.19
1025,2025-10-19,2.052,47.2,6.38
1025,2025-10-20,2.159,48.36,6.349
1025,2025-10-21,2.194,48.69,6.246
1025,2025-10-22,2.233,47.95,5.984
1025,2025-10-23,2.548,49.07,6.624
1025,2025-10-24,2.419,48.14,6.295
1025,2025-10-25,2.429,49.23,6.286
1025,2025-10-26,2.539,49.18,6.261
1025,2025-10-27,2.508,49.48,6.027
1025,2025-10-28,2.578,48.44,6.157
1025,2025-10-29,2.668,48.62,6.079
1025,2025-10-30,2.778,49.42,5.984
1025,2025-10-31,2.908,49.07,5.872
1025,2025-11-01,3.057,49.36,5.742
1025,2025-11-02,3.227,49.68,5.595
1025,2025-11-03,3.416,50.05,5.431
1025,2025-11-04,3.626,50.45,5.25
1025,2025-11-05,3.855,50.88,5.051
1025,2025-11-06,4.105,51.36,4.835
1025,2025-11-07,4.374,51.88,4.602
1025,2025-11-08,4.664,52.43,4.351
1025,2025-11-09,4.973,53.02,4.083
1025,2025-11-10,5.302,53.65,3.798
1025,2025-11-11,5.651,54.32,3.496
1025,2025-11-12,6.021,55.02,3.176
1025,2025-11-13,6.41,55.77,2.839
1025,2025-11-14,2.194,49.41,6.111
1025,2025-11-15,2.525,48.54,6.27
1025,2025-11-16,2.603,49.55,6.284
1025,2025-11-17,2.803,47.75,6.342
1025,2025-11-18,2.469,49.1,6.305
1025,2025-11-19,2.449,49.39,6.056
1025,2025-11-20,2.517,48.55,6.394
1025,2025-11-21,2.667,48.73,6.202
1025,2025-11-22,2.471,49.17,6.167
1025,2025-11-23,2.544,46.47,6.35
1025,2025-11-24,2.937,49.8,6.423
1025,2025-11-25,2.656,47.88,6.346
1025,2025-11-26,2.44,47.57,6.375
1025,2025-11-27,2.688,48.89,6.36
1025,2025-11-28,2.522,49.12,6.388
1025,2025-11-29,2.495,47.72,6.303
1025,2025-11-30,2.491,47.41,6.136
1025,2025-12-01,2.132,46.63,6.308
1025,2025-12-02,2.459,48.97,6.197
1025,2025-12-03,2.445,49.07,6.352
1025,2025-12-04,2.673,47.42,6.305
1025,2025-12-05,2.696,48.19,6.241
1025,2025-12-06,2.122,47.75,6.033
1025,2025-12-07,2.325,48.48,6.571
1025,2025-12-08,2.318,48.21,5.801
1025,2025-12-09,2.472,47.59,6.143
1025,2025-12-10,2.36,47.92,6.399
1025,2025-12-11,2.583,47.05,6.266
1025,2025-12-12,2.011,48.19,6.301
1025,2025-12-13,2.523,47.72,6.311
1025,2025-12-14,2.503,48.45,6.379
1025,2025-12-15,2.493,47.25,6.058
1025,2025-12-16,2.655,47.38,6.15
1025,2025-12-17,2.166,47.38,6.399
1025,2025-12-18,2.193,47.5,6.511
1025,2025-12-19,2.357,50.61,6.353
1025,2025-12-20,2.541,48.13,6.579
1025,2025-12-21,2.563,47.66,6.063
1025,2025-12-22,2.266,46.12,6.329
1025,2025-12-23,2.412,48.91,6.37
1025,2025-12-24,2.386,47.01,6.482
1025,2025-12-25,2.12,48.78,6.056
1025,2025-12-26,2.68,48.91,6.219
1025,2025-12-27,2.597,47.33,6.059
1025,2025-12-28,2.6,48.57,6.113
1025,2025-12-29,2.167,49.83,6.2
1025,2025-12-30,2.388,46.99,5.921
1025,2025-12-31,2.327,46.49,6.275
1026,2024-01-01,2.171,42.54,5.682
1026,2024-01-02,1.957,43.35,5.786
1026,2024-01-03,2.195,41.82,5.696
1026,2024-01-04,2.122,42.66,5.7
1026,2024-01-05,2.129,43.56,5.782
1026,2024-01-06,2.413,43.97,5.522
1026,2024-01-07,2.24,43.78,5.675
1026,2024-01-08,2.355,45.45,5.633
1026,2024-01-09,2.277,42.32,5.789
1026,2024-01-10,2.299,44.74,5.469
1026,2024-01-11,2.393,44.39,5.625
1026,2024-01-12,2.305,41.5,5.495
1026,2024-01-13,2.262,43.27,5.803
1026,2024-01-14,2.089,42.41,5.564
1026,2024-01-15,2.158,42.43,5.78
1026,2024-01-16,1.976,44.51,5.479
1026,2024-01-17,2.262,44.24,5.446
1026,2024-01-18,2.025,44.14,5.667
1026,2024-01-19,2.24,43.38,5.706
1026,2024-01-20,2.331,45.09,5.47
1026,2024-01-21,2.337,43.94,5.78
1026,2024-01-22,2.412,42.57,5.483
1026,2024-01-23,2.264,42.2,5.622
1026,2024-01-24,2.446,43.43,5.45
1026,2024-01-25,2.076,45.82,5.36
1026,2024-01-26,1.989,43.65,5.497
1026,2024-01-27,2.143,43.05,5.711
1026,2024-01-28,2.35,42.98,5.635
1026,2024-01-29,2.365,43.23,5.433
1026,2024-01-30,2.533,43.73,5.682
1026,2024-01-31,2.505,44.14,5.54
1026,2024-02-01,2.037,44.34,5.565
1026,2024-02-02,2.338,43.49,5.824
1026,2024-02-03,2.433,45.66,5.512
1026,2024-02-04,2.202,43.25,5.72
1026,2024-02-05,2.217,42.07,5.42
1026,2024-02-06,2.356,44.47,5.75
1026,2024-02-07,2.519,44.09,5.758
1026,2024-02-08,2.638,44.4,5.432
1026,2024-02-09,2.496,43.58,5.663
1026,2024-02-10,2.003,44.31,5.696
1026,2024-02-11,2.571,42.92,5.387
1026,2024-02-12,2.942,43.42,5.39
1026,2024-02-13,2.185,43.19,5.546
1026,2024-02-14,2.236,45.68,5.549
1026,2024-02-15,2.213,44.17,5.611
1026,2024-02-16,2.22,43.66,5.66
1026,2024-02-17,2.408,44.71,5.74
1026,2024-02-18,2.221,43.7,5.542
1026,2024-02-19,2.037,42.15,5.575
1026,2024-02-20,2.19,43.68,5.555
1026,2024-02-21,2.223,41.7,5.995
1026,2024-02-22,2.281,42.07,5.893
1026,2024-02-23,2.694,43.05,5.521
1026,2024-02-24,2.59,46.06,5.535
1026,2024-02-25,2.31,44.66,5.619
1026,2024-02-26,2.427,44.8,5.692
1026,2024-02-27,,,
1026,2024-02-28,,,
1026,2024-02-29,2.306,43.71,5.596
1026,2024-03-01,2.336,43.78,5.579
1026,2024-03-02,2.386,43.9,5.549
1026,2024-03-03,2.456,44.13,5.389
1026,2024-03-04,2.682,44.28,5.454
1026,2024-03-05,2.656,45.28,5.388
1026,2024-03-06,2.786,44.84,5.311
1026,2024-03-07,2.936,45.19,5.222
1026,2024-03-08,3.105,45.59,5.12
1026,2024-03-09,3.295,46.03,5.007
1026,2024-03-10,3.505,46.53,4.882
1026,2024-03-11,3.735,47.07,4.745
1026,2024-03-12,3.985,47.65,4.597
1026,2024-03-13,4.254,48.28,4.436
1026,2024-03-14,,,
1026,2024-03-15,4.854,49.69,4.079
1026,2024-03-16,5.183,50.47,3.882
1026,2024-03-17,5.533,51.29,3.674
1026,2024-03-18,5.903,52.15,3.454
1026,2024-03-19,6.292,53.07,3.222
1026,2024-03-20,2.646,42.79,5.624
1026,2024-03-21,2.42,43.42,5.712
1026,2024-03-22,2.285,44.18,5.417
1026,2024-03-23,,,
1026,2024-03-24,2.423,44.61,5.912
1026,2024-03-25,2.092,43.2,5.679
1026,2024-03-26,2.514,44.21,5.692
1026,2024-03-27,2.531,44.57,5.535
1026,2024-03-28,2.356,43.03,5.637
1026,2024-03-29,2.381,43.52,5.417
1026,2024-03-30,2.01,41.38,5.501
1026,2024-03-31,1.841,43.09,5.641
1026,2024-04-01,1.917,43.86,5.526
1026,2024-04-02,2.428,43.13,5.515
1026,2024-04-03,2.327,42.83,5.97
1026,2024-04-04,2.356,42.32,5.855
1026,2024-04-05,2.375,44.19,5.785
1026,2024-04-06,2.535,44.2,5.402
1026,2024-04-07,2.081,43.0,5.623
1026,2024-04-08,2.229,43.66,5.415
1026,2024-04-09,2.154,41.97,5.578
1026,2024-04-10,2.302,43.34,5.666
1026,2024-04-11,2.089,44.7,5.601
1026,2024-04-12,2.09,43.65,5.661
1026,2024-04-13,2.527,42.04,5.688
1026,2024-04-14,2.313,43.51,5.459
1026,2024-04-15,2.354,44.89,5.486
1026,2024-04-16,2.233,43.1,5.59
1026,2024-04-17,2.502,41.06,5.635
1026,2024-04-18,2.27,43.94,5.409
1026,2024-04-19,2.192,42.37,5.272
1026,2024-04-20,2.111,44.34,5.534
1026,2024-04-21,2.473,43.02,5.536
1026,2024-04-22,2.18,42.15,5.694
1026,2024-04-23,1.816,44.54,5.637
1026,2024-04-24,2.112,45.14,5.457
1026,2024-04-25,2.304,44.42,5.687
1026,2024-04-26,2.022,44.18,5.91
1026,2024-04-27,2.495,43.69,5.602
1026,2024-04-28,2.348,44.5,5.597
1026,2024-04-29,2.328,44.29,5.581
1026,2024-04-30,2.739,44.62,5.503
1026,2024-05-01,2.423,44.14,5.517
1026,2024-05-02,2.494,44.18,5.468
1026,2024-05-03,2.581,44.39,5.409
1026,2024-05-04,2.684,44.64,5.339
1026,2024-05-05,2.803,44.94,5.259
1026,2024-05-06,2.938,45.27,5.168
1026,2024-05-07,3.088,45.64,5.066
1026,2024-05-08,3.255,46.05,4.953
1026,2024-05-09,,,
1026,2024-05-10,3.635,46.98,4.695
1026,2024-05-11,3.849,47.51,4.55
1026,2024-05-12,4.079,48.07,4.395
1026,2024-05-13,4.325,48.67,4.228
1026,2024-05-14,4.586,49.32,4.051
1026,2024-05-15,4.863,50.0,3.863
1026,2024-05-16,5.157,50.72,3.664
1026,2024-05-17,5.466,51.48,3.455
1026,2024-05-18,2.3,42.45,5.711
1026,2024-05-19,2.106,42.61,5.673
1026,2024-05-20,2.215,42.21,5.833
1026,2024-05-21,2.214,44.19,5.545
1026,2024-05-22,2.296,43.69,5.602
1026,2024-05-23,2.318,44.19,5.6
1026,2024-05-24,2.383,43.86,5.442
1026,2024-05-25,2.491,44.08,5.551
1026,2024-05-26,2.643,44.59,5.426
1026,2024-05-27,2.839,44.79,5.358
1026,2024-05-28,3.077,45.27,5.523
1026,2024-05-29,3.359,45.84,5.494
1026,2024-05-30,3.685,46.5,5.461
1026,2024-05-31,4.054,47.25,5.423
1026,2024-06-01,4.466,48.09,5.34
1026,2024-06-02,4.921,49.01,5.334
1026,2024-06-03,5.42,50.02,5.283
1026,2024-06-04,5.963,51.12,5.228
1026,2024-06-05,6.549,52.31,5.168
1026,2024-06-06,7.178,53.58,5.104
1026,2024-06-07,7.85,54.95,5.035
1026,2024-06-08,8.566,56.4,4.962
1026,2024-06-09,9.326,57.94,4.885
1026,2024-06-10,,,
1026,2024-06-11,10.975,61.28,4.716
1026,2024-06-12,2.493,43.97,5.523
1026,2024-06-13,2.43,44.19,5.461
1026,2024-06-14,2.505,44.46,5.382
1026,2024-06-15,2.596,44.81,5.285
1026,2024-06-16,2.705,45.21,5.17
1026,2024-06-17,2.83,45.68,5.038
1026,2024-06-18,2.972,46.2,4.888
1026,2024-06-19,3.13,46.79,4.721
1026,2024-06-20,3.305,47.44,4.536
1026,2024-06-21,3.497,48.16,4.333
1026,2024-06-22,3.706,48.93,4.112
1026,2024-06-23,3.931,49.77,3.874
1026,2024-06-24,4.173,50.67,3.619
1026,2024-06-25,4.431,51.63,3.345
1026,2024-06-26,4.706,52.66,3.054
1026,2024-06-27,4.998,53.74,2.746
1026,2024-06-28,5.307,54.89,2.42
1026,2024-06-29,5.632,56.1,2.076
1026,2024-06-30,2.396,44.06,5.588
1026,2024-07-01,2.096,42.97,5.578
1026,2024-07-02,2.409,42.59,5.616
1026,2024-07-03,2.601,44.11,5.486
1026,2024-07-04,2.445,44.82,5.545
1026,2024-07-05,2.56,42.14,5.374
1026,2024-07-06,1.974,42.64,5.501
1026,2024-07-07,1.874,44.44,5.808
1026,2024-07-08,2.291,44.66,5.815
1026,2024-07-09,2.226,44.44,5.478
1026,2024-07-10,2.137,43.32,5.697
1026,2024-07-11,2.124,42.89,5.551
1026,2024-07-12,2.397,45.0,5.376
1026,2024-07-13,2.306,43.27,5.57
1026,2024-07-14,2.585,42.08,5.306
1026,2024-07-15,2.191,44.16,5.679
1026,2024-07-16,2.278,44.05,5.574
1026,2024-07-17,2.526,44.17,5.34
1026,2024-07-18,2.509,43.33,5.788
1026,2024-07-19,2.418,43.98,5.534
1026,2024-07-20,2.268,44.94,5.625
1026,2024-07-21,2.153,42.07,5.48
1026,2024-07-22,2.367,43.59,5.422
1026,2024-07-23,2.578,45.74,5.491
1026,2024-07-24,2.47,43.3,5.422
1026,2024-07-25,2.332,42.91,5.783
1026,2024-07-26,2.385,42.53,5.561
1026,2024-07-27,2.506,44.33,5.455
1026,2024-07-28,2.299,45.16,5.519
1026,2024-07-29,2.524,43.46,5.611
1026,2024-07-30,2.331,43.77,5.254
1026,2024-07-31,2.388,44.26,5.759
1026,2024-08-01,2.584,43.67,5.773
1026,2024-08-02,2.124,44.01,5.49
1026,2024-08-03,2.213,44.73,5.68
1026,2024-08-04,2.333,43.38,5.556
1026,2024-08-05,2.369,44.03,5.721
1026,2024-08-06,2.166,42.65,5.621
1026,2024-08-07,2.35,43.01,5.676
1026,2024-08-08,2.178,44.0,5.597
1026,2024-08-09,2.167,45.49,5.68
1026,2024-08-10,2.266,44.23,5.538
1026,2024-08-11,2.62,43.46,5.63
1026,2024-08-12,2.294,44.68,5.7
1026,2024-08-13,2.731,43.36,5.603
1026,2024-08-14,2.446,42.36,5.755
1026,2024-08-15,2.406,43.48,5.644
1026,2024-08-16,2.662,43.89,5.43
1026,2024-08-17,2.379,45.14,5.457
1026,2024-08-18,2.28,42.5,5.814
1026,2024-08-19,2.205,44.42,5.65
1026,2024-08-20,2.118,44.42,5.63
1026,2024-08-21,2.637,43.43,5.579
1026,2024-08-22,2.418,42.55,5.516
1026,2024-08-23,2.17,44.35,5.381
1026,2024-08-24,2.507,44.81,5.694
1026,2024-08-25,2.53,43.42,5.397
1026,2024-08-26,2.63,44.75,5.406
1026,2024-08-27,2.693,45.09,5.516
1026,2024-08-28,2.468,45.43,5.655
1026,2024-08-29,2.47,43.31,5.414
1026,2024-08-30,2.36,42.67,5.517
1026,2024-08-31,2.39,44.44,5.614
1026,2024-09-01,2.459,43.27,5.365
1026,2024-09-02,2.11,41.03,5.529
1026,2024-09-03,2.301,43.26,5.259
1026,2024-09-04,2.713,42.67,5.975
1026,2024-09-05,2.168,44.33,5.527
1026,2024-09-06,2.438,44.49,5.574
1026,2024-09-07,1.967,43.43,5.535
1026,2024-09-08,2.361,43.02,5.611
1026,2024-09-09,2.139,44.8,5.682
1026,2024-09-10,2.232,43.28,5.633
1026,2024-09-11,2.132,43.97,5.378
1026,2024-09-12,2.069,44.34,5.724
1026,2024-09-13,2.581,43.83,5.684
1026,2024-09-14,2.238,43.05,5.45
1026,2024-09-15,2.443,45.66,5.484
1026,2024-09-16,2.566,42.48,5.864
1026,2024-09-17,2.551,42.75,5.768
1026,2024-09-18,2.562,43.7,5.62
1026,2024-09-19,2.321,44.2,5.764
1026,2024-09-20,2.479,42.49,5.653
1026,2024-09-21,2.069,43.39,5.599
1026,2024-09-22,2.405,43.05,5.666
1026,2024-09-23,2.733,43.08,5.864
1026,2024-09-24,2.281,44.92,5.665
1026,2024-09-25,2.446,42.52,5.523
1026,2024-09-26,1.836,45.07,5.598
1026,2024-09-27,2.191,43.93,5.557
1026,2024-09-28,1.85,44.0,5.964
1026,2024-09-29,2.005,43.08,5.801
1026,2024-09-30,2.093,41.39,5.532
1026,2024-10-01,2.35,42.87,5.382
1026,2024-10-02,1.966,43.29,5.583
1026,2024-10-03,2.501,42.69,5.685
1026,2024-10-04,2.495,43.0,5.69
1026,2024-10-05,2.514,43.64,5.927
1026,2024-10-06,2.371,46.45,5.549
1026,2024-10-07,1.963,42.92,5.586
1026,2024-10-08,1.945,43.53,5.786
1026,2024-10-09,1.993,43.86,5.356
1026,2024-10-10,2.373,43.36,5.568
1026,2024-10-11,2.42,41.36,5.769
1026,2024-10-12,1.838,44.25,5.694
1026,2024-10-13,2.434,44.12,5.623
1026,2024-10-14,2.17,44.51,5.472
1026,2024-10-15,2.07,43.38,5.555
1026,2024-10-16,2.246,43.49,5.769
1026,2024-10-17,2.425,44.23,5.545
1026,2024-10-18,,,
1026,2024-10-19,2.593,43.4,5.694
1026,2024-10-20,2.176,40.88,5.422
1026,2024-10-21,1.981,42.7,5.397
1026,2024-10-22,2.367,43.9,5.579
1026,2024-10-23,2.364,44.02,5.546
1026,2024-10-24,2.538,42.63,5.802
1026,2024-10-25,2.49,44.08,5.539
1026,2024-10-26,2.246,42.14,5.264
1026,2024-10-27,2.211,43.8,5.73
1026,2024-10-28,2.305,43.28,5.679
1026,2024-10-29,1.871,43.26,5.462
1026,2024-10-30,,,
1026,2024-10-31,2.088,44.69,5.943
1026,2024-11-01,2.178,45.65,5.698
1026,2024-11-02,2.557,43.03,5.556
1026,2024-11-03,2.364,42.1,5.774
1026,2024-11-04,2.118,43.77,5.484
1026,2024-11-05,2.434,43.61,5.602
1026,2024-11-06,2.02,43.76,5.557
1026,2024-11-07,2.256,44.36,5.545
1026,2024-11-08,1.947,43.41,5.645
1026,2024-11-09,2.105,44.68,5.764
1026,2024-11-10,2.157,43.1,5.515
1026,2024-11-11,2.154,44.43,5.568
1026,2024-11-12,2.333,44.56,5.686
1026,2024-11-13,1.947,43.12,5.363
1026,2024-11-14,1.994,43.14,5.529
1026,2024-11-15,2.121,44.34,5.466
1026,2024-11-16,2.205,43.87,5.755
1026,2024-11-17,2.54,44.26,5.569
1026,2024-11-18,2.35,44.39,5.753
1026,2024-11-19,1.82,44.74,5.288
1026,2024-11-20,2.058,43.8,5.815
1026,2024-11-21,,,
1026,2024-11-22,2.754,44.03,5.396
1026,2024-11-23,2.158,44.4,5.664
1026,2024-11-24,2.559,43.64,5.846
1026,2024-11-25,2.48,44.18,5.724
1026,2024-11-26,2.456,43.22,5.566
1026,2024-11-27,1.712,43.25,5.573
1026,2024-11-28,2.214,44.98,5.696
1026,2024-11-29,2.16,45.22,5.497
1026,2024-11-30,2.443,42.72,5.798
1026,2024-12-01,1.955,45.19,5.707
1026,2024-12-02,2.422,44.17,5.703
1026,2024-12-03,2.332,44.97,5.451
1026,2024-12-04,2.562,44.13,5.32
1026,2024-12-05,2.275,44.52,5.744
1026,2024-12-06,2.068,42.92,5.614
1026,2024-12-07,2.54,44.28,5.431
1026,2024-12-08,2.237,41.79,5.684
1026,2024-12-09,2.027,41.03,5.745
1026,2024-12-10,2.253,43.65,5.706
1026,2024-12-11,2.122,44.3,5.528
1026,2024-12-12,2.247,43.34,5.386
1026,2024-12-13,2.082,44.81,5.684
1026,2024-12-14,2.512,44.53,5.921
1026,2024-12-15,2.283,44.08,5.711
1026,2024-12-16,2.182,43.92,5.738
1026,2024-12-17,2.221,43.43,5.528
1026,2024-12-18,2.054,43.33,5.567
1026,2024-12-19,2.544,44.0,5.4
1026,2024-12-20,1.952,42.25,5.869
1026,2024-12-21,2.486,43.34,5.803
1026,2024-12-22,2.275,42.69,5.654
1026,2024-12-23,2.262,43.7,5.436
1026,2024-12-24,2.748,44.43,5.598
1026,2024-12-25,2.343,45.29,5.606
1026,2024-12-26,2.592,43.39,5.701
1026,2024-12-27,2.005,42.46,5.531
1026,2024-12-28,2.026,45.36,5.612
1026,2024-12-29,2.429,43.43,5.729
1026,2024-12-30,2.643,44.94,5.645
1026,2024-12-31,2.184,45.63,5.796
1026,2025-01-01,2.475,42.03,5.466
1026,2025-01-02,2.389,43.59,5.432
1026,2025-01-03,2.533,43.31,5.659
1026,2025-01-04,2.522,43.14,5.727
1026,2025-01-05,2.177,42.94,5.798
1026,2025-01-06,2.152,43.83,5.491
1026,2025-01-07,1.912,43.12,5.541
1026,2025-01-08,2.144,44.3,5.611
1026,2025-01-09,2.449,43.77,5.378
1026,2025-01-10,1.838,43.73,5.51
1026,2025-01-11,2.598,43.94,5.58
1026,2025-01-12,2.299,43.39,5.642
1026,2025-01-13,2.053,43.65,5.488
1026,2025-01-14,2.453,43.46,5.669
1026,2025-01-15,2.317,43.23,5.47
1026,2025-01-16,1.964,44.42,5.394
1026,2025-01-17,2.116,44.77,5.606
1026,2025-01-18,2.523,44.96,5.439
1026,2025-01-19,2.243,44.65,5.462
1026,2025-01-20,2.506,43.32,5.626
1026,2025-01-21,2.212,41.89,5.526
1026,2025-01-22,2.442,43.89,5.626
1026,2025-01-23,2.257,41.19,5.75
1026,2025-01-24,2.029,43.45,5.471
1026,2025-01-25,2.3,43.16,5.519
1026,2025-01-26,2.395,43.81,5.604
1026,2025-01-27,2.156,42.07,5.632
1026,2025-01-28,2.489,43.48,5.583
1026,2025-01-29,2.28,43.21,5.486
1026,2025-01-30,2.163,42.38,5.585
1026,2025-01-31,2.401,42.28,5.565
1026,2025-02-01,2.306,43.51,5.515
1026,2025-02-02,2.366,42.53,5.575
1026,2025-02-03,1.976,40.28,5.493
1026,2025-02-04,2.305,44.32,5.608
1026,2025-02-05,,,
1026,2025-02-06,2.243,44.15,5.628
1026,2025-02-07,2.081,45.59,5.85
1026,2025-02-08,,,
1026,2025-02-09,2.491,44.54,5.642
1026,2025-02-10,2.12,42.54,5.387
1026,2025-02-11,2.302,44.23,5.588
1026,2025-02-12,2.327,43.96,5.471
1026,2025-02-13,2.396,44.95,5.508
1026,2025-02-14,2.171,44.84,5.637
1026,2025-02-15,2.367,45.06,5.63
1026,2025-02-16,2.827,43.94,5.577
1026,2025-02-17,2.26,43.47,5.606
1026,2025-02-18,2.391,42.53,5.762
1026,2025-02-19,,,
1026,2025-02-20,2.162,43.9,5.626
1026,2025-02-21,2.241,43.29,5.662
1026,2025-02-22,2.095,43.74,5.518
1026,2025-02-23,2.061,43.9,5.77
1026,2025-02-24,2.621,43.32,5.499
1026,2025-02-25,2.133,43.59,5.614
1026,2025-02-26,2.28,43.27,5.722
1026,2025-02-27,2.112,43.93,5.546
1026,2025-02-28,2.219,44.56,5.683
1026,2025-03-01,1.825,43.79,5.512
1026,2025-03-02,2.382,42.4,5.571
1026,2025-03-03,2.139,44.82,5.18
1026,2025-03-04,2.487,43.15,5.736
1026,2025-03-05,2.413,42.91,5.759
1026,2025-03-06,2.193,44.87,5.774
1026,2025-03-07,2.015,44.64,5.842
1026,2025-03-08,2.372,42.44,5.706
1026,2025-03-09,2.208,43.3,5.553
1026,2025-03-10,2.131,43.4,5.823
1026,2025-03-11,2.246,43.42,5.826
1026,2025-03-12,2.386,42.96,5.535
1026,2025-03-13,2.069,42.98,5.364
1026,2025-03-14,2.419,41.46,5.635
1026,2025-03-15,2.337,44.0,5.83
1026,2025-03-16,2.342,43.34,5.46
1026,2025-03-17,2.351,45.86,5.824
1026,2025-03-18,1.964,43.73,5.698
1026,2025-03-19,2.207,43.24,5.842
1026,2025-03-20,2.357,44.75,5.555
1026,2025-03-21,2.18,43.88,5.623
1026,2025-03-22,2.17,43.07,5.522
1026,2025-03-23,2.651,45.38,5.583
1026,2025-03-24,2.295,44.35,5.6
1026,2025-03-25,2.499,43.87,5.5
1026,2025-03-26,2.376,44.28,5.426
1026,2025-03-27,2.457,44.14,5.657
1026,2025-03-28,2.442,44.37,5.681
1026,2025-03-29,2.12,44.67,5.482
1026,2025-03-30,2.123,44.15,5.177
1026,2025-03-31,2.241,44.17,5.393
1026,2025-04-01,2.281,44.15,5.423
1026,2025-04-02,1.95,42.74,5.686
1026,2025-04-03,2.242,42.66,5.68
1026,2025-04-04,2.136,44.54,5.551
1026,2025-04-05,2.397,43.55,5.704
1026,2025-04-06,2.323,41.39,5.587
1026,2025-04-07,1.92,44.12,5.709
1026,2025-04-08,2.704,43.1,5.408
1026,2025-04-09,1.834,42.78,5.521
1026,2025-04-10,2.688,43.78,5.559
1026,2025-04-11,2.257,43.6,5.412
1026,2025-04-12,2.955,43.9,5.733
1026,2025-04-13,2.317,44.51,5.746
1026,2025-04-14,2.464,43.23,5.331
1026,2025-04-15,2.295,43.75,5.86
1026,2025-04-16,2.121,43.85,5.457
1026,2025-04-17,1.89,44.6,5.626
1026,2025-04-18,2.103,43.73,5.543
1026,2025-04-19,2.166,43.25,5.489
1026,2025-04-20,2.32,44.96,5.551
1026,2025-04-21,2.452,42.13,5.841
1026,2025-04-22,2.391,44.03,5.52
1026,2025-04-23,2.313,43.42,5.56
1026,2025-04-24,2.467,45.77,5.756
1026,2025-04-25,2.368,43.19,5.64
1026,2025-04-26,2.635,45.44,5.45
1026,2025-04-27,2.758,44.05,5.554
1026,2025-04-28,2.307,43.14,5.431
1026,2025-04-29,2.333,43.09,5.605
1026,2025-04-30,2.493,42.87,5.297
1026,2025-05-01,2.366,44.24,5.524
1026,2025-05-02,2.36,42.82,5.598
1026,2025-05-03,2.095,44.62,5.552
1026,2025-05-04,2.19,44.78,5.575
1026,2025-05-05,2.392,42.82,5.496
1026,2025-05-06,2.357,42.76,5.713
1026,2025-05-07,2.075,42.66,5.61
1026,2025-05-08,1.995,44.5,5.836
1026,2025-05-09,2.169,44.11,5.68
1026,2025-05-10,2.231,41.26,5.562
1026,2025-05-11,2.245,43.63,5.616
1026,2025-05-12,2.047,44.66,5.913
1026,2025-05-13,1.767,42.31,5.668
1026,2025-05-14,2.221,43.7,5.563
1026,2025-05-15,2.294,42.55,5.348
1026,2025-05-16,2.738,43.05,5.347
1026,2025-05-17,2.228,44.15,5.765
1026,2025-05-18,2.296,44.66,5.602
1026,2025-05-19,,,
1026,2025-05-20,2.453,43.78,5.577
1026,2025-05-21,2.395,43.89,5.471
1026,2025-05-22,2.465,44.05,5.471
1026,2025-05-23,2.56,44.25,5.372
1026,2025-05-24,,,
1026,2025-05-25,2.813,44.79,5.333
1026,2025-05-26,2.971,45.13,5.25
1026,2025-05-27,3.15,45.51,5.157
1026,2025-05-28,3.351,45.94,5.052
1026,2025-05-29,3.572,46.41,4.936
1026,2025-05-30,3.815,46.93,4.81
1026,2025-05-31,4.079,47.49,4.672
1026,2025-06-01,4.363,48.1,4.524
1026,2025-06-02,4.669,48.75,4.364
1026,2025-06-03,4.996,49.45,4.193
1026,2025-06-04,5.344,50.19,4.012
1026,2025-06-05,5.713,50.98,3.819
1026,2025-06-06,6.104,51.81,3.615
1026,2025-06-07,6.515,52.68,3.401
1026,2025-06-08,2.311,43.46,5.346
1026,2025-06-09,2.539,43.79,5.608
1026,2025-06-10,2.553,44.25,5.677
1026,2025-06-11,2.288,43.82,5.327
1026,2025-06-12,2.424,43.54,5.345
1026,2025-06-13,2.474,43.56,5.68
1026,2025-06-14,2.437,43.38,5.606
1026,2025-06-15,2.259,44.28,5.611
1026,2025-06-16,2.104,44.44,5.472
1026,2025-06-17,2.189,43.42,5.652
1026,2025-06-18,2.235,44.57,5.418
1026,2025-06-19,2.828,41.94,5.616
1026,2025-06-20,1.838,43.6,5.63
1026,2025-06-21,2.308,45.47,5.805
1026,2025-06-22,2.532,43.63,5.527
1026,2025-06-23,,,
1026,2025-06-24,2.418,44.76,5.51
1026,2025-06-25,2.096,44.85,5.661
1026,2025-06-26,1.999,44.48,5.506
1026,2025-06-27,2.304,44.92,5.633
1026,2025-06-28,2.334,44.08,5.719
1026,2025-06-29,2.287,46.2,5.503
1026,2025-06-30,2.29,45.32,5.686
1026,2025-07-01,1.945,43.52,5.598
1026,2025-07-02,2.532,43.77,5.348
1026,2025-07-03,2.338,43.66,5.565
1026,2025-07-04,2.215,42.88,5.539
1026,2025-07-05,2.378,43.21,5.841
1026,2025-07-06,2.083,43.28,5.66
1026,2025-07-07,2.051,44.16,5.658
1026,2025-07-08,2.118,41.83,5.423
1026,2025-07-09,2.234,43.46,5.608
1026,2025-07-10,2.032,44.86,5.7
1026,2025-07-11,2.197,44.24,5.297
1026,2025-07-12,2.109,43.72,5.534
1026,2025-07-13,2.184,44.08,5.389
1026,2025-07-14,2.593,43.11,5.594
1026,2025-07-15,2.209,43.5,5.576
1026,2025-07-16,2.211,44.03,5.7
1026,2025-07-17,2.475,45.02,5.82
1026,2025-07-18,2.302,43.05,5.594
1026,2025-07-19,2.573,43.16,5.554
1026,2025-07-20,2.178,43.22,5.703
1026,2025-07-21,2.339,44.23,5.417
1026,2025-07-22,2.059,43.92,5.568
1026,2025-07-23,2.317,42.78,5.447
1026,2025-07-24,2.45,43.42,5.672
1026,2025-07-25,2.228,46.38,5.624
1026,2025-07-26,2.364,42.84,5.346
1026,2025-07-27,2.421,44.34,5.328
1026,2025-07-28,1.902,42.13,5.757
1026,2025-07-29,2.184,43.65,5.639
1026,2025-07-30,2.479,45.0,5.602
1026,2025-07-31,2.297,44.51,5.698
1026,2025-08-01,2.253,43.45,5.536
1026,2025-08-02,2.291,43.37,5.575
1026,2025-08-03,2.279,42.76,5.684
1026,2025-08-04,2.164,44.45,5.714
1026,2025-08-05,2.227,45.19,5.826
1026,2025-08-06,2.312,43.42,5.47
1026,2025-08-07,2.576,42.9,5.601
1026,2025-08-08,2.259,43.66,5.497
1026,2025-08-09,2.091,44.35,5.998
1026,2025-08-10,2.254,41.81,5.44
1026,2025-08-11,2.457,44.78,5.576
1026,2025-08-12,2.383,42.77,5.91
1026,2025-08-13,2.129,43.45,5.516
1026,2025-08-14,2.354,44.76,5.769
1026,2025-08-15,2.275,44.93,5.661
1026,2025-08-16,2.371,44.55,5.612
1026,2025-08-17,2.481,42.6,5.784
1026,2025-08-18,2.345,44.25,5.54
1026,2025-08-19,2.101,44.36,5.495
1026,2025-08-20,1.982,44.3,5.543
1026,2025-08-21,2.164,44.56,5.653
1026,2025-08-22,2.443,44.66,5.7
1026,2025-08-23,2.339,41.8,5.554
1026,2025-08-24,2.011,44.4,5.56
1026,2025-08-25,1.944,42.54,5.334
1026,2025-08-26,2.274,44.62,5.592
1026,2025-08-27,1.935,43.48,5.429
1026,2025-08-28,2.33,44.14,5.641
1026,2025-08-29,2.269,44.03,5.899
1026,2025-08-30,1.968,44.4,5.847
1026,2025-08-31,2.255,43.75,5.753
1026,2025-09-01,2.113,42.61,5.622
1026,2025-09-02,2.179,43.49,5.64
1026,2025-09-03,2.354,42.18,5.598
1026,2025-09-04,2.027,43.38,5.708
1026,2025-09-05,2.508,44.4,5.596
1026,2025-09-06,2.562,45.16,5.335
1026,2025-09-07,2.178,44.24,5.619
1026,2025-09-08,2.511,43.37,5.835
1026,2025-09-09,1.722,44.35,5.506
1026,2025-09-10,2.182,43.6,5.351
1026,2025-09-11,1.902,43.3,5.601
1026,2025-09-12,2.164,43.52,5.688
1026,2025-09-13,2.728,43.81,5.691
1026,2025-09-14,1.881,43.16,5.764
1026,2025-09-15,2.517,44.03,5.45
1026,2025-09-16,2.379,42.8,5.767
1026,2025-09-17,1.875,44.14,5.667
1026,2025-09-18,2.421,43.03,5.531
1026,2025-09-19,2.064,42.91,5.794
1026,2025-09-20,2.153,43.55,5.797
1026,2025-09-21,2.525,42.97,5.684
1026,2025-09-22,2.456,42.11,5.515
1026,2025-09-23,1.999,42.99,5.727
1026,2025-09-24,2.333,44.35,5.497
1026,2025-09-25,2.254,43.94,5.803
1026,2025-09-26,2.275,42.38,5.571
1026,2025-09-27,,,
1026,2025-09-28,2.299,43.08,5.535
1026,2025-09-29,2.595,44.49,6.121
1026,2025-09-30,2.223,43.65,5.342
1026,2025-10-01,2.436,42.3,5.618
1026,2025-10-02,2.099,44.63,5.636
1026,2025-10-03,2.196,43.63,5.57
1026,2025-10-04,2.079,45.34,5.751
1026,2025-10-05,2.335,42.92,5.266
1026,2025-10-06,2.102,44.34,5.495
1026,2025-10-07,2.108,42.77,5.625
1026,2025-10-08,2.224,43.2,5.963
1026,2025-10-09,2.1,42.25,5.825
1026,2025-10-10,2.462,44.63,5.68
1026,2025-10-11,1.867,42.61,5.582
1026,2025-10-12,2.101,44.1,5.645
1026,2025-10-13,2.371,42.42,5.881
1026,2025-10-14,2.642,44.87,5.692
1026,2025-10-15,2.432,43.82,5.534
1026,2025-10-16,2.279,43.18,5.388
1026,2025-10-17,,,
1026,2025-10-18,2.337,43.18,5.565
1026,2025-10-19,2.242,46.52,5.613
1026,2025-10-20,2.252,44.69,5.766
1026,2025-10-21,2.038,43.92,5.738
1026,2025-10-22,2.471,45.72,5.553
1026,2025-10-23,2.216,42.82,5.684
1026,2025-10-24,2.508,43.31,5.767
1026,2025-10-25,2.455,44.15,5.361
1026,2025-10-26,2.168,43.1,5.585
1026,2025-10-27,1.932,42.13,5.623
1026,2025-10-28,2.236,43.21,5.372
1026,2025-10-29,2.505,43.2,5.518
1026,2025-10-30,2.886,44.48,5.805
1026,2025-10-31,2.22,42.4,5.655
1026,2025-11-01,2.349,43.01,5.444
1026,2025-11-02,2.204,44.07,5.689
1026,2025-11-03,2.477,43.49,5.736
1026,2025-11-04,1.533,42.89,5.54
1026,2025-11-05,2.52,42.74,5.393
1026,2025-11-06,2.451,45.04,5.578
1026,2025-11-07,2.216,43.12,5.522
1026,2025-11-08,2.025,43.18,5.584
1026,2025-11-09,2.26,43.35,5.415
1026,2025-11-10,2.394,42.34,5.657
1026,2025-11-11,1.923,43.28,5.693
1026,2025-11-12,2.494,43.45,5.788
1026,2025-11-13,2.34,43.28,5.392
1026,2025-11-14,2.075,43.71,5.736
1026,2025-11-15,2.656,43.16,5.577
1026,2025-11-16,2.366,44.31,5.8
1026,2025-11-17,2.441,44.2,5.502
1026,2025-11-18,2.219,45.24,5.525
1026,2025-11-19,2.345,41.19,5.588
1026,2025-11-20,2.094,43.44,5.363
1026,2025-11-21,1.866,44.27,5.505
1026,2025-11-22,2.518,42.92,5.649
1026,2025-11-23,2.41,42.33,5.641
1026,2025-11-24,2.106,44.02,5.728
1026,2025-11-25,2.194,43.89,5.775
1026,2025-11-26,2.284,46.09,5.242
1026,2025-11-27,2.6,43.88,5.654
1026,2025-11-28,2.38,44.71,5.627
1026,2025-11-29,2.47,45.92,5.419
1026,2025-11-30,1.912,43.05,5.556
1026,2025-12-01,,,
1026,2025-12-02,2.387,41.49,5.929
1026,2025-12-03,2.506,45.44,5.573
1026,2025-12-04,2.418,41.99,5.611
1026,2025-12-05,2.395,42.33,5.805
1026,2025-12-06,2.589,44.19,5.565
1026,2025-12-07,2.32,43.12,5.766
1026,2025-12-08,1.66,44.85,5.389
1026,2025-12-09,2.212,43.86,5.791
1026,2025-12-10,2.142,43.46,5.502
1026,2025-12-11,2.121,42.35,5.579
1026,2025-12-12,2.629,44.85,5.378
1026,2025-12-13,2.261,43.62,5.206
1026,2025-12-14,1.936,43.53,5.672
1026,2025-12-15,2.049,44.39,5.611
1026,2025-12-16,2.319,43.9,5.38
1026,2025-12-17,2.134,43.54,5.636
1026,2025-12-18,2.4,43.67,5.713
1026,2025-12-19,2.409,44.08,5.575
1026,2025-12-20,2.248,44.18,5.564
1026,2025-12-21,2.258,42.33,5.573
1026,2025-12-22,1.981,44.37,5.699
1026,2025-12-23,1.944,41.92,5.695
1026,2025-12-24,2.269,46.49,5.557
1026,2025-12-25,2.345,42.88,5.401
1026,2025-12-26,2.292,44.44,5.384
1026,2025-12-27,1.993,43.15,5.434
1026,2025-12-28,2.072,41.58,5.775
1026,2025-12-29,2.212,43.91,5.66
1026,2025-12-30,2.224,42.65,5.65
1026,2025-12-31,2.427,43.84,5.734
1027,2024-01-01,,,
1027,2024-01-02,2.29,49.45,6.169
1027,2024-01-03,2.262,48.91,6.229
1027,2024-01-04,2.345,49.68,6.192
1027,2024-01-05,1.938,51.5,5.954
1027,2024-01-06,2.17,48.58,6.149
1027,2024-01-07,2.122,50.43,6.312
1027,2024-01-08,1.82,50.53,6.122
1027,2024-01-09,2.505,49.8,6.124
1027,2024-01-10,2.56,51.75,5.908
1027,2024-01-11,2.315,49.0,6.04
1027,2024-01-12,2.297,50.07,6.244
1027,2024-01-13,2.104,49.39,6.192
1027,2024-01-14,2.318,49.42,6.397
1027,2024-01-15,2.422,48.58,6.272
1027,2024-01-16,2.212,50.12,6.255
1027,2024-01-17,2.213,49.47,6.416
1027,2024-01-18,2.652,51.3,6.132
1027,2024-01-19,2.468,48.81,6.393
1027,2024-01-20,2.209,48.31,6.126
1027,2024-01-21,2.241,49.27,6.263
1027,2024-01-22,2.201,49.74,6.126
1027,2024-01-23,2.097,50.02,6.042
1027,2024-01-24,2.278,48.66,5.938
1027,2024-01-25,2.215,47.32,6.065
1027,2024-01-26,1.854,48.7,6.273
1027,2024-01-27,2.345,48.17,6.169
1027,2024-01-28,2.094,49.09,6.264
1027,2024-01-29,2.205,48.36,6.303
1027,2024-01-30,2.153,50.77,6.34
1027,2024-01-31,2.481,48.29,6.256
1027,2024-02-01,2.175,49.39,6.167
1027,2024-02-02,2.355,49.64,6.329
1027,2024-02-03,2.01,48.69,5.917
1027,2024-02-04,2.144,48.82,6.202
1027,2024-02-05,2.474,47.82,6.132
1027,2024-02-06,2.23,47.83,5.987
1027,2024-02-07,2.255,50.62,6.108
1027,2024-02-08,1.902,49.6,6.122
1027,2024-02-09,2.238,48.82,6.136
1027,2024-02-10,2.312,49.79,6.263
1027,2024-02-11,2.366,48.72,6.187
1027,2024-02-12,1.858,48.97,6.281
1027,2024-02-13,2.254,51.22,6.26
1027,2024-02-14,2.324,49.78,6.299
1027,2024-02-15,2.313,49.52,6.247
1027,2024-02-16,2.056,49.14,5.956
1027,2024-02-17,2.177,49.2,5.917
1027,2024-02-18,2.309,49.45,6.177
1027,2024-02-19,2.009,50.39,6.368
1027,2024-02-20,2.25,50.52,6.159
1027,2024-02-21,2.107,51.05,6.184
1027,2024-02-22,2.755,47.67,6.104
1027,2024-02-23,1.957,48.17,6.044
1027,2024-02-24,2.27,48.94,6.173
1027,2024-02-25,2.203,47.53,6.123
1027,2024-02-26,2.183,49.66,5.894
1027,2024-02-27,2.285,49.3,6.183
1027,2024-02-28,2.35,49.42,5.963
1027,2024-02-29,2.464,48.96,6.005
1027,2024-03-01,2.079,50.44,6.333
1027,2024-03-02,1.966,48.7,6.329
1027,2024-03-03,2.165,50.14,6.345
1027,2024-03-04,2.041,48.94,6.319
1027,2024-03-05,2.328,48.73,6.246
1027,2024-03-06,2.486,48.95,6.176
1027,2024-03-07,2.192,49.07,6.036
1027,2024-03-08,2.258,49.52,6.335
1027,2024-03-09,2.126,49.94,6.304
1027,2024-03-10,2.19,49.83,5.949
1027,2024-03-11,2.274,48.13,6.281
1027,2024-03-12,2.625,49.0,6.348
1027,2024-03-13,1.879,49.42,6.239
1027,2024-03-14,2.543,48.74,6.13
1027,2024-03-15,1.985,49.9,6.177
1027,2024-03-16,2.206,48.03,6.107
1027,2024-03-17,2.412,48.88,6.191
1027,2024-03-18,2.175,48.18,6.452
1027,2024-03-19,2.176,49.92,6.15
1027,2024-03-20,2.086,48.55,6.196
1027,2024-03-21,2.14,48.75,6.41
1027,2024-03-22,2.264,49.6,6.455
1027,2024-03-23,2.444,49.89,6.11
1027,2024-03-24,2.116,49.29,6.138
1027,2024-03-25,2.256,49.45,6.151
1027,2024-03-26,2.168,48.27,6.208
1027,2024-03-27,2.314,48.66,6.022
1027,2024-03-28,2.312,48.24,6.187
1027,2024-03-29,1.75,49.95,6.121
1027,2024-03-30,2.091,49.07,6.261
1027,2024-03-31,2.541,49.62,6.124
1027,2024-04-01,2.644,47.27,6.11
1027,2024-04-02,2.064,48.42,6.205
1027,2024-04-03,2.66,49.55,6.358
1027,2024-04-04,2.318,50.09,6.394
1027,2024-04-05,1.936,47.87,6.176
1027,2024-04-06,2.175,50.24,6.296
1027,2024-04-07,2.476,48.38,5.944
1027,2024-04-08,2.483,48.86,6.228
1027,2024-04-09,2.24,49.4,6.222
1027,2024-04-10,2.158,50.74,6.09
1027,2024-04-11,1.915,48.96,6.528
1027,2024-04-12,2.165,48.64,6.327
1027,2024-04-13,1.897,50.87,6.112
1027,2024-04-14,2.242,51.22,6.462
1027,2024-04-15,2.201,49.1,6.212
1027,2024-04-16,2.251,50.35,6.122
1027,2024-04-17,2.498,49.88,6.319
1027,2024-04-18,2.073,49.69,6.391
1027,2024-04-19,1.851,49.15,6.281
1027,2024-04-20,1.95,49.09,6.219
1027,2024-04-21,2.414,48.05,6.211
1027,2024-04-22,1.969,48.94,6.273
1027,2024-04-23,2.375,47.86,5.911
1027,2024-04-24,2.057,48.92,6.394
1027,2024-04-25,2.514,48.89,6.239
1027,2024-04-26,,,
1027,2024-04-27,2.019,48.8,6.491
1027,2024-04-28,2.54,49.77,6.099
1027,2024-04-29,2.476,49.25,6.164
1027,2024-04-30,2.232,51.41,6.158
1027,2024-05-01,2.269,49.33,6.16
1027,2024-05-02,2.33,49.44,6.118
1027,2024-05-03,2.531,49.6,6.059
1027,2024-05-04,2.526,49.79,5.984
1027,2024-05-05,2.661,50.03,5.891
1027,2024-05-06,2.82,50.32,5.783
1027,2024-05-07,3.003,50.65,5.657
1027,2024-05-08,3.211,51.02,5.514
1027,2024-05-09,3.444,51.44,5.355
1027,2024-05-10,3.701,51.9,5.179
1027,2024-05-11,3.982,52.4,4.986
1027,2024-05-12,4.288,52.95,4.777
1027,2024-05-13,4.619,53.54,4.55
1027,2024-05-14,4.974,54.17,4.307
1027,2024-05-15,5.353,54.85,4.047
1027,2024-05-16,5.757,55.58,3.771
1027,2024-05-17,6.185,56.34,3.477
1027,2024-05-18,,,
1027,2024-05-19,7.116,58.01,2.84
1027,2024-05-20,2.17,48.27,6.262
1027,2024-05-21,2.42,50.35,5.972
1027,2024-05-22,2.511,49.5,6.043
1027,2024-05-23,2.33,49.55,6.216
1027,2024-05-24,1.907,50.81,5.942
1027,2024-05-25,2.248,48.48,6.099
1027,2024-05-26,2.527,49.38,6.028
1027,2024-05-27,2.573,50.38,6.161
1027,2024-05-28,2.213,50.16,6.269
1027,2024-05-29,1.803,48.92,6.173
1027,2024-05-30,2.19,49.28,6.245
1027,2024-05-31,1.96,47.48,6.261
1027,2024-06-01,1.982,50.0,5.996
1027,2024-06-02,2.253,49.6,6.02
1027,2024-06-03,2.408,47.72,5.855
1027,2024-06-04,2.011,49.0,6.443
1027,2024-06-05,1.993,49.63,6.036
1027,2024-06-06,2.154,51.14,6.106
1027,2024-06-07,2.445,48.97,6.13
1027,2024-06-08,2.453,49.48,6.371
1027,2024-06-09,2.194,50.04,6.291
1027,2024-06-10,2.271,48.93,6.156
1027,2024-06-11,2.076,47.57,6.07
1027,2024-06-12,2.115,48.29,6.029
1027,2024-06-13,2.343,50.99,6.157
1027,2024-06-14,,,
1027,2024-06-15,2.504,50.53,6.35
1027,2024-06-16,2.279,49.5,6.093
1027,2024-06-17,,,
1027,2024-06-18,2.21,50.56,6.23
1027,2024-06-19,2.415,48.69,6.343
1027,2024-06-20,2.391,50.22,6.206
1027,2024-06-21,2.12,49.47,6.146
1027,2024-06-22,2.137,49.3,6.455
1027,2024-06-23,2.418,48.9,6.36
1027,2024-06-24,2.026,49.45,6.418
1027,2024-06-25,2.388,47.86,6.495
1027,2024-06-26,2.248,49.24,6.091
1027,2024-06-27,2.518,47.46,6.436
1027,2024-06-28,2.081,48.53,6.14
1027,2024-06-29,2.668,48.06,6.15
1027,2024-06-30,2.214,48.15,6.081
1027,2024-07-01,1.987,49.37,6.056
1027,2024-07-02,2.14,47.16,6.253
1027,2024-07-03,2.439,49.57,5.929
1027,2024-07-04,2.206,49.25,6.152
1027,2024-07-05,1.947,49.5,6.157
1027,2024-07-06,2.024,50.58,5.955
1027,2024-07-07,2.571,49.19,6.5
1027,2024-07-08,1.862,51.29,6.011
1027,2024-07-09,1.91,49.74,6.102
1027,2024-07-10,2.408,48.87,6.192
1027,2024-07-11,2.325,49.36,6.39
1027,2024-07-12,2.12,50.12,6.144
1027,2024-07-13,2.206,48.0,6.103
1027,2024-07-14,2.659,49.63,6.348
1027,2024-07-15,1.937,48.9,6.138
1027,2024-07-16,2.312,49.49,6.345
1027,2024-07-17,2.13,48.74,6.168
1027,2024-07-18,2.565,50.1,6.197
1027,2024-07-19,1.789,50.36,6.353
1027,2024-07-20,2.099,49.18,6.04
1027,2024-07-21,2.273,49.46,6.052
1027,2024-07-22,2.326,49.93,6.323
1027,2024-07-23,2.034,50.02,6.069
1027,2024-07-24,2.336,48.98,6.157
1027,2024-07-25,2.349,50.17,6.154
1027,2024-07-26,1.739,48.59,6.053
1027,2024-07-27,2.256,48.92,5.893
1027,2024-07-28,2.287,49.33,6.166
1027,2024-07-29,2.44,48.43,6.106
1027,2024-07-30,2.128,48.24,6.402
1027,2024-07-31,1.955,49.61,6.272
1027,2024-08-01,1.936,49.7,6.057
1027,2024-08-02,2.125,49.86,6.076
1027,2024-08-03,2.282,47.83,6.162
1027,2024-08-04,,,
1027,2024-08-05,2.045,47.8,6.136
1027,2024-08-06,1.999,50.08,6.004
1027,2024-08-07,2.26,50.68,6.098
1027,2024-08-08,2.194,48.81,6.197
1027,2024-08-09,1.801,50.42,5.987
1027,2024-08-10,2.446,47.9,6.203
1027,2024-08-11,2.131,49.86,6.445
1027,2024-08-12,2.3,47.54,6.016
1027,2024-08-13,2.176,49.26,6.199
1027,2024-08-14,1.958,48.73,6.379
1027,2024-08-15,2.072,48.75,6.072
1027,2024-08-16,2.099,48.97,6.349
1027,2024-08-17,2.014,48.99,6.455
1027,2024-08-18,2.523,48.87,6.263
1027,2024-08-19,2.018,49.65,6.188
1027,2024-08-20,2.365,49.2,6.568
1027,2024-08-21,1.977,49.03,6.185
1027,2024-08-22,2.245,48.56,6.196
1027,2024-08-23,2.293,47.09,6.185
1027,2024-08-24,2.406,48.36,6.12
1027,2024-08-25,2.22,50.64,6.233
1027,2024-08-26,2.169,47.24,5.978
1027,2024-08-27,2.513,48.62,6.405
1027,2024-08-28,2.331,48.7,6.089
1027,2024-08-29,2.087,49.43,6.161
1027,2024-08-30,2.206,49.04,6.147
1027,2024-08-31,2.168,50.41,6.384
1027,2024-09-01,2.343,49.91,6.197
1027,2024-09-02,2.567,48.61,6.356
1027,2024-09-03,2.055,47.87,6.278
1027,2024-09-04,2.459,49.89,6.069
1027,2024-09-05,2.27,50.08,6.025
1027,2024-09-06,2.25,50.58,6.352
1027,2024-09-07,2.203,50.37,6.163
1027,2024-09-08,2.407,49.36,6.236
1027,2024-09-09,2.183,49.61,5.991
1027,2024-09-10,1.91,48.59,6.269
1027,2024-09-11,2.308,49.11,6.276
1027,2024-09-12,2.065,51.03,6.104
1027,2024-09-13,2.484,49.22,6.021
1027,2024-09-14,2.003,47.94,6.177
1027,2024-09-15,2.338,49.01,5.994
1027,2024-09-16,2.072,49.21,6.197
1027,2024-09-17,1.973,48.57,6.217
1027,2024-09-18,2.563,48.12,6.301
1027,2024-09-19,2.37,50.38,6.252
1027,2024-09-20,2.159,48.75,6.145
1027,2024-09-21,2.093,49.11,6.227
1027,2024-09-22,1.879,50.15,6.031
1027,2024-09-23,2.265,49.74,6.415
1027,2024-09-24,1.969,48.12,6.201
1027,2024-09-25,1.79,48.17,6.142
1027,2024-09-26,2.196,50.22,6.246
1027,2024-09-27,1.93,48.85,6.104
1027,2024-09-28,2.084,50.59,6.228
1027,2024-09-29,2.251,52.13,6.328
1027,2024-09-30,2.314,48.25,6.291
1027,2024-10-01,2.024,49.25,6.446
1027,2024-10-02,2.252,48.31,6.161
1027,2024-10-03,2.351,50.46,6.165
1027,2024-10-04,1.84,49.17,5.958
1027,2024-10-05,2.075,52.42,6.079
1027,2024-10-06,2.541,50.16,6.261
1027,2024-10-07,2.241,49.53,6.215
1027,2024-10-08,2.466,48.08,6.264
1027,2024-10-09,2.277,49.66,6.378
1027,2024-10-10,2.536,49.59,6.314
1027,2024-10-11,2.015,47.92,6.119
1027,2024-10-12,2.125,48.57,6.488
1027,2024-10-13,2.403,50.72,6.28
1027,2024-10-14,2.127,50.12,6.32
1027,2024-10-15,2.072,48.16,6.388
1027,2024-10-16,2.237,49.44,6.383
1027,2024-10-17,2.393,49.75,6.021
1027,2024-10-18,2.174,49.1,6.149
1027,2024-10-19,2.48,50.88,6.147
1027,2024-10-20,1.974,49.01,6.138
1027,2024-10-21,1.813,47.52,6.261
1027,2024-10-22,2.392,50.34,6.279
1027,2024-10-23,1.675,49.09,6.376
1027,2024-10-24,2.305,47.43,6.117
1027,2024-10-25,2.55,49.24,6.173
1027,2024-10-26,2.394,50.72,6.249
1027,2024-10-27,2.623,49.66,6.285
1027,2024-10-28,1.807,50.33,6.07
1027,2024-10-29,2.071,48.4,6.136
1027,2024-10-30,2.507,49.85,6.264
1027,2024-10-31,2.066,49.33,6.404
1027,2024-11-01,2.117,49.59,5.849
1027,2024-11-02,2.239,48.93,6.217
1027,2024-11-03,2.046,49.92,6.196
1027,2024-11-04,2.38,50.64,6.2
1027,2024-11-05,2.353,51.25,6.103
1027,2024-11-06,2.357,48.88,6.257
1027,2024-11-07,2.256,49.59,6.181
1027,2024-11-08,2.143,48.81,6.131
1027,2024-11-09,2.236,49.6,6.283
1027,2024-11-10,2.057,48.3,6.106
1027,2024-11-11,2.271,50.04,6.168
1027,2024-11-12,2.544,50.95,6.372
1027,2024-11-13,2.703,48.9,6.284
1027,2024-11-14,2.34,50.11,6.068
1027,2024-11-15,2.643,49.89,6.046
1027,2024-11-16,2.193,49.57,6.19
1027,2024-11-17,2.408,49.89,6.193
1027,2024-11-18,1.882,49.0,6.412
1027,2024-11-19,2.534,49.69,6.226
1027,2024-11-20,1.956,50.03,6.067
1027,2024-11-21,2.06,48.95,6.328
1027,2024-11-22,2.5,50.5,6.295
1027,2024-11-23,2.477,49.91,6.195
1027,2024-11-24,2.207,49.32,6.232
1027,2024-11-25,2.472,49.71,6.499
1027,2024-11-26,2.034,50.18,6.115
1027,2024-11-27,2.54,50.28,6.191
1027,2024-11-28,2.185,47.43,6.324
1027,2024-11-29,2.073,49.94,6.43
1027,2024-11-30,2.636,50.05,5.818
1027,2024-12-01,2.306,48.49,6.186
1027,2024-12-02,2.486,50.81,6.181
1027,2024-12-03,2.133,50.52,6.109
1027,2024-12-04,,,
1027,2024-12-05,2.031,50.63,6.264
1027,2024-12-06,2.497,51.25,6.025
1027,2024-12-07,2.478,48.77,5.954
1027,2024-12-08,2.402,49.19,6.35
1027,2024-12-09,2.384,48.66,6.075
1027,2024-12-10,1.785,48.77,5.873
1027,2024-12-11,2.418,49.11,6.145
1027,2024-12-12,2.418,48.83,6.241
1027,2024-12-13,2.199,49.02,6.183
1027,2024-12-14,2.324,49.73,6.196
1027,2024-12-15,2.12,48.88,6.066
1027,2024-12-16,2.383,48.16,6.469
1027,2024-12-17,2.344,50.85,6.089
1027,2024-12-18,2.186,48.29,6.024
1027,2024-12-19,2.338,49.25,5.954
1027,2024-12-20,2.346,49.27,6.186
1027,2024-12-21,2.272,49.33,6.143
1027,2024-12-22,2.421,49.44,6.13
1027,2024-12-23,2.372,49.6,6.081
1027,2024-12-24,2.424,49.79,6.018
1027,2024-12-25,2.514,50.03,5.941
1027,2024-12-26,2.621,50.32,5.85
1027,2024-12-27,2.744,50.65,5.744
1027,2024-12-28,2.883,51.02,5.625
1027,2024-12-29,3.038,51.44,5.492
1027,2024-12-30,3.21,51.9,5.345
1027,2024-12-31,3.398,52.4,5.183
1027,2025-01-01,3.603,52.95,5.008
1027,2025-01-02,,,
1027,2025-01-03,4.061,54.17,4.615
1027,2025-01-04,4.314,54.85,4.398
1027,2025-01-05,4.584,55.58,4.166
1027,2025-01-06,4.871,56.34,3.921
1027,2025-01-07,5.174,57.15,3.662
1027,2025-01-08,5.493,58.01,3.388
1027,2025-01-09,2.467,50.06,6.072
1027,2025-01-10,,,
1027,2025-01-11,2.078,48.4,6.107
1027,2025-01-12,2.076,48.15,6.409
1027,2025-01-13,2.344,50.37,6.251
1027,2025-01-14,2.262,49.29,6.34
1027,2025-01-15,2.142,49.5,6.215
1027,2025-01-16,2.327,50.7,5.862
1027,2025-01-17,2.232,50.29,6.169
1027,2025-01-18,2.366,49.62,6.105
1027,2025-01-19,2.576,47.44,6.086
1027,2025-01-20,2.343,46.97,6.658
1027,2025-01-21,2.205,48.41,6.011
1027,2025-01-22,2.481,48.86,6.194
1027,2025-01-23,2.162,49.0,6.228
1027,2025-01-24,2.334,49.25,6.193
1027,2025-01-25,2.232,49.52,6.187
1027,2025-01-26,2.403,50.12,6.167
1027,2025-01-27,,,
1027,2025-01-28,2.407,49.59,6.089
1027,2025-01-29,2.512,49.93,6.03
1027,2025-01-30,2.641,50.03,5.958
1027,2025-01-31,2.793,50.31,5.874
1027,2025-02-01,2.968,50.64,5.776
1027,2025-02-02,3.167,51.01,5.665
1027,2025-02-03,3.389,51.43,5.541
1027,2025-02-04,3.635,51.88,5.404
1027,2025-02-05,3.903,52.39,5.254
1027,2025-02-06,4.196,52.93,5.091
1027,2025-02-07,4.511,53.52,4.915
1027,2025-02-08,4.85,54.15,4.726
1027,2025-02-09,5.213,54.83,4.523
1027,2025-02-10,5.599,55.55,4.308
1027,2025-02-11,6.008,56.31,4.08
1027,2025-02-12,6.44,57.12,3.839
1027,2025-02-13,6.896,57.97,3.584
1027,2025-02-14,2.162,49.15,6.117
1027,2025-02-15,2.118,48.19,6.251
1027,2025-02-16,2.192,49.2,6.589
1027,2025-02-17,2.242,47.71,5.936
1027,2025-02-18,2.606,49.2,6.382
1027,2025-02-19,2.414,50.29,6.272
1027,2025-02-20,2.307,49.63,6.353
1027,2025-02-21,2.41,50.31,6.003
1027,2025-02-22,2.413,50.65,6.386
1027,2025-02-23,2.586,48.59,6.328
1027,2025-02-24,2.237,49.61,6.146
1027,2025-02-25,2.123,49.61,6.322
1027,2025-02-26,2.311,49.22,5.922
1027,2025-02-27,1.971,47.04,6.285
1027,2025-02-28,2.208,49.33,6.394
1027,2025-03-01,1.96,49.1,6.004
1027,2025-03-02,1.835,49.13,6.369
1027,2025-03-03,2.386,49.1,6.346
1027,2025-03-04,2.22,50.39,6.161
1027,2025-03-05,2.327,50.85,6.085
1027,2025-03-06,2.233,48.57,5.915
1027,2025-03-07,2.327,50.29,6.018
1027,2025-03-08,2.436,48.75,6.097
1027,2025-03-09,2.366,49.17,6.36
1027,2025-03-10,2.196,49.17,6.123
1027,2025-03-11,2.34,48.66,6.325
1027,2025-03-12,2.099,49.73,6.165
1027,2025-03-13,2.133,50.36,6.144
1027,2025-03-14,2.345,50.07,6.241
1027,2025-03-15,2.349,48.7,6.34
1027,2025-03-16,1.876,49.29,6.194
1027,2025-03-17,2.009,49.13,6.272
1027,2025-03-18,2.365,50.27,6.141
1027,2025-03-19,2.134,49.84,6.075
1027,2025-03-20,2.146,49.47,6.274
1027,2025-03-21,2.306,49.69,6.291
1027,2025-03-22,2.299,49.18,5.947
1027,2025-03-23,2.178,49.12,6.177
1027,2025-03-24,2.03,50.63,6.319
1027,2025-03-25,2.453,50.33,6.119
1027,2025-03-26,2.293,48.44,5.982
1027,2025-03-27,2.236,49.09,6.145
1027,2025-03-28,1.877,49.98,5.745
1027,2025-03-29,2.335,48.57,6.23
1027,2025-03-30,1.647,50.86,6.301
1027,2025-03-31,2.306,49.33,6.336
1027,2025-04-01,2.101,48.96,6.269
1027,2025-04-02,2.0,50.21,6.284
1027,2025-04-03,2.178,49.67,6.331
1027,2025-04-04,2.267,48.21,6.158
1027,2025-04-05,2.088,50.67,6.183
1027,2025-04-06,2.297,48.77,5.986
1027,2025-04-07,2.293,51.06,6.366
1027,2025-04-08,2.295,49.99,6.087
1027,2025-04-09,2.222,50.57,6.223
1027,2025-04-10,2.036,50.18,5.985
1027,2025-04-11,2.114,48.86,6.175
1027,2025-04-12,2.09,48.48,6.124
1027,2025-04-13,2.041,49.73,6.327
1027,2025-04-14,2.005,50.31,6.342
1027,2025-04-15,2.305,47.14,6.137
1027,2025-04-16,2.409,50.99,5.866
1027,2025-04-17,2.061,46.96,6.158
1027,2025-04-18,1.996,48.66,5.927
1027,2025-04-19,2.106,51.22,6.386
1027,2025-04-20,2.117,49.59,6.009
1027,2025-04-21,2.242,49.03,6.304
1027,2025-04-22,1.983,49.66,6.192
1027,2025-04-23,2.069,51.53,6.091
1027,2025-04-24,2.425,49.14,5.969
1027,2025-04-25,2.023,49.67,6.179
1027,2025-04-26,2.345,49.27,5.927
1027,2025-04-27,2.287,50.86,6.439
1027,2025-04-28,2.609,49.74,6.227
1027,2025-04-29,1.98,48.77,5.819
1027,2025-04-30,2.205,47.58,5.883
1027,2025-05-01,2.288,51.33,6.341
1027,2025-05-02,1.909,48.87,6.154
1027,2025-05-03,2.141,50.13,6.076
1027,2025-05-04,2.277,48.74,6.272
1027,2025-05-05,2.025,48.8,6.315
1027,2025-05-06,2.313,49.32,5.969
1027,2025-05-07,1.928,49.33,6.317
1027,2025-05-08,2.52,48.4,6.256
1027,2025-05-09,2.197,50.32,6.205
1027,2025-05-10,2.289,49.97,6.141
1027,2025-05-11,2.524,48.72,6.065
1027,2025-05-12,2.579,49.25,5.823
1027,2025-05-13,2.229,49.37,6.188
1027,2025-05-14,2.258,49.36,6.173
1027,2025-05-15,2.306,49.49,6.147
1027,2025-05-16,,,
1027,2025-05-17,2.459,49.94,6.031
1027,2025-05-18,2.564,50.24,6.007
1027,2025-05-19,2.688,50.6,5.939
1027,2025-05-20,2.831,51.02,5.861
1027,2025-05-21,2.994,51.49,5.746
1027,2025-05-22,3.175,52.01,5.609
1027,2025-05-23,3.376,52.59,5.453
1027,2025-05-24,3.595,53.23,5.28
1027,2025-05-25,3.834,53.92,5.088
1027,2025-05-26,4.092,54.66,4.878
1027,2025-05-27,4.369,55.47,4.649
1027,2025-05-28,4.665,56.32,4.403
1027,2025-05-29,4.98,57.24,4.138
1027,2025-05-30,5.315,58.2,3.855
1027,2025-05-31,5.668,59.23,3.553
1027,2025-06-01,6.04,60.3,3.233
1027,2025-06-02,6.18,57.67,2.895
1027,2025-06-03,6.607,58.58,2.539
1027,2025-06-04,2.275,49.27,6.062
1027,2025-06-05,2.363,49.43,6.171
1027,2025-06-06,2.329,49.56,6.144
1027,2025-06-07,2.43,49.69,5.868
1027,2025-06-08,2.522,49.93,6.057
1027,2025-06-09,2.655,50.24,5.997
1027,2025-06-10,2.812,52.1,5.926
1027,2025-06-11,2.993,51.01,5.844
1027,2025-06-12,3.198,51.47,5.751
1027,2025-06-13,3.428,52.0,5.648
1027,2025-06-14,3.681,52.57,5.533
1027,2025-06-15,3.959,53.21,5.408
1027,2025-06-16,4.261,53.89,5.271
1027,2025-06-17,4.587,54.64,5.124
1027,2025-06-18,4.938,55.43,4.966
1027,2025-06-19,5.312,56.29,4.797
1027,2025-06-20,5.711,57.19,4.617
1027,2025-06-21,6.133,58.16,4.426
1027,2025-06-22,6.58,59.17,4.224
1027,2025-06-23,7.051,60.24,4.011
1027,2025-06-24,5.278,60.83,4.613
1027,2025-06-25,5.699,62.43,4.41
1027,2025-06-26,6.148,64.13,4.194
1027,2025-06-27,6.624,65.93,3.965
1027,2025-06-28,7.126,67.84,3.724
1027,2025-06-29,7.657,69.85,5.603
1027,2025-06-30,,,
1027,2025-07-01,2.962,50.63,5.686
1027,2025-07-02,3.159,51.0,5.551
1027,2025-07-03,3.38,51.41,5.401
1027,2025-07-04,3.623,51.86,5.234
1027,2025-07-05,3.89,52.36,5.052
1027,2025-07-06,4.18,52.9,4.854
1027,2025-07-07,4.493,53.48,4.64
1027,2025-07-08,4.83,54.11,4.41
1027,2025-07-09,5.189,54.78,4.164
1027,2025-07-10,5.572,55.49,3.903
1027,2025-07-11,5.978,56.24,3.625
1027,2025-07-12,6.407,57.04,3.332
1027,2025-07-13,6.859,57.89,3.023
1027,2025-07-14,1.911,49.11,6.258
1027,2025-07-15,2.219,49.39,6.118
1027,2025-07-16,2.204,51.08,6.354
1027,2025-07-17,2.522,49.29,6.269
1027,2025-07-18,2.276,50.41,6.172
1027,2025-07-19,2.223,47.08,6.313
1027,2025-07-20,2.297,51.85,6.276
1027,2025-07-21,,,
1027,2025-07-22,1.961,51.4,6.161
1027,2025-07-23,2.108,50.18,6.213
1027,2025-07-24,2.264,48.79,6.128
1027,2025-07-25,2.09,48.78,6.077
1027,2025-07-26,2.237,50.96,6.175
1027,2025-07-27,2.104,47.22,6.212
1027,2025-07-28,2.87,49.78,6.209
1027,2025-07-29,1.926,48.15,6.203
1027,2025-07-30,2.069,49.87,6.141
1027,2025-07-31,,,
1027,2025-08-01,2.497,48.69,6.192
1027,2025-08-02,1.951,48.29,5.983
1027,2025-08-03,2.512,50.6,6.128
1027,2025-08-04,2.14,48.95,6.344
1027,2025-08-05,2.026,49.76,6.049
1027,2025-08-06,2.147,48.6,6.276
1027,2025-08-07,1.838,47.51,6.229
1027,2025-08-08,2.13,49.98,6.251
1027,2025-08-09,2.29,48.29,6.081
1027,2025-08-10,2.388,48.4,6.187
1027,2025-08-11,1.993,50.66,6.101
1027,2025-08-12,2.195,49.99,6.459
1027,2025-08-13,2.304,49.03,6.097
1027,2025-08-14,2.084,49.81,6.209
1027,2025-08-15,2.418,49.25,6.179
1027,2025-08-16,2.231,49.27,5.861
1027,2025-08-17,2.265,49.34,5.794
1027,2025-08-18,2.322,49.46,6.127
1027,2025-08-19,,,
1027,2025-08-20,2.503,49.84,6.01
1027,2025-08-21,2.628,50.44,5.929
1027,2025-08-22,2.775,50.42,5.834
1027,2025-08-23,2.945,51.09,5.724
1027,2025-08-24,3.138,51.18,5.6
1027,2025-08-25,,,
1027,2025-08-26,3.591,52.14,5.306
1027,2025-08-27,3.852,52.68,5.138
1027,2025-08-28,4.136,53.28,4.955
1027,2025-08-29,4.442,53.93,4.757
1027,2025-08-30,4.77,54.62,4.544
1027,2025-08-31,5.122,55.36,4.317
1027,2025-09-01,5.496,56.15,4.075
1027,2025-09-02,5.893,56.98,3.818
1027,2025-09-03,6.312,57.87,3.547
1027,2025-09-04,6.754,58.8,3.261
1027,2025-09-05,2.395,48.39,6.114
1027,2025-09-06,2.081,50.3,6.158
1027,2025-09-07,2.758,48.61,6.167
1027,2025-09-08,2.178,51.94,6.107
1027,2025-09-09,2.309,49.76,6.117
1027,2025-09-10,2.195,48.12,6.125
1027,2025-09-11,2.438,47.2,6.381
1027,2025-09-12,2.058,49.05,6.194
1027,2025-09-13,2.042,48.25,6.004
1027,2025-09-14,2.388,49.03,6.227
1027,2025-09-15,1.85,50.04,6.14
1027,2025-09-16,2.314,49.7,6.385
1027,2025-09-17,2.172,49.35,6.083
1027,2025-09-18,2.206,49.86,6.222
1027,2025-09-19,2.382,49.34,6.05
1027,2025-09-20,2.459,49.05,6.401
1027,2025-09-21,2.382,49.56,5.996
1027,2025-09-22,2.287,47.83,6.106
1027,2025-09-23,2.276,48.44,6.225
1027,2025-09-24,2.025,49.02,6.318
1027,2025-09-25,2.418,49.28,6.324
1027,2025-09-26,1.955,47.57,6.179
1027,2025-09-27,2.122,49.75,5.948
1027,2025-09-28,2.35,48.53,6.274
1027,2025-09-29,2.234,48.09,6.336
1027,2025-09-30,2.322,47.84,5.851
1027,2025-10-01,2.003,49.76,6.34
1027,2025-10-02,2.13,48.67,6.134
1027,2025-10-03,2.689,49.48,5.998
1027,2025-10-04,2.078,49.74,5.991
1027,2025-10-05,2.196,49.5,6.189
1027,2025-10-06,1.722,49.88,6.104
1027,2025-10-07,2.288,48.38,6.18
1027,2025-10-08,2.229,49.29,6.337
1027,2025-10-09,2.032,47.89,6.027
1027,2025-10-10,2.38,51.41,6.323
1027,2025-10-11,2.467,49.71,6.314
1027,2025-10-12,2.197,49.7,5.986
1027,2025-10-13,2.513,49.73,6.067
1027,2025-10-14,2.411,48.44,6.371
1027,2025-10-15,2.225,49.71,6.199
1027,2025-10-16,1.941,49.04,6.174
1027,2025-10-17,2.166,50.43,6.407
1027,2025-10-18,2.277,50.19,6.215
1027,2025-10-19,2.277,48.42,6.188
1027,2025-10-20,1.931,48.88,6.188
1027,2025-10-21,2.145,48.18,6.092
1027,2025-10-22,2.019,48.33,6.052
1027,2025-10-23,2.209,48.87,6.292
1027,2025-10-24,2.503,49.49,6.058
1027,2025-10-25,,,
1027,2025-10-26,1.997,48.27,6.297
1027,2025-10-27,2.466,51.61,5.937
1027,2025-10-28,1.995,46.54,6.383
1027,2025-10-29,2.425,46.49,6.078
1027,2025-10-30,2.482,48.35,6.295
1027,2025-10-31,2.398,49.61,6.035
1027,2025-11-01,2.46,49.16,6.277
1027,2025-11-02,2.1,48.92,6.053
1027,2025-11-03,2.087,48.99,6.31
1027,2025-11-04,2.154,49.69,5.905
1027,2025-11-05,2.278,49.81,6.29
1027,2025-11-06,2.178,49.84,6.167
1027,2025-11-07,2.326,51.57,6.327
1027,2025-11-08,2.217,48.58,6.087
1027,2025-11-09,2.178,49.09,6.163
1027,2025-11-10,2.491,47.6,6.197
1027,2025-11-11,2.105,50.62,6.261
1027,2025-11-12,2.271,47.81,5.99
1027,2025-11-13,1.943,47.71,6.045
1027,2025-11-14,2.503,47.94,6.107
1027,2025-11-15,2.198,50.66,6.281
1027,2025-11-16,2.199,49.39,6.305
1027,2025-11-17,1.72,48.73,6.167
1027,2025-11-18,2.054,48.95,6.061
1027,2025-11-19,2.409,48.32,6.133
1027,2025-11-20,2.005,49.7,5.893
1027,2025-11-21,2.053,47.25,6.132
1027,2025-11-22,2.149,48.08,6.147
1027,2025-11-23,2.495,50.13,6.177
1027,2025-11-24,2.22,50.03,6.178
1027,2025-11-25,2.26,49.28,6.191
1027,2025-11-26,2.727,49.4,6.16
1027,2025-11-27,2.412,50.99,6.126
1027,2025-11-28,,,
1027,2025-11-29,2.754,50.2,6.001
1027,2025-11-30,2.989,50.61,6.103
1027,2025-12-01,3.266,51.11,6.071
1027,2025-12-02,3.586,51.68,6.033
1027,2025-12-03,3.949,52.32,5.991
1027,2025-12-04,4.355,53.05,5.944
1027,2025-12-05,4.803,53.85,5.891
1027,2025-12-06,5.295,54.72,5.834
1027,2025-12-07,5.828,55.67,5.771
1027,2025-12-08,6.405,56.7,5.704
1027,2025-12-09,7.024,57.8,5.632
1027,2025-12-10,7.686,58.98,5.554
1027,2025-12-11,8.391,60.23,5.472
1027,2025-12-12,9.138,61.56,5.384
1027,2025-12-13,9.928,62.97,5.292
1027,2025-12-14,10.761,64.45,5.195
1027,2025-12-15,3.133,52.17,5.277
1027,2025-12-16,3.306,52.73,5.103
1027,2025-12-17,3.495,53.33,4.913
1027,2025-12-18,3.699,53.98,4.709
1027,2025-12-19,3.917,54.69,4.489
1027,2025-12-20,4.151,55.44,4.255
1027,2025-12-21,4.4,56.23,4.005
1027,2025-12-22,4.664,57.08,3.74
1027,2025-12-23,4.943,57.97,3.46
1027,2025-12-24,5.238,58.92,3.164
1027,2025-12-25,2.272,49.71,6.296
1027,2025-12-26,2.318,49.89,6.167
1027,2025-12-27,2.297,50.78,6.148
1027,2025-12-28,2.26,48.49,6.268
1027,2025-12-29,2.246,49.12,6.095
1027,2025-12-30,2.247,48.63,6.241
1027,2025-12-31,2.327,46.72,6.278
1028,2024-01-01,2.458,46.56,6.008
1028,2024-01-02,2.124,47.51,6.041
1028,2024-01-03,2.306,46.47,5.908
1028,2024-01-04,2.086,47.31,5.987
1028,2024-01-05,2.159,45.34,5.907
1028,2024-01-06,1.871,46.35,5.963
1028,2024-01-07,2.277,46.89,5.993
1028,2024-01-08,2.237,46.49,6.101
1028,2024-01-09,2.429,46.6,6.31
1028,2024-01-10,2.318,47.12,5.861
1028,2024-01-11,2.25,47.56,6.084
1028,2024-01-12,2.412,46.45,5.899
1028,2024-01-13,2.225,44.91,6.035
1028,2024-01-14,2.41,46.93,5.977
1028,2024-01-15,2.236,45.63,6.166
1028,2024-01-16,2.493,46.38,6.128
1028,2024-01-17,2.431,46.32,6.279
1028,2024-01-18,2.275,45.25,6.018
1028,2024-01-19,2.33,48.98,5.808
1028,2024-01-20,2.217,46.91,6.024
1028,2024-01-21,2.207,46.6,6.01
1028,2024-01-22,2.427,46.69,5.991
1028,2024-01-23,2.442,45.48,5.885
1028,2024-01-24,2.156,45.37,6.109
1028,2024-01-25,2.321,45.78,5.758
1028,2024-01-26,2.166,45.61,6.149
1028,2024-01-27,2.482,47.62,6.264
1028,2024-01-28,2.429,44.82,5.606
1028,2024-01-29,2.287,47.08,5.955
1028,2024-01-30,2.371,46.79,6.255
1028,2024-01-31,2.548,46.04,6.017
1028,2024-02-01,2.567,48.0,5.799
1028,2024-02-02,2.144,46.38,5.695
1028,2024-02-03,2.203,46.62,5.983
1028,2024-02-04,2.253,45.46,6.073
1028,2024-02-05,2.073,47.09,5.73
1028,2024-02-06,2.128,43.87,6.142
1028,2024-02-07,2.317,48.3,5.619
1028,2024-02-08,2.201,45.85,6.112
1028,2024-02-09,2.366,46.67,5.92
1028,2024-02-10,2.324,45.75,6.246
1028,2024-02-11,2.564,47.22,5.939
1028,2024-02-12,2.416,46.17,6.127
1028,2024-02-13,2.471,44.84,5.822
1028,2024-02-14,2.161,44.18,5.919
1028,2024-02-15,2.102,47.08,5.95
1028,2024-02-16,2.631,45.56,5.918
1028,2024-02-17,2.383,45.08,6.137
1028,2024-02-18,2.199,46.59,5.647
1028,2024-02-19,,,
1028,2024-02-20,2.628,46.94,6.018
1028,2024-02-21,,,
1028,2024-02-22,2.388,44.51,5.95
1028,2024-02-23,2.388,46.02,5.776
1028,2024-02-24,2.402,46.09,6.005
1028,2024-02-25,2.483,45.64,6.069
1028,2024-02-26,2.129,46.67,6.044
1028,2024-02-27,2.293,46.92,5.971
1028,2024-02-28,1.971,45.33,6.211
1028,2024-02-29,2.32,46.78,6.176
1028,2024-03-01,2.198,46.75,5.976
1028,2024-03-02,2.313,47.3,5.96
1028,2024-03-03,2.23,46.78,5.899
1028,2024-03-04,2.673,44.48,6.173
1028,2024-03-05,2.484,45.91,5.903
1028,2024-03-06,2.388,45.16,6.073
1028,2024-03-07,2.524,46.45,6.271
1028,2024-03-08,1.66,46.6,5.89
1028,2024-03-09,2.165,45.03,5.94
1028,2024-03-10,2.282,45.51,5.642
1028,2024-03-11,2.362,45.65,6.294
1028,2024-03-12,2.375,46.5,5.897
1028,2024-03-13,2.233,47.59,5.932
1028,2024-03-14,2.291,44.21,5.987
1028,2024-03-15,2.522,46.24,5.966
1028,2024-03-16,2.403,45.31,5.789
1028,2024-03-17,2.76,46.29,6.231
1028,2024-03-18,2.284,46.4,6.015
1028,2024-03-19,2.02,47.57,5.949
1028,2024-03-20,2.235,45.43,6.104
1028,2024-03-21,1.891,46.85,6.045
1028,2024-03-22,2.044,46.78,5.867
1028,2024-03-23,2.14,47.12,6.039
1028,2024-03-24,2.5,45.31,5.841
1028,2024-03-25,2.013,45.36,6.227
1028,2024-03-26,2.538,45.92,5.932
1028,2024-03-27,2.322,45.93,5.705
1028,2024-03-28,2.219,46.24,5.904
1028,2024-03-29,2.327,46.33,5.836
1028,2024-03-30,2.321,47.98,5.948
1028,2024-03-31,2.555,45.76,6.374
1028,2024-04-01,2.48,45.79,5.701
1028,2024-04-02,2.252,45.54,5.968
1028,2024-04-03,2.333,46.39,5.911
1028,2024-04-04,2.346,46.42,5.979
1028,2024-04-05,2.691,47.85,5.622
1028,2024-04-06,2.446,46.63,5.935
1028,2024-04-07,2.534,46.82,5.895
1028,2024-04-08,2.647,47.06,5.656
1028,2024-04-09,2.786,47.35,5.784
1028,2024-04-10,2.949,47.69,5.711
1028,2024-04-11,3.137,48.09,5.627
1028,2024-04-12,3.351,48.54,5.532
1028,2024-04-13,3.59,49.05,5.426
1028,2024-04-14,3.853,49.61,5.308
1028,2024-04-15,4.142,50.22,5.18
1028,2024-04-16,4.456,50.88,5.04
1028,2024-04-17,4.796,51.6,4.889
1028,2024-04-18,5.16,52.37,4.727
1028,2024-04-19,5.549,53.2,4.553
1028,2024-04-20,5.964,54.08,4.369
1028,2024-04-21,6.404,55.01,4.173
1028,2024-04-22,6.868,55.99,3.966
1028,2024-04-23,7.358,57.03,3.748
1028,2024-04-24,2.508,47.09,5.931
1028,2024-04-25,2.549,47.35,6.132
1028,2024-04-26,2.484,48.7,5.733
1028,2024-04-27,2.181,45.74,5.963
1028,2024-04-28,2.251,46.88,6.094
1028,2024-04-29,2.595,46.94,6.0
1028,2024-04-30,2.398,45.19,6.117
1028,2024-05-01,2.51,47.05,5.782
1028,2024-05-02,2.348,45.27,6.114
1028,2024-05-03,2.517,46.52,6.142
1028,2024-05-04,2.594,46.03,5.939
1028,2024-05-05,2.382,47.7,5.959
1028,2024-05-06,2.594,47.41,5.991
1028,2024-05-07,2.228,46.99,5.863
1028,2024-05-08,2.324,45.2,5.947
1028,2024-05-09,2.168,46.5,5.843
1028,2024-05-10,2.323,46.45,5.953
1028,2024-05-11,,,
1028,2024-05-12,2.19,46.86,6.028
1028,2024-05-13,2.649,46.66,5.922
1028,2024-05-14,2.657,49.34,6.025
1028,2024-05-15,2.811,47.14,5.835
1028,2024-05-16,2.044,44.89,5.916
1028,2024-05-17,2.293,48.25,5.742
1028,2024-05-18,2.385,43.73,5.868
1028,2024-05-19,2.497,47.23,6.113
1028,2024-05-20,2.153,46.4,6.246
1028,2024-05-21,2.401,45.92,5.949
1028,2024-05-22,2.684,46.48,6.003
1028,2024-05-23,2.366,46.65,6.042
1028,2024-05-24,2.45,46.5,6.029
1028,2024-05-25,2.505,44.44,5.83
1028,2024-05-26,2.583,44.92,6.091
1028,2024-05-27,2.4,45.03,6.069
1028,2024-05-28,2.049,46.45,5.886
1028,2024-05-29,2.309,46.84,5.949
1028,2024-05-30,2.452,46.98,5.811
1028,2024-05-31,2.221,48.27,6.111
1028,2024-06-01,2.272,47.51,5.926
1028,2024-06-02,2.603,45.25,6.113
1028,2024-06-03,2.463,44.82,5.851
1028,2024-06-04,2.232,46.24,6.138
1028,2024-06-05,2.623,45.81,5.936
1028,2024-06-06,2.322,45.49,6.22
1028,2024-06-07,2.462,48.36,5.911
1028,2024-06-08,2.261,47.01,6.047
1028,2024-06-09,2.231,45.45,6.197
1028,2024-06-10,2.4,46.41,6.042
1028,2024-06-11,2.334,45.79,5.761
1028,2024-06-12,2.361,45.27,5.819
1028,2024-06-13,2.224,45.34,6.139
1028,2024-06-14,2.017,48.49,5.68
1028,2024-06-15,2.809,46.55,6.407
1028,2024-06-16,1.94,46.14,5.812
1028,2024-06-17,2.432,46.83,6.208
1028,2024-06-18,2.117,45.67,5.666
1028,2024-06-19,1.875,47.71,6.325
1028,2024-06-20,2.251,47.63,6.21
1028,2024-06-21,2.276,47.96,5.95
1028,2024-06-22,2.302,44.09,6.264
1028,2024-06-23,1.693,47.66,5.852
1028,2024-06-24,2.315,44.91,6.019
1028,2024-06-25,2.019,45.84,6.159
1028,2024-06-26,2.093,46.67,5.729
1028,2024-06-27,2.267,46.08,6.105
1028,2024-06-28,2.434,46.15,6.013
1028,2024-06-29,2.133,46.02,6.084
1028,2024-06-30,2.076,45.78,6.062
1028,2024-07-01,2.473,46.77,5.889
1028,2024-07-02,2.195,48.02,5.648
1028,2024-07-03,1.989,46.62,5.956
1028,2024-07-04,2.565,44.9,5.92
1028,2024-07-05,2.181,47.61,6.055
1028,2024-07-06,2.333,47.94,5.495
1028,2024-07-07,2.294,45.63,5.947
1028,2024-07-08,2.276,46.95,5.883
1028,2024-07-09,2.374,46.35,6.009
1028,2024-07-10,2.478,48.0,6.005
1028,2024-07-11,2.585,46.23,5.96
1028,2024-07-12,2.091,44.66,5.922
1028,2024-07-13,2.239,46.11,5.951
1028,2024-07-14,2.6,45.31,5.908
1028,2024-07-15,2.589,46.67,5.758
1028,2024-07-16,2.364,45.59,6.03
1028,2024-07-17,2.344,46.39,5.948
1028,2024-07-18,,,
1028,2024-07-19,2.192,47.38,6.15
1028,2024-07-20,2.437,45.85,5.8
1028,2024-07-21,,,
1028,2024-07-22,2.506,45.46,5.862
1028,2024-07-23,2.251,47.1,6.091
1028,2024-07-24,2.29,47.55,6.004
1028,2024-07-25,2.286,48.04,6.061
1028,2024-07-26,2.255,46.66,6.261
1028,2024-07-27,2.326,45.11,5.806
1028,2024-07-28,2.466,46.84,6.309
1028,2024-07-29,2.703,45.21,6.121
1028,2024-07-30,2.155,46.18,5.934
1028,2024-07-31,2.563,44.36,5.876
1028,2024-08-01,2.323,47.26,5.657
1028,2024-08-02,2.265,47.18,6.006
1028,2024-08-03,2.372,45.46,6.262
1028,2024-08-04,2.524,46.56,6.12
1028,2024-08-05,2.207,47.2,6.032
1028,2024-08-06,2.413,46.54,6.021
1028,2024-08-07,2.71,45.44,5.979
1028,2024-08-08,2.221,46.27,6.002
1028,2024-08-09,2.121,48.02,6.226
1028,2024-08-10,2.183,46.39,5.927
1028,2024-08-11,2.347,46.18,6.264
1028,2024-08-12,2.571,45.61,5.768
1028,2024-08-13,2.466,45.44,6.174
1028,2024-08-14,2.44,47.6,5.829
1028,2024-08-15,2.338,46.5,6.162
1028,2024-08-16,2.602,45.91,6.121
1028,2024-08-17,2.661,46.95,6.029
1028,2024-08-18,2.049,45.14,5.913
1028,2024-08-19,2.194,45.85,5.83
1028,2024-08-20,1.974,46.6,5.669
1028,2024-08-21,2.391,47.95,6.172
1028,2024-08-22,2.256,45.56,5.756
1028,2024-08-23,2.324,46.32,6.042
1028,2024-08-24,2.401,46.78,5.789
1028,2024-08-25,2.179,45.38,6.036
1028,2024-08-26,2.427,47.12,5.766
1028,2024-08-27,2.327,45.43,6.153
1028,2024-08-28,2.339,46.24,5.836
1028,2024-08-29,2.359,45.67,6.062
1028,2024-08-30,2.568,48.73,5.843
1028,2024-08-31,2.389,44.57,5.894
1028,2024-09-01,,,
1028,2024-09-02,2.084,46.36,6.189
1028,2024-09-03,2.232,47.83,5.968
1028,2024-09-04,2.548,47.9,6.139
1028,2024-09-05,2.408,44.27,6.031
1028,2024-09-06,2.478,45.78,6.383
1028,2024-09-07,2.44,46.71,6.088
1028,2024-09-08,2.46,46.2,5.833
1028,2024-09-09,2.5,45.53,6.083
1028,2024-09-10,2.684,47.59,5.941
1028,2024-09-11,2.184,46.9,5.959
1028,2024-09-12,2.095,46.36,6.015
1028,2024-09-13,2.27,46.62,6.065
1028,2024-09-14,2.301,46.67,5.947
1028,2024-09-15,1.942,45.64,6.074
1028,2024-09-16,2.413,48.17,5.829
1028,2024-09-17,2.105,47.15,6.01
1028,2024-09-18,2.202,47.63,6.038
1028,2024-09-19,2.289,46.54,5.839
1028,2024-09-20,2.311,47.2,5.877
1028,2024-09-21,2.27,45.69,6.131
1028,2024-09-22,2.259,45.79,5.71
1028,2024-09-23,2.281,46.55,5.869
1028,2024-09-24,2.003,45.46,5.995
1028,2024-09-25,2.708,47.6,6.009
1028,2024-09-26,2.386,47.75,6.122
1028,2024-09-27,2.613,45.34,6.074
1028,2024-09-28,2.353,46.41,6.104
1028,2024-09-29,2.404,46.3,6.085
1028,2024-09-30,2.316,46.97,5.57
1028,2024-10-01,2.67,46.76,6.125
1028,2024-10-02,2.092,45.29,6.018
1028,2024-10-03,2.677,45.99,6.09
1028,2024-10-04,2.484,48.26,5.943
1028,2024-10-05,2.582,47.07,6.263
1028,2024-10-06,2.046,46.38,6.08
1028,2024-10-07,2.007,45.18,6.223
1028,2024-10-08,,,
1028,2024-10-09,2.254,46.08,6.23
1028,2024-10-10,2.42,46.9,6.039
1028,2024-10-11,2.156,47.24,5.937
1028,2024-10-12,2.402,46.44,5.978
1028,2024-10-13,2.268,46.87,6.143
1028,2024-10-14,1.894,44.19,5.859
1028,2024-10-15,2.183,46.62,6.045
1028,2024-10-16,2.278,44.66,5.726
1028,2024-10-17,2.545,47.2,5.847
1028,2024-10-18,2.865,44.8,6.08
1028,2024-10-19,1.852,46.47,6.102
1028,2024-10-20,2.413,48.24,5.878
1028,2024-10-21,2.665,45.5,5.912
1028,2024-10-22,,,
1028,2024-10-23,2.391,45.93,6.299
1028,2024-10-24,2.106,46.05,6.284
1028,2024-10-25,2.342,45.82,6.208
1028,2024-10-26,2.193,45.94,6.168
1028,2024-10-27,2.165,47.48,6.023
1028,2024-10-28,1.943,46.82,6.031
1028,2024-10-29,2.335,45.63,5.813
1028,2024-10-30,2.531,46.57,6.404
1028,2024-10-31,1.931,46.33,6.165
1028,2024-11-01,2.104,45.8,6.057
1028,2024-11-02,2.356,46.01,5.971
1028,2024-11-03,1.965,46.91,5.786
1028,2024-11-04,1.937,47.11,5.608
1028,2024-11-05,2.297,47.07,5.962
1028,2024-11-06,2.796,47.3,5.794
1028,2024-11-07,2.192,46.63,6.114
1028,2024-11-08,2.267,47.08,6.011
1028,2024-11-09,2.298,47.41,5.758
1028,2024-11-10,2.274,48.57,5.772
1028,2024-11-11,2.04,46.78,5.98
1028,2024-11-12,2.292,46.31,5.99
1028,2024-11-13,2.611,45.65,6.121
1028,2024-11-14,2.369,45.51,6.083
1028,2024-11-15,2.25,47.09,5.823
1028,2024-11-16,2.49,44.93,5.778
1028,2024-11-17,2.338,46.27,5.829
1028,2024-11-18,2.605,45.23,6.048
1028,2024-11-19,2.152,47.51,5.797
1028,2024-11-20,2.648,46.68,6.025
1028,2024-11-21,2.088,46.96,5.845
1028,2024-11-22,2.377,46.71,5.998
1028,2024-11-23,2.025,46.96,5.74
1028,2024-11-24,2.64,46.14,6.003
1028,2024-11-25,2.432,47.69,5.869
1028,2024-11-26,2.256,44.88,6.107
1028,2024-11-27,2.384,46.17,6.016
1028,2024-11-28,2.21,45.66,6.159
1028,2024-11-29,2.528,47.45,5.703
1028,2024-11-30,2.335,48.78,6.05
1028,2024-12-01,2.309,46.18,6.023
1028,2024-12-02,2.212,44.85,5.84
1028,2024-12-03,2.856,46.46,6.124
1028,2024-12-04,2.422,46.82,5.911
1028,2024-12-05,2.331,47.78,5.804
1028,2024-12-06,2.268,47.15,5.992
1028,2024-12-07,2.165,47.04,6.126
1028,2024-12-08,2.588,47.0,5.941
1028,2024-12-09,2.365,45.58,5.927
1028,2024-12-10,2.365,46.6,5.985
1028,2024-12-11,2.547,47.51,6.13
1028,2024-12-12,2.469,48.09,5.93
1028,2024-12-13,2.339,48.65,5.943
1028,2024-12-14,2.467,46.44,6.15
1028,2024-12-15,2.652,46.9,5.991
1028,2024-12-16,2.625,47.19,5.877
1028,2024-12-17,2.377,47.87,5.806
1028,2024-12-18,2.526,44.86,5.694
1028,2024-12-19,1.995,46.32,6.318
1028,2024-12-20,2.119,46.93,6.159
1028,2024-12-21,2.454,46.66,5.836
1028,2024-12-22,,,
1028,2024-12-23,2.447,46.49,5.993
1028,2024-12-24,2.232,46.04,6.114
1028,2024-12-25,2.314,47.51,5.933
1028,2024-12-26,2.404,45.94,6.073
1028,2024-12-27,2.125,46.45,6.019
1028,2024-12-28,2.325,45.79,6.142
1028,2024-12-29,2.627,45.78,5.955
1028,2024-12-30,2.1,46.52,5.699
1028,2024-12-31,2.495,45.36,5.967
1028,2025-01-01,2.178,46.65,6.045
1028,2025-01-02,2.447,46.57,5.862
1028,2025-01-03,2.335,47.63,6.016
1028,2025-01-04,2.359,46.74,6.07
1028,2025-01-05,2.855,46.3,5.67
1028,2025-01-06,2.614,47.04,6.07
1028,2025-01-07,2.401,45.89,6.173
1028,2025-01-08,2.139,47.02,6.32
1028,2025-01-09,2.534,45.24,6.329
1028,2025-01-10,2.391,46.59,5.761
1028,2025-01-11,2.119,46.39,5.843
1028,2025-01-12,2.182,46.82,6.073
1028,2025-01-13,2.525,46.86,6.075
1028,2025-01-14,2.113,45.86,5.856
1028,2025-01-15,2.402,47.31,6.003
1028,2025-01-16,2.351,48.61,5.777
1028,2025-01-17,2.313,47.24,6.159
1028,2025-01-18,2.368,46.25,5.865
1028,2025-01-19,2.301,46.62,5.932
1028,2025-01-20,2.562,45.46,6.012
1028,2025-01-21,2.092,46.73,6.025
1028,2025-01-22,2.39,46.3,5.926
1028,2025-01-23,2.469,47.27,6.258
1028,2025-01-24,2.257,45.18,6.107
1028,2025-01-25,2.001,47.84,6.051
1028,2025-01-26,2.603,46.04,6.08
1028,2025-01-27,2.572,45.94,6.063
1028,2025-01-28,2.06,46.07,5.789
1028,2025-01-29,1.932,46.14,5.853
1028,2025-01-30,2.656,46.69,6.247
1028,2025-01-31,,,
1028,2025-02-01,2.429,46.24,5.948
1028,2025-02-02,2.442,47.02,6.075
1028,2025-02-03,2.304,46.84,5.958
1028,2025-02-04,1.953,47.11,6.003
1028,2025-02-05,2.177,45.77,6.214
1028,2025-02-06,2.357,47.69,6.006
1028,2025-02-07,2.403,45.48,5.81
1028,2025-02-08,2.119,46.08,5.976
1028,2025-02-09,2.546,46.32,6.262
1028,2025-02-10,2.271,45.03,6.318
1028,2025-02-11,2.185,45.09,6.211
1028,2025-02-12,,,
1028,2025-02-13,2.261,45.2,6.111
1028,2025-02-14,2.024,46.23,6.036
1028,2025-02-15,2.261,46.24,5.784
1028,2025-02-16,2.118,46.08,6.042
1028,2025-02-17,2.557,44.72,5.996
1028,2025-02-18,2.213,46.07,6.046
1028,2025-02-19,2.14,47.8,5.989
1028,2025-02-20,2.151,47.1,6.028
1028,2025-02-21,,,
1028,2025-02-22,2.343,47.55,5.983
1028,2025-02-23,2.468,46.5,5.895
1028,2025-02-24,2.42,46.64,5.966
1028,2025-02-25,2.488,47.33,5.952
1028,2025-02-26,2.575,47.13,5.798
1028,2025-02-27,2.848,47.38,5.91
1028,2025-02-28,2.806,47.74,5.883
1028,2025-03-01,2.951,48.16,5.852
1028,2025-03-02,3.115,48.62,5.817
1028,2025-03-03,3.298,49.15,5.778
1028,2025-03-04,3.501,49.73,5.734
1028,2025-03-05,3.723,50.36,5.687
1028,2025-03-06,3.964,51.05,5.635
1028,2025-03-07,4.225,51.8,5.579
1028,2025-03-08,4.504,52.6,5.519
1028,2025-03-09,4.804,53.45,5.455
1028,2025-03-10,5.122,54.36,5.386
1028,2025-03-11,5.46,55.33,5.314
1028,2025-03-12,5.817,56.35,5.237
1028,2025-03-13,,,
1028,2025-03-14,2.218,44.72,6.04
1028,2025-03-15,2.002,45.31,5.952
1028,2025-03-16,2.428,46.38,5.46
1028,2025-03-17,2.151,46.76,6.018
1028,2025-03-18,2.016,46.33,5.879
1028,2025-03-19,2.531,45.28,5.621
1028,2025-03-20,2.247,47.53,6.081
1028,2025-03-21,2.547,46.14,5.943
1028,2025-03-22,2.197,45.49,6.079
1028,2025-03-23,2.025,44.82,6.145
1028,2025-03-24,2.156,46.67,6.21
1028,2025-03-25,2.291,46.36,6.287
1028,2025-03-26,2.176,44.28,5.868
1028,2025-03-27,2.688,44.44,6.034
1028,2025-03-28,2.405,45.23,5.934
1028,2025-03-29,2.18,47.67,5.991
1028,2025-03-30,2.252,48.31,5.948
1028,2025-03-31,2.682,46.7,5.982
1028,2025-04-01,2.416,45.2,5.873
1028,2025-04-02,2.484,46.79,6.144
1028,2025-04-03,2.127,47.98,5.839
1028,2025-04-04,2.348,46.07,5.709
1028,2025-04-05,2.596,46.44,5.93
1028,2025-04-06,2.597,47.46,6.082
1028,2025-04-07,2.091,46.65,6.019
1028,2025-04-08,2.339,46.11,5.793
1028,2025-04-09,2.408,45.15,5.795
1028,2025-04-10,2.301,46.89,6.001
1028,2025-04-11,1.894,47.11,6.205
1028,2025-04-12,2.224,47.36,5.976
1028,2025-04-13,2.319,46.75,5.979
1028,2025-04-14,2.355,44.71,6.064
1028,2025-04-15,2.404,48.98,5.86
1028,2025-04-16,2.313,45.26,5.688
1028,2025-04-17,,,
1028,2025-04-18,2.28,47.09,5.854
1028,2025-04-19,2.264,45.98,6.091
1028,2025-04-20,2.31,45.76,6.15
1028,2025-04-21,2.246,46.17,5.995
1028,2025-04-22,2.429,46.7,5.941
1028,2025-04-23,2.268,45.75,6.026
1028,2025-04-24,,,
1028,2025-04-25,,,
1028,2025-04-26,2.436,48.28,6.09
1028,2025-04-27,2.518,46.55,5.907
1028,2025-04-28,2.417,45.99,6.136
1028,2025-04-29,2.674,46.53,6.084
1028,2025-04-30,2.612,48.23,5.828
1028,2025-05-01,2.55,44.62,6.165
1028,2025-05-02,2.352,46.89,6.102
1028,2025-05-03,2.267,45.76,6.207
1028,2025-05-04,2.562,46.3,5.943
1028,2025-05-05,2.035,48.02,5.735
1028,2025-05-06,2.205,47.09,6.041
1028,2025-05-07,2.497,45.51,5.699
1028,2025-05-08,2.321,46.78,6.082
1028,2025-05-09,1.852,46.67,5.924
1028,2025-05-10,2.264,46.16,5.907
1028,2025-05-11,,,
1028,2025-05-12,2.377,46.02,5.889
1028,2025-05-13,2.337,45.41,5.761
1028,2025-05-14,2.82,46.66,5.913
1028,2025-05-15,2.367,45.32,6.064
1028,2025-05-16,2.23,46.4,6.097
1028,2025-05-17,2.194,45.49,5.949
1028,2025-05-18,2.253,45.54,5.833
1028,2025-05-19,2.609,46.75,6.02
1028,2025-05-20,2.842,49.67,6.045
1028,2025-05-21,2.406,47.28,6.132
1028,2025-05-22,2.35,45.73,6.177
1028,2025-05-23,2.453,47.42,5.802
1028,2025-05-24,2.503,46.32,6.089
1028,2025-05-25,2.365,47.37,6.089
1028,2025-05-26,,,
1028,2025-05-27,2.195,46.62,5.911
1028,2025-05-28,2.3,47.09,6.019
1028,2025-05-29,2.184,45.89,6.208
1028,2025-05-30,2.332,45.99,6.026
1028,2025-05-31,2.595,45.68,6.218
1028,2025-06-01,2.6,46.47,5.955
1028,2025-06-02,2.362,45.18,6.008
1028,2025-06-03,2.47,47.58,5.926
1028,2025-06-04,2.561,47.66,6.213
1028,2025-06-05,2.13,45.97,6.297
1028,2025-06-06,2.219,45.47,5.973
1028,2025-06-07,2.247,46.43,6.064
1028,2025-06-08,1.983,45.23,5.974
1028,2025-06-09,2.565,46.29,6.225
1028,2025-06-10,2.198,46.41,5.84
1028,2025-06-11,2.267,45.78,6.096
1028,2025-06-12,2.129,45.96,6.136
1028,2025-06-13,2.675,47.54,6.008
1028,2025-06-14,2.039,46.12,5.91
1028,2025-06-15,2.359,48.33,5.967
1028,2025-06-16,2.268,46.89,6.064
1028,2025-06-17,2.58,45.56,6.07
1028,2025-06-18,2.084,46.65,5.92
1028,2025-06-19,2.304,48.92,6.058
1028,2025-06-20,2.013,46.53,5.857
1028,2025-06-21,2.146,47.08,5.889
1028,2025-06-22,2.282,47.86,5.918
1028,2025-06-23,2.338,45.75,5.922
1028,2025-06-24,2.59,46.65,5.87
1028,2025-06-25,2.251,45.7,6.121
1028,2025-06-26,2.704,45.94,6.039
1028,2025-06-27,2.168,46.28,6.059
1028,2025-06-28,2.739,46.39,5.843
1028,2025-06-29,2.47,46.42,5.968
1028,2025-06-30,2.571,47.11,5.901
1028,2025-07-01,2.628,46.78,5.926
1028,2025-07-02,2.55,46.88,5.88
1028,2025-07-03,,,
1028,2025-07-04,2.761,47.68,5.748
1028,2025-07-05,2.916,47.88,5.663
1028,2025-07-06,3.095,48.33,5.564
1028,2025-07-07,3.297,48.85,5.452
1028,2025-07-08,3.523,49.42,5.327
1028,2025-07-09,3.772,50.06,5.189
1028,2025-07-10,4.046,50.76,5.038
1028,2025-07-11,4.343,51.51,4.874
1028,2025-07-12,4.665,52.33,4.696
1028,2025-07-13,5.009,53.21,4.506
1028,2025-07-14,5.378,54.15,4.302
1028,2025-07-15,5.771,55.15,4.085
1028,2025-07-16,6.187,56.21,3.855
1028,2025-07-17,6.627,57.33,3.611
1028,2025-07-18,7.091,58.52,3.355
1028,2025-07-19,2.146,44.8,6.038
1028,2025-07-20,2.549,47.31,6.132
1028,2025-07-21,2.387,45.69,5.959
1028,2025-07-22,2.248,45.44,5.988
1028,2025-07-23,2.447,46.53,5.991
1028,2025-07-24,2.14,46.56,6.108
1028,2025-07-25,2.634,46.75,6.203
1028,2025-07-26,2.225,45.01,6.079
1028,2025-07-27,2.246,46.92,6.033
1028,2025-07-28,2.646,46.83,6.187
1028,2025-07-29,2.672,47.28,6.183
1028,2025-07-30,2.244,45.11,6.082
1028,2025-07-31,2.313,47.13,6.125
1028,2025-08-01,1.988,47.14,5.692
1028,2025-08-02,2.288,46.6,5.95
1028,2025-08-03,2.19,47.05,5.986
1028,2025-08-04,2.533,45.49,5.943
1028,2025-08-05,2.238,46.48,6.016
1028,2025-08-06,2.19,45.83,5.968
1028,2025-08-07,2.573,46.93,5.843
1028,2025-08-08,2.4,46.89,6.229
1028,2025-08-09,2.095,45.77,5.876
1028,2025-08-10,2.228,45.73,6.056
1028,2025-08-11,2.707,46.46,6.105
1028,2025-08-12,2.402,46.4,6.081
1028,2025-08-13,2.406,47.76,5.978
1028,2025-08-14,2.359,48.11,6.237
1028,2025-08-15,2.125,47.62,5.916
1028,2025-08-16,2.349,45.75,6.028
1028,2025-08-17,2.351,45.59,5.962
1028,2025-08-18,2.498,47.37,6.153
1028,2025-08-19,2.456,46.71,5.76
1028,2025-08-20,2.388,45.89,6.043
1028,2025-08-21,2.432,46.97,5.985
1028,2025-08-22,2.136,45.69,5.894
1028,2025-08-23,1.982,45.71,6.067
1028,2025-08-24,2.455,49.26,6.118
1028,2025-08-25,2.103,45.36,5.816
1028,2025-08-26,2.597,46.78,6.034
1028,2025-08-27,2.425,45.21,6.055
1028,2025-08-28,2.333,46.85,5.985
1028,2025-08-29,2.352,46.53,5.626
1028,2025-08-30,2.366,46.47,5.949
1028,2025-08-31,2.407,46.56,5.506
1028,2025-09-01,2.464,46.7,5.842
1028,2025-09-02,2.538,46.87,5.761
1028,2025-09-03,2.628,47.87,5.663
1028,2025-09-04,2.734,47.32,5.546
1028,2025-09-05,2.857,47.61,5.412
1028,2025-09-06,2.997,47.93,5.26
1028,2025-09-07,3.152,48.3,5.09
1028,2025-09-08,3.324,48.7,4.902
1028,2025-09-09,3.512,49.14,4.696
1028,2025-09-10,3.717,49.61,4.472
1028,2025-09-11,3.938,50.13,4.23
1028,2025-09-12,4.176,50.68,3.971
1028,2025-09-13,4.429,51.27,3.693
1028,2025-09-14,4.7,51.9,3.398
1028,2025-09-15,4.986,52.57,3.084
1028,2025-09-16,5.289,53.27,2.753
1028,2025-09-17,5.609,54.02,2.404
1028,2025-09-18,2.363,46.26,5.884
1028,2025-09-19,2.177,46.03,5.705
1028,2025-09-20,2.463,47.51,6.03
1028,2025-09-21,2.305,47.67,6.12
1028,2025-09-22,2.258,47.1,6.02
1028,2025-09-23,2.542,45.85,6.045
1028,2025-09-24,2.422,47.18,6.059
1028,2025-09-25,2.195,46.51,6.052
1028,2025-09-26,2.456,47.01,5.777
1028,2025-09-27,2.365,46.99,5.831
1028,2025-09-28,2.454,47.63,5.822
1028,2025-09-29,2.683,46.13,5.95
1028,2025-09-30,2.159,45.29,6.137
1028,2025-10-01,2.135,46.86,6.034
1028,2025-10-02,2.04,47.42,6.085
1028,2025-10-03,2.256,47.67,5.952
1028,2025-10-04,2.493,46.5,6.265
1028,2025-10-05,2.411,45.37,5.922
1028,2025-10-06,2.863,44.96,6.108
1028,2025-10-07,2.173,46.65,5.957
1028,2025-10-08,2.307,46.88,5.767
1028,2025-10-09,2.281,46.05,5.796
1028,2025-10-10,2.205,45.82,6.066
1028,2025-10-11,2.322,47.32,5.908
1028,2025-10-12,2.681,45.29,6.039
1028,2025-10-13,2.16,47.52,6.04
1028,2025-10-14,2.324,48.52,5.818
1028,2025-10-15,2.334,47.15,5.772
1028,2025-10-16,2.513,45.46,5.797
1028,2025-10-17,2.456,47.59,5.905
1028,2025-10-18,2.589,46.0,6.191
1028,2025-10-19,2.886,46.16,5.892
1028,2025-10-20,2.18,46.77,5.847
1028,2025-10-21,2.161,46.21,5.938
1028,2025-10-22,2.371,46.24,5.821
1028,2025-10-23,2.388,46.39,5.985
1028,2025-10-24,2.454,46.45,5.808
1028,2025-10-25,2.549,47.62,5.979
1028,2025-10-26,2.488,46.77,5.958
1028,2025-10-27,2.608,47.07,5.811
1028,2025-10-28,2.762,47.45,5.949
1028,2025-10-29,2.951,47.91,5.933
1028,2025-10-30,3.174,48.46,5.914
1028,2025-10-31,3.431,49.09,5.893
1028,2025-11-01,3.722,49.81,5.868
1028,2025-11-02,4.048,50.61,5.841
1028,2025-11-03,4.408,51.5,5.81
1028,2025-11-04,4.803,52.47,5.777
1028,2025-11-05,5.231,53.53,5.741
1028,2025-11-06,5.694,54.67,5.702
1028,2025-11-07,6.192,55.89,5.66
1028,2025-11-08,6.723,57.2,5.616
1028,2025-11-09,7.289,58.59,5.568
1028,2025-11-10,7.889,60.07,5.518
1028,2025-11-11,8.524,61.64,5.464
1028,2025-11-12,9.192,63.28,5.408
1028,2025-11-13,1.849,47.59,5.874
1028,2025-11-14,2.384,47.85,6.09
1028,2025-11-15,2.658,46.65,5.92
1028,2025-11-16,2.301,46.8,5.716
1028,2025-11-17,2.261,45.1,5.952
1028,2025-11-18,2.248,46.87,5.935
1028,2025-11-19,2.066,44.82,5.788
1028,2025-11-20,2.158,47.54,6.037
1028,2025-11-21,2.333,46.39,5.985
1028,2025-11-22,2.522,46.42,5.886
1028,2025-11-23,2.575,47.57,5.961
1028,2025-11-24,2.845,46.98,5.93
1028,2025-11-25,2.494,46.82,5.888
1028,2025-11-26,2.584,47.07,5.834
1028,2025-11-27,2.695,47.62,5.767
1028,2025-11-28,2.825,47.72,5.688
1028,2025-11-29,2.976,48.12,5.598
1028,2025-11-30,3.147,48.58,5.495
1028,2025-12-01,3.338,49.1,5.38
1028,2025-12-02,3.549,49.66,5.253
1028,2025-12-03,3.78,50.29,5.113
1028,2025-12-04,4.031,50.96,4.962
1028,2025-12-05,4.302,51.69,4.799
1028,2025-12-06,4.593,52.48,4.623
1028,2025-12-07,4.904,53.32,4.436
1028,2025-12-08,5.236,54.21,4.236
1028,2025-12-09,5.587,55.16,4.024
1028,2025-12-10,5.959,56.16,3.8
1028,2025-12-11,6.351,57.21,3.564
1028,2025-12-12,3.592,50.13,5.162
1028,2025-12-13,3.811,50.78,5.02
1028,2025-12-14,4.047,51.48,4.865
1028,2025-12-15,4.3,52.23,4.7
1028,2025-12-16,4.572,53.04,4.523
1028,2025-12-17,4.86,53.89,4.334
1028,2025-12-18,5.166,54.8,4.134
1028,2025-12-19,5.49,55.76,3.923
1028,2025-12-20,5.831,56.78,3.7
1028,2025-12-21,2.375,46.31,5.816
1028,2025-12-22,2.421,48.13,6.017
1028,2025-12-23,2.402,46.04,5.768
1028,2025-12-24,2.375,45.74,5.929
1028,2025-12-25,2.382,45.49,5.949
1028,2025-12-26,2.567,45.35,6.016
1028,2025-12-27,2.302,45.85,5.692
1028,2025-12-28,2.054,45.6,5.861
1028,2025-12-29,2.381,45.98,5.921
1028,2025-12-30,2.215,45.28,5.736
1028,2025-12-31,2.679,46.31,6.002
1029,2024-01-01,2.31,45.19,5.728
1029,2024-01-02,2.169,44.22,5.832
1029,2024-01-03,2.4,45.01,5.718
1029,2024-01-04,2.261,44.61,5.897
1029,2024-01-05,2.22,45.43,5.681
1029,2024-01-06,2.361,45.7,5.654
1029,2024-01-07,2.51,44.6,5.466
1029,2024-01-08,2.225,44.54,5.164
1029,2024-01-09,2.503,45.0,5.948
1029,2024-01-10,1.845,45.1,5.622
1029,2024-01-11,2.532,43.26,5.932
1029,2024-01-12,2.405,43.82,5.707
1029,2024-01-13,2.27,47.16,5.599
1029,2024-01-14,2.719,44.27,5.45
1029,2024-01-15,2.203,45.35,5.464
1029,2024-01-16,2.435,46.05,5.875
1029,2024-01-17,2.292,46.06,5.733
1029,2024-01-18,2.321,44.52,5.558
1029,2024-01-19,2.377,44.18,5.626
1029,2024-01-20,2.181,46.96,5.625
1029,2024-01-21,2.319,45.02,5.558
1029,2024-01-22,2.076,45.23,5.876
1029,2024-01-23,2.185,44.25,5.605
1029,2024-01-24,1.985,45.04,5.732
1029,2024-01-25,2.646,43.98,5.608
1029,2024-01-26,2.063,45.66,5.812
1029,2024-01-27,2.232,43.64,5.689
1029,2024-01-28,2.258,44.81,5.519
1029,2024-01-29,2.711,45.8,5.746
1029,2024-01-30,2.216,45.8,5.791
1029,2024-01-31,,,
1029,2024-02-01,2.431,45.6,5.503
1029,2024-02-02,2.424,46.77,5.649
1029,2024-02-03,2.207,44.52,5.829
1029,2024-02-04,2.301,44.7,5.778
1029,2024-02-05,2.138,47.16,5.689
1029,2024-02-06,2.339,44.99,5.793
1029,2024-02-07,2.377,42.83,5.855
1029,2024-02-08,2.121,45.49,5.514
1029,2024-02-09,2.704,47.67,5.744
1029,2024-02-10,2.392,47.01,5.63
1029,2024-02-11,2.47,43.69,5.649
1029,2024-02-12,2.258,44.75,5.752
1029,2024-02-13,2.236,44.46,5.644
1029,2024-02-14,2.361,45.28,5.853
1029,2024-02-15,,,
1029,2024-02-16,1.884,44.39,5.809
1029,2024-02-17,1.873,44.48,5.752
1029,2024-02-18,2.387,44.25,5.77
1029,2024-02-19,2.226,45.15,5.707
1029,2024-02-20,2.416,43.91,5.825
1029,2024-02-21,2.337,44.77,5.661
1029,2024-02-22,2.347,44.18,5.619
1029,2024-02-23,,,
1029,2024-02-24,2.461,46.86,5.573
1029,2024-02-25,2.435,43.89,6.0
1029,2024-02-26,2.348,44.09,5.709
1029,2024-02-27,2.608,45.52,5.719
1029,2024-02-28,2.107,44.32,5.718
1029,2024-02-29,2.335,41.45,5.746
1029,2024-03-01,2.288,44.72,5.895
1029,2024-03-02,2.538,43.56,6.048
1029,2024-03-03,2.18,45.24,5.807
1029,2024-03-04,2.315,44.7,5.768
1029,2024-03-05,2.477,44.02,5.589
1029,2024-03-06,2.205,42.59,5.656
1029,2024-03-07,2.158,45.49,5.898
1029,2024-03-08,2.347,45.69,5.655
1029,2024-03-09,2.282,44.82,5.566
1029,2024-03-10,2.297,44.87,5.589
1029,2024-03-11,2.341,45.0,5.668
1029,2024-03-12,2.413,45.65,5.48
1029,2024-03-13,2.515,45.53,5.636
1029,2024-03-14,2.646,45.94,5.568
1029,2024-03-15,2.806,46.43,5.582
1029,2024-03-16,2.996,47.01,5.547
1029,2024-03-17,3.214,47.68,5.507
1029,2024-03-18,3.462,48.44,5.461
1029,2024-03-19,3.738,49.29,5.41
1029,2024-03-20,4.044,50.23,5.354
1029,2024-03-21,4.379,51.26,5.292
1029,2024-03-22,4.743,52.37,5.225
1029,2024-03-23,5.136,53.58,5.153
1029,2024-03-24,5.558,54.88,5.075
1029,2024-03-25,,,
1029,2024-03-26,6.489,57.74,4.904
1029,2024-03-27,6.999,59.3,4.81
1029,2024-03-28,,,
1029,2024-03-29,8.105,62.7,4.606
1029,2024-03-30,2.51,43.13,5.637
1029,2024-03-31,2.516,44.14,5.445
1029,2024-04-01,2.442,45.26,5.652
1029,2024-04-02,2.052,43.45,5.697
1029,2024-04-03,2.637,44.34,5.39
1029,2024-04-04,1.982,44.16,5.6
1029,2024-04-05,,,
1029,2024-04-06,2.601,44.53,5.762
1029,2024-04-07,1.995,43.85,5.707
1029,2024-04-08,1.958,44.32,5.816
1029,2024-04-09,2.208,44.36,5.523
1029,2024-04-10,2.402,43.47,5.648
1029,2024-04-11,2.041,42.95,5.522
1029,2024-04-12,2.056,45.54,5.542
1029,2024-04-13,2.243,46.88,5.575
1029,2024-04-14,2.451,43.42,5.774
1029,2024-04-15,2.481,43.39,5.556
1029,2024-04-16,2.453,45.66,5.915
1029,2024-04-17,2.071,44.51,5.725
1029,2024-04-18,2.553,45.48,5.741
1029,2024-04-19,1.977,44.36,5.61
1029,2024-04-20,2.353,45.51,5.352
1029,2024-04-21,2.11,45.63,5.705
1029,2024-04-22,2.329,46.47,5.888
1029,2024-04-23,2.112,44.04,5.65
1029,2024-04-24,2.345,43.94,5.63
1029,2024-04-25,2.088,45.9,5.844
1029,2024-04-26,2.393,45.04,5.604
1029,2024-04-27,2.514,44.05,5.375
1029,2024-04-28,2.365,43.88,5.937
1029,2024-04-29,2.202,45.5,5.797
1029,2024-04-30,2.248,46.15,5.522
1029,2024-05-01,2.151,44.8,5.577
1029,2024-05-02,2.281,45.92,5.759
1029,2024-05-03,2.454,43.55,5.57
1029,2024-05-04,2.073,45.72,5.698
1029,2024-05-05,1.955,44.58,6.074
1029,2024-05-06,2.786,46.13,5.806
1029,2024-05-07,2.33,43.84,5.85
1029,2024-05-08,2.139,43.89,5.607
1029,2024-05-09,2.205,45.36,5.505
1029,2024-05-10,2.309,46.12,5.569
1029,2024-05-11,2.256,44.0,5.658
1029,2024-05-12,2.052,45.28,5.541
1029,2024-05-13,2.228,46.19,5.815
1029,2024-05-14,2.229,46.14,5.704
1029,2024-05-15,2.465,45.76,5.543
1029,2024-05-16,2.041,44.25,5.62
1029,2024-05-17,2.488,44.32,5.819
1029,2024-05-18,,,
1029,2024-05-19,2.11,44.75,5.785
1029,2024-05-20,2.239,45.26,5.724
1029,2024-05-21,1.811,44.98,5.42
1029,2024-05-22,2.452,45.22,5.908
1029,2024-05-23,2.574,45.41,5.623
1029,2024-05-24,,,
1029,2024-05-25,2.034,45.03,5.393
1029,2024-05-26,2.131,44.25,5.616
1029,2024-05-27,2.412,43.89,5.812
1029,2024-05-28,2.24,45.25,5.841
1029,2024-05-29,2.249,45.83,5.592
1029,2024-05-30,2.927,45.25,5.813
1029,2024-05-31,2.257,44.66,5.608
1029,2024-06-01,2.025,44.05,5.799
1029,2024-06-02,,,
1029,2024-06-03,2.175,43.99,5.751
1029,2024-06-04,2.24,44.77,5.812
1029,2024-06-05,1.841,44.25,5.858
1029,2024-06-06,,,
1029,2024-06-07,2.301,45.28,5.875
1029,2024-06-08,2.437,44.49,5.78
1029,2024-06-09,2.181,44.36,5.884
1029,2024-06-10,2.208,46.19,5.883
1029,2024-06-11,2.744,43.43,5.633
1029,2024-06-12,2.172,45.76,5.492
1029,2024-06-13,2.312,43.0,5.724
1029,2024-06-14,2.357,46.31,5.862
1029,2024-06-15,2.153,45.38,5.685
1029,2024-06-16,2.225,46.36,5.51
1029,2024-06-17,2.61,44.87,5.73
1029,2024-06-18,2.447,44.87,5.874
1029,2024-06-19,2.09,45.89,5.667
1029,2024-06-20,,,
1029,2024-06-21,2.386,44.85,5.676
1029,2024-06-22,2.328,45.6,5.429
1029,2024-06-23,2.386,45.07,5.43
1029,2024-06-24,2.467,45.27,5.449
1029,2024-06-25,2.57,45.52,5.612
1029,2024-06-26,2.697,45.83,5.583
1029,2024-06-27,2.847,46.2,5.548
1029,2024-06-28,3.02,46.62,5.508
1029,2024-06-29,3.216,47.1,5.463
1029,2024-06-30,3.434,47.64,5.413
1029,2024-07-01,3.676,48.23,5.357
1029,2024-07-02,3.941,48.88,5.296
1029,2024-07-03,4.229,49.58,5.229
1029,2024-07-04,4.54,50.34,5.158
1029,2024-07-05,4.875,51.16,5.081
1029,2024-07-06,5.232,52.04,4.998
1029,2024-07-07,5.612,52.97,4.911
1029,2024-07-08,6.015,53.95,4.818
1029,2024-07-09,6.441,55.0,4.719
1029,2024-07-10,6.891,56.1,4.616
1029,2024-07-11,2.151,44.14,5.69
1029,2024-07-12,2.224,45.0,5.848
1029,2024-07-13,2.067,43.97,5.841
1029,2024-07-14,2.278,44.99,5.587
1029,2024-07-15,2.384,45.37,5.663
1029,2024-07-16,,,
1029,2024-07-17,2.062,45.83,5.604
1029,2024-07-18,2.093,45.62,5.759
1029,2024-07-19,2.171,47.66,5.666
1029,2024-07-20,1.97,45.78,5.606
1029,2024-07-21,2.039,45.21,5.762
1029,2024-07-22,2.236,45.67,5.604
1029,2024-07-23,2.429,44.82,5.69
1029,2024-07-24,2.393,45.48,5.596
1029,2024-07-25,2.321,46.3,5.778
1029,2024-07-26,2.431,45.29,5.647
1029,2024-07-27,2.3,46.29,5.749
1029,2024-07-28,2.255,41.21,5.83
1029,2024-07-29,2.58,45.57,5.641
1029,2024-07-30,2.221,44.66,5.635
1029,2024-07-31,2.301,45.44,5.535
1029,2024-08-01,2.049,46.35,5.507
1029,2024-08-02,2.148,44.58,6.052
1029,2024-08-03,2.117,46.14,5.605
1029,2024-08-04,2.294,44.72,5.751
1029,2024-08-05,2.112,44.63,5.657
1029,2024-08-06,2.437,43.1,5.57
1029,2024-08-07,2.042,43.96,5.48
1029,2024-08-08,2.422,46.03,5.737
1029,2024-08-09,2.181,46.98,5.81
1029,2024-08-10,2.137,44.91,5.65
1029,2024-08-11,2.223,45.24,5.347
1029,2024-08-12,2.151,45.97,5.626
1029,2024-08-13,2.004,46.17,5.676
1029,2024-08-14,2.657,44.49,5.506
1029,2024-08-15,2.312,45.27,5.894
1029,2024-08-16,2.279,46.31,5.854
1029,2024-08-17,1.724,43.35,5.602
1029,2024-08-18,2.412,44.54,5.945
1029,2024-08-19,2.498,43.88,5.743
1029,2024-08-20,2.18,44.26,5.778
1029,2024-08-21,2.055,44.94,5.514
1029,2024-08-22,2.66,45.24,5.635
1029,2024-08-23,1.958,44.9,5.456
1029,2024-08-24,2.421,44.05,5.546
1029,2024-08-25,1.991,46.6,6.053
1029,2024-08-26,2.216,44.32,5.686
1029,2024-08-27,2.468,43.87,5.63
1029,2024-08-28,2.048,42.77,5.809
1029,2024-08-29,2.282,45.02,5.52
1029,2024-08-30,2.294,44.92,5.645
1029,2024-08-31,2.426,44.92,5.669
1029,2024-09-01,2.385,45.05,5.658
1029,2024-09-02,2.466,46.39,5.642
1029,2024-09-03,2.569,46.82,5.621
1029,2024-09-04,2.695,45.88,5.596
1029,2024-09-05,2.843,46.09,5.566
1029,2024-09-06,3.015,46.48,5.368
1029,2024-09-07,3.21,46.93,5.492
1029,2024-09-08,3.427,47.42,5.449
1029,2024-09-09,3.668,47.96,5.4
1029,2024-09-10,3.931,48.56,5.348
1029,2024-09-11,4.217,49.21,5.29
1029,2024-09-12,,,
1029,2024-09-13,4.858,50.67,5.161
1029,2024-09-14,5.213,51.47,5.09
1029,2024-09-15,5.591,52.33,5.014
1029,2024-09-16,5.992,53.24,4.934
1029,2024-09-17,6.415,54.2,4.849
1029,2024-09-18,6.862,55.22,4.759
1029,2024-09-19,1.839,46.09,5.531
1029,2024-09-20,2.232,44.55,5.581
1029,2024-09-21,2.248,42.86,5.884
1029,2024-09-22,2.267,43.86,5.597
1029,2024-09-23,2.516,45.74,5.517
1029,2024-09-24,1.81,44.64,5.549
1029,2024-09-25,2.067,45.4,5.813
1029,2024-09-26,2.28,45.87,5.51
1029,2024-09-27,2.296,41.27,5.621
1029,2024-09-28,2.447,43.23,5.961
1029,2024-09-29,2.39,45.63,5.718
1029,2024-09-30,2.304,44.02,5.445
1029,2024-10-01,2.199,45.55,5.734
1029,2024-10-02,2.322,44.62,5.781
1029,2024-10-03,2.205,44.53,5.609
1029,2024-10-04,2.399,44.56,5.9
1029,2024-10-05,2.223,44.89,5.941
1029,2024-10-06,2.179,45.17,5.732
1029,2024-10-07,2.278,44.36,5.585
1029,2024-10-08,2.467,43.95,5.691
1029,2024-10-09,2.272,43.89,5.533
1029,2024-10-10,2.155,45.59,5.62
1029,2024-10-11,2.128,44.69,5.78
1029,2024-10-12,2.249,44.78,5.628
1029,2024-10-13,2.378,44.75,5.544
1029,2024-10-14,2.316,44.25,5.642
1029,2024-10-15,2.588,47.85,5.683
1029,2024-10-16,2.637,45.14,5.51
1029,2024-10-17,2.713,44.55,5.675
1029,2024-10-18,2.491,46.34,5.571
1029,2024-10-19,2.254,45.83,5.637
1029,2024-10-20,2.164,47.51,5.595
1029,2024-10-21,2.232,43.93,5.864
1029,2024-10-22,2.099,44.91,5.486
1029,2024-10-23,1.827,43.98,5.72
1029,2024-10-24,2.706,43.29,5.732
1029,2024-10-25,2.558,45.63,6.024
1029,2024-10-26,2.474,46.21,5.879
1029,2024-10-27,2.1,43.26,5.762
1029,2024-10-28,2.08,44.96,5.788
1029,2024-10-29,2.653,43.68,5.66
1029,2024-10-30,2.113,46.06,5.56
1029,2024-10-31,2.174,45.36,5.418
1029,2024-11-01,2.406,44.89,5.888
1029,2024-11-02,2.092,44.74,5.58
1029,2024-11-03,2.119,44.86,5.955
1029,2024-11-04,1.974,44.63,5.793
1029,2024-11-05,2.368,45.86,5.626
1029,2024-11-06,2.635,45.04,5.706
1029,2024-11-07,2.371,46.52,5.723
1029,2024-11-08,2.506,44.72,5.507
1029,2024-11-09,2.361,43.79,5.63
1029,2024-11-10,2.067,44.27,5.677
1029,2024-11-11,2.313,44.15,5.665
1029,2024-11-12,2.458,43.98,5.675
1029,2024-11-13,2.343,46.21,5.65
1029,2024-11-14,2.509,45.17,5.629
1029,2024-11-15,,,
1029,2024-11-16,1.899,43.72,5.522
1029,2024-11-17,2.379,45.23,5.825
1029,2024-11-18,2.29,44.86,5.824
1029,2024-11-19,2.426,45.05,5.804
1029,2024-11-20,2.121,44.69,5.416
1029,2024-11-21,2.643,45.25,5.513
1029,2024-11-22,2.527,44.23,5.696
1029,2024-11-23,2.47,46.03,5.458
1029,2024-11-24,2.102,44.91,5.59
1029,2024-11-25,2.08,45.25,5.711
1029,2024-11-26,2.393,44.94,5.144
1029,2024-11-27,2.489,44.66,5.872
1029,2024-11-28,2.451,43.38,5.897
1029,2024-11-29,2.478,44.56,5.467
1029,2024-11-30,2.213,45.72,5.571
1029,2024-12-01,2.34,46.58,5.59
1029,2024-12-02,1.988,46.22,5.661
1029,2024-12-03,2.087,44.73,5.659
1029,2024-12-04,2.184,43.33,5.57
1029,2024-12-05,2.177,45.94,5.656
1029,2024-12-06,2.501,44.53,5.673
1029,2024-12-07,2.36,44.35,5.6
1029,2024-12-08,2.371,45.84,5.737
1029,2024-12-09,2.066,44.03,5.415
1029,2024-12-10,1.902,45.02,5.985
1029,2024-12-11,2.376,43.14,5.772
1029,2024-12-12,2.11,43.75,5.793
1029,2024-12-13,2.586,46.59,5.537
1029,2024-12-14,2.255,45.79,5.523
1029,2024-12-15,2.341,45.04,5.686
1029,2024-12-16,1.96,45.01,5.777
1029,2024-12-17,2.269,44.2,5.921
1029,2024-12-18,2.224,45.47,5.715
1029,2024-12-19,2.341,46.04,5.752
1029,2024-12-20,2.33,45.25,5.758
1029,2024-12-21,2.165,44.73,5.562
1029,2024-12-22,2.262,45.15,5.336
1029,2024-12-23,2.01,45.72,5.851
1029,2024-12-24,2.49,45.34,5.805
1029,2024-12-25,,,
1029,2024-12-26,2.126,45.95,5.565
1029,2024-12-27,2.331,45.44,5.698
1029,2024-12-28,2.458,44.76,5.478
1029,2024-12-29,2.333,44.2,5.732
1029,2024-12-30,2.368,45.18,5.74
1029,2024-12-31,2.069,45.08,5.747
1029,2025-01-01,,,
1029,2025-01-02,2.138,45.09,5.745
1029,2025-01-03,2.078,43.1,5.502
1029,2025-01-04,2.387,45.68,5.51
1029,2025-01-05,2.363,45.8,5.676
1029,2025-01-06,2.656,44.54,5.4
1029,2025-01-07,2.438,43.3,5.51
1029,2025-01-08,2.178,44.65,5.502
1029,2025-01-09,2.411,46.01,5.739
1029,2025-01-10,2.537,43.01,5.622
1029,2025-01-11,1.975,45.54,5.506
1029,2025-01-12,2.285,44.06,5.833
1029,2025-01-13,2.411,44.92,5.551
1029,2025-01-14,2.404,45.74,5.628
1029,2025-01-15,2.201,43.53,5.532
1029,2025-01-16,2.289,45.19,5.649
1029,2025-01-17,2.226,44.32,5.824
1029,2025-01-18,2.632,44.89,5.794
1029,2025-01-19,2.433,46.34,5.817
1029,2025-01-20,2.385,43.41,5.714
1029,2025-01-21,2.188,44.13,5.743
1029,2025-01-22,2.545,46.4,5.581
1029,2025-01-23,2.472,43.67,5.682
1029,2025-01-24,1.833,44.06,5.668
1029,2025-01-25,2.24,44.73,5.564
1029,2025-01-26,2.544,45.66,5.632
1029,2025-01-27,2.52,45.97,5.641
1029,2025-01-28,2.085,44.38,5.782
1029,2025-01-29,1.924,44.4,5.818
1029,2025-01-30,2.216,45.87,5.598
1029,2025-01-31,2.339,43.23,5.629
1029,2025-02-01,1.942,42.32,5.899
1029,2025-02-02,2.131,44.07,5.874
1029,2025-02-03,2.311,45.12,5.733
1029,2025-02-04,2.314,45.36,5.773
1029,2025-02-05,2.1,45.7,5.601
1029,2025-02-06,2.351,43.05,5.835
1029,2025-02-07,2.67,44.9,5.678
1029,2025-02-08,2.056,44.8,5.466
1029,2025-02-09,2.186,44.87,5.637
1029,2025-02-10,1.832,44.99,5.976
1029,2025-02-11,2.23,45.65,5.698
1029,2025-02-12,2.44,44.26,5.432
1029,2025-02-13,2.293,43.56,5.802
1029,2025-02-14,1.886,44.27,5.584
1029,2025-02-15,2.471,45.69,5.968
1029,2025-02-16,2.32,44.69,5.888
1029,2025-02-17,2.383,46.05,5.418
1029,2025-02-18,2.309,44.15,5.58
1029,2025-02-19,2.114,43.28,5.743
1029,2025-02-20,2.426,42.93,5.716
1029,2025-02-21,2.441,47.0,5.74
1029,2025-02-22,2.166,43.54,5.627
1029,2025-02-23,2.269,44.32,5.644
1029,2025-02-24,2.368,46.89,5.83
1029,2025-02-25,2.127,45.86,5.578
1029,2025-02-26,2.359,44.71,5.691
1029,2025-02-27,2.328,46.58,5.994
1029,2025-02-28,2.172,42.33,5.761
1029,2025-03-01,2.038,44.84,5.748
1029,2025-03-02,2.589,45.89,5.629
1029,2025-03-03,1.991,46.32,5.929
1029,2025-03-04,2.283,45.72,5.642
1029,2025-03-05,2.454,42.52,5.596
1029,2025-03-06,2.568,44.35,5.783
1029,2025-03-07,2.524,44.81,5.682
1029,2025-03-08,2.018,45.47,5.901
1029,2025-03-09,2.583,43.05,5.904
1029,2025-03-10,2.403,46.19,5.533
1029,2025-03-11,1.989,45.73,5.485
1029,2025-03-12,2.18,44.93,5.556
1029,2025-03-13,2.111,45.08,5.567
1029,2025-03-14,2.346,45.1,5.805
1029,2025-03-15,2.231,45.31,5.622
1029,2025-03-16,2.002,45.85,5.529
1029,2025-03-17,2.648,43.94,6.015
1029,2025-03-18,2.339,44.04,5.427
1029,2025-03-19,2.455,43.71,5.493
1029,2025-03-20,1.734,43.79,5.66
1029,2025-03-21,,,
1029,2025-03-22,,,
1029,2025-03-23,2.259,44.66,5.606
1029,2025-03-24,2.287,45.75,5.881
1029,2025-03-25,1.777,46.81,5.671
1029,2025-03-26,2.433,44.86,5.467
1029,2025-03-27,2.885,45.23,5.64
1029,2025-03-28,2.642,43.82,5.966
1029,2025-03-29,1.947,45.15,5.77
1029,2025-03-30,2.473,43.35,5.688
1029,2025-03-31,2.2,44.55,5.885
1029,2025-04-01,2.68,45.25,5.599
1029,2025-04-02,2.584,44.1,5.657
1029,2025-04-03,2.294,44.58,5.329
1029,2025-04-04,2.144,43.65,5.856
1029,2025-04-05,2.061,45.19,5.782
1029,2025-04-06,2.473,46.63,5.594
1029,2025-04-07,2.288,46.64,5.676
1029,2025-04-08,1.871,46.76,5.69
1029,2025-04-09,2.227,44.87,5.777
1029,2025-04-10,1.954,44.65,5.607
1029,2025-04-11,2.193,43.71,5.592
1029,2025-04-12,2.795,44.99,5.851
1029,2025-04-13,2.336,45.13,5.477
1029,2025-04-14,2.609,47.26,5.655
1029,2025-04-15,2.601,45.97,5.532
1029,2025-04-16,2.038,43.7,5.73
1029,2025-04-17,2.728,44.85,5.931
1029,2025-04-18,2.245,44.46,5.796
1029,2025-04-19,2.153,45.11,5.828
1029,2025-04-20,2.539,46.25,5.532
1029,2025-04-21,2.355,45.32,5.389
1029,2025-04-22,2.483,45.15,5.604
1029,2025-04-23,2.236,43.38,5.808
1029,2025-04-24,2.553,42.8,5.579
1029,2025-04-25,2.147,45.46,5.47
1029,2025-04-26,2.307,45.53,5.711
1029,2025-04-27,2.146,44.05,5.623
1029,2025-04-28,2.442,44.78,5.348
1029,2025-04-29,2.348,45.31,5.744
1029,2025-04-30,2.48,44.52,5.565
1029,2025-05-01,2.325,43.9,5.479
1029,2025-05-02,2.438,45.26,5.775
1029,2025-05-03,2.283,45.8,5.773
1029,2025-05-04,2.568,43.45,5.724
1029,2025-05-05,2.437,45.16,5.74
1029,2025-05-06,2.524,47.25,5.476
1029,2025-05-07,2.688,44.55,5.599
1029,2025-05-08,2.543,45.36,5.745
1029,2025-05-09,2.452,44.81,5.279
1029,2025-05-10,2.053,45.65,5.367
1029,2025-05-11,2.586,45.46,5.801
1029,2025-05-12,2.182,44.95,5.85
1029,2025-05-13,2.159,43.74,5.862
1029,2025-05-14,2.264,44.38,5.533
1029,2025-05-15,2.117,44.76,5.937
1029,2025-05-16,2.485,45.22,5.542
1029,2025-05-17,2.289,45.82,5.623
1029,2025-05-18,2.388,44.24,5.611
1029,2025-05-19,2.087,46.05,5.647
1029,2025-05-20,2.304,43.27,5.83
1029,2025-05-21,1.861,45.32,6.04
1029,2025-05-22,2.236,44.11,5.601
1029,2025-05-23,2.206,45.75,5.712
1029,2025-05-24,2.033,45.85,5.439
1029,2025-05-25,2.311,46.12,5.726
1029,2025-05-26,2.142,43.45,5.518
1029,2025-05-27,2.306,45.05,5.791
1029,2025-05-28,2.153,42.69,5.6
1029,2025-05-29,2.236,45.23,5.6
1029,2025-05-30,1.893,44.54,5.878
1029,2025-05-31,2.498,44.58,5.586
1029,2025-06-01,2.394,45.12,5.409
1029,2025-06-02,2.421,44.29,5.713
1029,2025-06-03,2.36,47.74,5.584
1029,2025-06-04,2.576,43.49,5.629
1029,2025-06-05,2.305,44.11,5.739
1029,2025-06-06,2.593,44.41,5.905
1029,2025-06-07,2.214,43.86,5.94
1029,2025-06-08,1.891,43.32,5.517
1029,2025-06-09,,,
1029,2025-06-10,2.328,44.86,6.004
1029,2025-06-11,2.225,44.62,5.513
1029,2025-06-12,2.252,45.68,5.556
1029,2025-06-13,1.841,44.06,5.471
1029,2025-06-14,2.47,45.1,5.642
1029,2025-06-15,2.241,45.36,5.51
1029,2025-06-16,2.504,45.41,5.562
1029,2025-06-17,2.056,44.43,5.452
1029,2025-06-18,2.415,44.88,5.829
1029,2025-06-19,2.412,42.73,5.656
1029,2025-06-20,2.544,43.57,5.824
1029,2025-06-21,2.172,45.58,5.816
1029,2025-06-22,2.458,44.02,5.619
1029,2025-06-23,2.202,44.64,5.878
1029,2025-06-24,1.962,44.15,5.754
1029,2025-06-25,2.569,44.37,5.587
1029,2025-06-26,2.255,44.26,5.655
1029,2025-06-27,2.513,44.37,5.82
1029,2025-06-28,2.455,45.06,5.45
1029,2025-06-29,2.239,45.3,5.643
1029,2025-06-30,2.449,44.62,5.767
1029,2025-07-01,1.974,45.25,5.627
1029,2025-07-02,2.068,43.9,5.56
1029,2025-07-03,1.975,43.95,6.017
1029,2025-07-04,1.861,43.49,5.352
1029,2025-07-05,2.344,45.43,5.77
1029,2025-07-06,2.509,44.24,5.787
1029,2025-07-07,2.571,43.89,5.805
1029,2025-07-08,,,
1029,2025-07-09,2.304,45.1,5.898
1029,2025-07-10,2.279,44.69,5.619
1029,2025-07-11,2.239,45.9,5.511
1029,2025-07-12,2.052,43.83,5.579
1029,2025-07-13,2.282,45.44,5.655
1029,2025-07-14,2.293,44.84,5.668
1029,2025-07-15,2.326,44.91,5.668
1029,2025-07-16,2.379,45.97,5.374
1029,2025-07-17,2.455,45.45,5.636
1029,2025-07-18,2.552,45.38,5.612
1029,2025-07-19,2.671,45.71,5.497
1029,2025-07-20,2.811,45.91,5.548
1029,2025-07-21,2.973,46.25,5.509
1029,2025-07-22,3.156,46.63,5.464
1029,2025-07-23,3.361,47.05,5.413
1029,2025-07-24,3.588,47.52,5.357
1029,2025-07-25,3.836,48.03,5.296
1029,2025-07-26,4.105,48.59,5.23
1029,2025-07-27,4.397,49.19,5.158
1029,2025-07-28,4.709,49.84,5.081
1029,2025-07-29,5.044,50.53,4.999
1029,2025-07-30,5.4,51.26,4.912
1029,2025-07-31,5.777,52.04,4.819
1029,2025-08-01,6.176,52.87,4.721
1029,2025-08-02,6.597,53.74,4.617
1029,2025-08-03,2.324,43.6,5.719
1029,2025-08-04,2.325,46.32,5.358
1029,2025-08-05,2.464,43.95,5.782
1029,2025-08-06,2.526,44.19,5.67
1029,2025-08-07,2.43,45.73,5.609
1029,2025-08-08,2.179,44.37,5.87
1029,2025-08-09,2.249,44.2,5.826
1029,2025-08-10,2.133,44.56,5.75
1029,2025-08-11,1.846,43.35,5.798
1029,2025-08-12,1.846,44.23,5.678
1029,2025-08-13,2.0,44.11,5.726
1029,2025-08-14,2.472,42.35,5.924
1029,2025-08-15,,,
1029,2025-08-16,2.112,46.08,5.668
1029,2025-08-17,2.114,44.49,5.817
1029,2025-08-18,2.059,43.99,5.711
1029,2025-08-19,2.237,45.65,5.66
1029,2025-08-20,2.514,43.87,5.655
1029,2025-08-21,2.01,43.18,5.813
1029,2025-08-22,2.346,45.96,5.78
1029,2025-08-23,2.207,43.94,5.732
1029,2025-08-24,2.438,42.09,5.782
1029,2025-08-25,2.211,43.03,5.648
1029,2025-08-26,2.365,44.26,5.664
1029,2025-08-27,2.253,45.58,5.513
1029,2025-08-28,2.531,44.11,6.124
1029,2025-08-29,1.914,44.94,5.668
1029,2025-08-30,2.181,45.32,5.77
1029,2025-08-31,1.766,45.41,5.643
1029,2025-09-01,2.433,44.51,5.674
1029,2025-09-02,2.66,46.16,5.391
1029,2025-09-03,2.44,45.02,5.75
1029,2025-09-04,2.346,45.86,5.837
1029,2025-09-05,,,
1029,2025-09-06,2.297,43.56,5.883
1029,2025-09-07,2.128,45.76,5.828
1029,2025-09-08,,,
1029,2025-09-09,2.386,45.3,5.591
1029,2025-09-10,2.418,45.64,5.735
1029,2025-09-11,2.259,44.82,5.848
1029,2025-09-12,1.784,44.51,6.066
1029,2025-09-13,2.245,44.36,5.572
1029,2025-09-14,2.597,44.93,5.73
1029,2025-09-15,2.49,45.4,5.811
1029,2025-09-16,2.053,45.72,5.494
1029,2025-09-17,1.988,43.93,5.639
1029,2025-09-18,2.146,44.95,5.854
1029,2025-09-19,2.12,44.33,5.763
1029,2025-09-20,2.223,45.48,5.758
1029,2025-09-21,2.226,44.07,5.802
1029,2025-09-22,1.873,44.52,5.669
1029,2025-09-23,2.37,46.93,5.664
1029,2025-09-24,2.008,45.87,5.662
1029,2025-09-25,2.225,45.04,5.635
1029,2025-09-26,2.282,44.95,5.811
1029,2025-09-27,2.234,45.13,5.541
1029,2025-09-28,2.21,44.61,5.843
1029,2025-09-29,2.319,44.36,5.668
1029,2025-09-30,2.359,46.61,5.673
1029,2025-10-01,2.319,44.17,5.599
1029,2025-10-02,2.463,43.66,5.654
1029,2025-10-03,2.185,43.95,5.514
1029,2025-10-04,2.329,45.6,5.439
1029,2025-10-05,2.343,46.96,5.619
1029,2025-10-06,2.386,42.56,5.648
1029,2025-10-07,2.582,43.92,5.546
1029,2025-10-08,2.334,45.68,5.645
1029,2025-10-09,2.377,44.64,5.76
1029,2025-10-10,2.216,44.67,5.759
1029,2025-10-11,1.936,43.86,5.62
1029,2025-10-12,2.253,44.19,5.722
1029,2025-10-13,2.043,44.69,5.765
1029,2025-10-14,2.126,44.6,5.659
1029,2025-10-15,2.344,44.46,5.503
1029,2025-10-16,2.853,44.93,5.445
1029,2025-10-17,2.239,44.52,5.903
1029,2025-10-18,1.97,44.96,5.62
1029,2025-10-19,2.066,46.57,5.807
1029,2025-10-20,2.354,43.63,5.385
1029,2025-10-21,2.127,44.79,5.528
1029,2025-10-22,2.346,44.15,5.393
1029,2025-10-23,2.054,43.96,5.754
1029,2025-10-24,2.075,46.15,5.734
1029,2025-10-25,2.102,45.19,5.451
1029,2025-10-26,,,
1029,2025-10-27,2.414,44.45,5.872
1029,2025-10-28,2.166,44.58,5.682
1029,2025-10-29,2.122,46.58,5.938
1029,2025-10-30,2.405,44.06,5.7
1029,2025-10-31,1.861,45.72,5.523
1029,2025-11-01,2.342,45.43,5.709
1029,2025-11-02,2.419,44.5,5.272
1029,2025-11-03,2.284,44.5,5.394
1029,2025-11-04,2.227,45.96,5.847
1029,2025-11-05,2.324,44.93,5.855
1029,2025-11-06,2.191,45.3,5.893
1029,2025-11-07,2.23,44.57,5.842
1029,2025-11-08,2.196,44.22,5.766
1029,2025-11-09,2.495,44.79,5.661
1029,2025-11-10,2.289,45.63,5.683
1029,2025-11-11,2.222,46.17,5.812
1029,2025-11-12,2.386,44.77,5.687
1029,2025-11-13,2.073,45.85,5.54
1029,2025-11-14,2.2,46.16,5.553
1029,2025-11-15,1.831,45.1,5.536
1029,2025-11-16,2.604,45.46,5.881
1029,2025-11-17,2.326,44.41,5.832
1029,2025-11-18,2.202,46.17,5.694
1029,2025-11-19,2.687,45.55,5.588
1029,2025-11-20,2.749,44.09,5.926
1029,2025-11-21,2.406,44.24,5.474
1029,2025-11-22,2.496,44.63,5.75
1029,2025-11-23,2.71,44.44,5.815
1029,2025-11-24,2.238,44.4,5.808
1029,2025-11-25,2.32,44.02,5.851
1029,2025-11-26,2.485,44.68,5.654
1029,2025-11-27,2.506,45.77,5.759
1029,2025-11-28,1.761,44.4,5.517
1029,2025-11-29,2.504,45.91,5.718
1029,2025-11-30,2.161,44.96,5.711
1029,2025-12-01,2.068,44.69,5.629
1029,2025-12-02,2.049,43.76,5.619
1029,2025-12-03,2.217,45.13,5.889
1029,2025-12-04,2.088,43.76,5.414
1029,2025-12-05,2.313,45.99,5.906
1029,2025-12-06,2.343,45.5,5.364
1029,2025-12-07,2.343,43.75,5.617
1029,2025-12-08,2.074,43.87,5.529
1029,2025-12-09,2.458,43.94,5.647
1029,2025-12-10,2.157,45.5,5.747
1029,2025-12-11,2.473,46.62,5.456
1029,2025-12-12,2.097,45.09,5.944
1029,2025-12-13,2.173,44.31,5.482
1029,2025-12-14,2.327,43.74,5.733
1029,2025-12-15,2.622,44.02,5.839
1029,2025-12-16,2.179,43.26,5.781
1029,2025-12-17,2.518,44.59,5.743
1029,2025-12-18,2.319,43.82,5.702
1029,2025-12-19,2.187,46.85,5.625
1029,2025-12-20,2.377,43.33,5.632
1029,2025-12-21,2.39,45.56,5.638
1029,2025-12-22,2.535,44.31,5.509
1029,2025-12-23,1.847,45.43,5.587
1029,2025-12-24,2.813,43.79,5.712
1029,2025-12-25,2.463,45.83,6.011
1029,2025-12-26,2.433,45.44,5.649
1029,2025-12-27,2.452,46.43,5.765
1029,2025-12-28,1.999,42.93,5.369
1029,2025-12-29,2.495,45.82,5.527
1029,2025-12-30,2.247,45.49,5.61
1029,2025-12-31,2.306,43.93,5.856
1030,2024-01-01,2.159,42.65,6.109
1030,2024-01-02,1.978,43.86,6.03
1030,2024-01-03,2.223,42.09,5.831
1030,2024-01-04,2.243,41.14,6.069
1030,2024-01-05,2.523,41.7,5.962
1030,2024-01-06,1.696,43.19,5.669
1030,2024-01-07,,,
1030,2024-01-08,2.55,42.0,5.734
1030,2024-01-09,2.414,44.63,5.712
1030,2024-01-10,1.986,44.26,5.676
1030,2024-01-11,1.965,42.74,5.676
1030,2024-01-12,2.182,42.24,5.846
1030,2024-01-13,2.281,41.62,5.915
1030,2024-01-14,2.183,41.87,5.696
1030,2024-01-15,2.378,43.28,5.786
1030,2024-01-16,2.371,41.48,6.019
1030,2024-01-17,2.308,41.86,5.65
1030,2024-01-18,2.075,42.4,5.888
1030,2024-01-19,2.172,43.62,5.657
1030,2024-01-20,2.095,41.57,5.988
1030,2024-01-21,2.151,41.78,5.856
1030,2024-01-22,2.296,42.59,5.87
1030,2024-01-23,2.51,42.44,5.64
1030,2024-01-24,2.438,43.46,6.037
1030,2024-01-25,2.354,44.06,5.905
1030,2024-01-26,2.069,43.34,6.242
1030,2024-01-27,2.213,42.63,5.782
1030,2024-01-28,2.327,40.82,5.741
1030,2024-01-29,2.187,43.49,5.854
1030,2024-01-30,2.157,41.36,5.864
1030,2024-01-31,2.462,41.71,5.901
1030,2024-02-01,,,
1030,2024-02-02,2.146,42.4,5.642
1030,2024-02-03,2.561,44.18,5.813
1030,2024-02-04,2.32,41.83,5.854
1030,2024-02-05,1.96,42.52,5.914
1030,2024-02-06,2.523,42.8,5.914
1030,2024-02-07,2.634,43.21,6.322
1030,2024-02-08,2.294,41.12,5.971
1030,2024-02-09,2.346,43.16,5.878
1030,2024-02-10,2.363,42.98,5.942
1030,2024-02-11,2.457,43.06,5.95
1030,2024-02-12,2.072,43.07,5.851
1030,2024-02-13,2.147,41.35,5.559
1030,2024-02-14,2.411,42.67,5.759
1030,2024-02-15,2.319,43.59,5.795
1030,2024-02-16,2.623,41.3,5.805
1030,2024-02-17,2.585,43.31,5.719
1030,2024-02-18,2.43,42.43,5.562
1030,2024-02-19,2.205,42.45,5.835
1030,2024-02-20,2.23,41.94,6.06
1030,2024-02-21,1.988,42.37,5.815
1030,2024-02-22,2.589,43.57,6.014
1030,2024-02-23,1.917,42.31,5.694
1030,2024-02-24,1.912,42.64,5.766
1030,2024-02-25,2.52,41.42,5.715
1030,2024-02-26,2.115,42.48,5.706
1030,2024-02-27,2.163,41.6,5.906
1030,2024-02-28,2.49,42.86,5.761
1030,2024-02-29,2.3,42.35,5.823
1030,2024-03-01,2.63,43.65,5.589
1030,2024-03-02,2.14,41.49,5.792
1030,2024-03-03,2.184,43.71,5.707
1030,2024-03-04,2.135,42.41,5.784
1030,2024-03-05,2.345,42.59,6.023
1030,2024-03-06,2.494,41.01,5.8
1030,2024-03-07,2.499,42.34,5.845
1030,2024-03-08,2.75,42.87,5.857
1030,2024-03-09,2.61,41.03,5.652
1030,2024-03-10,2.198,42.84,5.709
1030,2024-03-11,2.25,42.91,5.955
1030,2024-03-12,2.453,42.5,5.915
1030,2024-03-13,2.579,44.26,5.859
1030,2024-03-14,2.463,43.07,5.773
1030,2024-03-15,2.468,42.09,5.777
1030,2024-03-16,2.674,42.94,5.686
1030,2024-03-17,2.272,42.41,6.09
1030,2024-03-18,2.324,43.21,5.789
1030,2024-03-19,2.589,42.22,6.034
1030,2024-03-20,2.063,41.82,5.824
1030,2024-03-21,2.031,41.38,5.582
1030,2024-03-22,2.227,44.03,5.956
1030,2024-03-23,2.342,42.9,5.436
1030,2024-03-24,2.347,44.04,5.626
1030,2024-03-25,2.701,42.81,5.605
1030,2024-03-26,2.407,40.94,5.532
1030,2024-03-27,1.899,41.45,5.807
1030,2024-03-28,2.648,43.45,5.788
1030,2024-03-29,2.605,42.57,6.025
1030,2024-03-30,2.584,41.83,5.752
1030,2024-03-31,2.518,42.19,5.78
1030,2024-04-01,2.036,41.31,5.774
1030,2024-04-02,1.994,42.29,5.643
1030,2024-04-03,2.731,43.05,5.688
1030,2024-04-04,2.635,42.81,5.518
1030,2024-04-05,2.085,41.65,5.95
1030,2024-04-06,2.362,43.75,5.607
1030,2024-04-07,2.245,42.67,5.791
1030,2024-04-08,2.657,42.69,5.675
1030,2024-04-09,1.909,42.13,5.886
1030,2024-04-10,2.596,43.34,5.97
1030,2024-04-11,2.283,43.27,5.687
1030,2024-04-12,2.362,41.08,6.042
1030,2024-04-13,2.396,42.75,5.883
1030,2024-04-14,2.2,42.7,5.751
1030,2024-04-15,2.392,43.35,5.795
1030,2024-04-16,1.845,44.0,5.878
1030,2024-04-17,2.358,42.34,6.091
1030,2024-04-18,2.364,41.81,5.706
1030,2024-04-19,2.523,41.6,5.521
1030,2024-04-20,2.332,43.04,5.672
1030,2024-04-21,2.838,43.16,5.821
1030,2024-04-22,2.59,41.81,5.717
1030,2024-04-23,2.658,44.94,5.628
1030,2024-04-24,2.486,41.89,5.591
1030,2024-04-25,2.567,41.32,5.944
1030,2024-04-26,2.42,43.17,5.817
1030,2024-04-27,2.897,44.86,5.85
1030,2024-04-28,1.942,44.08,5.737
1030,2024-04-29,2.648,44.21,5.817
1030,2024-04-30,2.396,41.43,5.266
1030,2024-05-01,2.37,42.24,5.894
1030,2024-05-02,2.061,41.77,5.845
1030,2024-05-03,2.219,41.51,6.15
1030,2024-05-04,2.246,42.74,5.794
1030,2024-05-05,2.664,42.1,6.171
1030,2024-05-06,2.539,42.98,5.902
1030,2024-05-07,2.478,42.82,5.69
1030,2024-05-08,2.319,43.57,5.666
1030,2024-05-09,2.486,43.67,5.665
1030,2024-05-10,,,
1030,2024-05-11,2.368,42.66,5.919
1030,2024-05-12,2.267,41.43,5.791
1030,2024-05-13,2.31,42.61,5.955
1030,2024-05-14,2.32,42.13,5.775
1030,2024-05-15,2.875,44.24,5.777
1030,2024-05-16,2.156,44.24,5.763
1030,2024-05-17,2.65,42.99,5.573
1030,2024-05-18,2.201,44.2,5.775
1030,2024-05-19,2.41,42.37,5.787
1030,2024-05-20,2.384,43.26,5.867
1030,2024-05-21,2.096,41.94,5.712
1030,2024-05-22,2.206,43.73,5.709
1030,2024-05-23,2.406,43.55,6.008
1030,2024-05-24,2.409,42.11,5.74
1030,2024-05-25,2.144,44.09,5.763
1030,2024-05-26,2.324,43.97,5.72
1030,2024-05-27,2.327,43.93,5.906
1030,2024-05-28,2.366,41.33,5.906
1030,2024-05-29,2.39,42.34,5.783
1030,2024-05-30,2.544,42.88,5.652
1030,2024-05-31,1.905,43.09,5.793
1030,2024-06-01,2.267,42.44,6.091
1030,2024-06-02,2.37,44.73,5.725
1030,2024-06-03,2.208,43.23,5.758
1030,2024-06-04,2.412,42.13,5.959
1030,2024-06-05,2.165,42.76,5.935
1030,2024-06-06,1.85,41.98,5.76
1030,2024-06-07,2.348,45.29,5.728
1030,2024-06-08,2.636,44.42,6.005
1030,2024-06-09,,,
1030,2024-06-10,2.459,41.25,5.759
1030,2024-06-11,2.236,42.19,5.839
1030,2024-06-12,2.574,43.13,5.663
1030,2024-06-13,2.128,42.57,5.661
1030,2024-06-14,2.17,43.44,6.029
1030,2024-06-15,2.296,41.04,5.805
1030,2024-06-16,2.431,40.89,5.652
1030,2024-06-17,2.404,42.89,5.989
1030,2024-06-18,2.648,42.18,5.835
1030,2024-06-19,2.291,44.29,5.954
1030,2024-06-20,1.942,42.13,5.778
1030,2024-06-21,2.425,41.61,5.914
1030,2024-06-22,2.198,42.44,5.903
1030,2024-06-23,2.3,41.64,5.667
1030,2024-06-24,2.412,42.51,5.872
1030,2024-06-25,2.244,43.93,5.968
1030,2024-06-26,2.577,42.39,5.713
1030,2024-06-27,2.509,41.41,5.727
1030,2024-06-28,2.418,42.04,5.619
1030,2024-06-29,2.482,43.35,5.805
1030,2024-06-30,2.214,42.17,5.779
1030,2024-07-01,2.399,43.23,5.788
1030,2024-07-02,2.424,43.5,5.717
1030,2024-07-03,2.444,42.13,6.17
1030,2024-07-04,2.389,43.41,5.889
1030,2024-07-05,2.435,43.82,5.665
1030,2024-07-06,2.52,43.22,5.934
1030,2024-07-07,2.249,43.28,5.591
1030,2024-07-08,2.437,42.33,5.94
1030,2024-07-09,2.651,42.86,6.025
1030,2024-07-10,1.888,43.76,5.484
1030,2024-07-11,2.33,43.76,5.906
1030,2024-07-12,2.7,43.02,5.687
1030,2024-07-13,2.236,45.28,5.772
1030,2024-07-14,2.014,41.76,5.94
1030,2024-07-15,2.404,43.55,5.648
1030,2024-07-16,2.392,42.57,6.135
1030,2024-07-17,2.279,42.31,5.712
1030,2024-07-18,2.293,44.12,6.028
1030,2024-07-19,2.477,43.04,6.01
1030,2024-07-20,2.123,41.95,5.883
1030,2024-07-21,2.447,42.01,5.826
1030,2024-07-22,2.11,42.24,5.875
1030,2024-07-23,2.417,42.89,5.889
1030,2024-07-24,2.569,42.65,5.919
1030,2024-07-25,2.494,42.61,5.497
1030,2024-07-26,2.45,43.05,5.853
1030,2024-07-27,2.631,43.61,5.853
1030,2024-07-28,2.343,42.95,6.137
1030,2024-07-29,2.871,44.66,5.801
1030,2024-07-30,2.6,43.82,5.892
1030,2024-07-31,2.127,42.11,5.547
1030,2024-08-01,2.21,42.8,5.663
1030,2024-08-02,2.398,43.32,5.716
1030,2024-08-03,2.568,41.62,5.836
1030,2024-08-04,2.775,42.72,5.592
1030,2024-08-05,2.023,44.0,5.919
1030,2024-08-06,2.224,41.82,5.797
1030,2024-08-07,2.322,44.48,5.504
1030,2024-08-08,2.393,43.01,6.004
1030,2024-08-09,2.18,44.03,5.881
1030,2024-08-10,2.102,42.7,6.001
1030,2024-08-11,2.306,40.93,5.658
1030,2024-08-12,2.455,42.33,5.766
1030,2024-08-13,2.597,43.84,6.022
1030,2024-08-14,2.272,43.77,5.727
1030,2024-08-15,1.9,44.0,5.469
1030,2024-08-16,2.412,42.29,5.852
1030,2024-08-17,2.508,43.14,5.748
1030,2024-08-18,2.477,43.81,5.633
1030,2024-08-19,2.575,41.78,5.755
1030,2024-08-20,2.702,42.16,6.002
1030,2024-08-21,2.182,41.95,5.774
1030,2024-08-22,2.053,44.22,6.052
1030,2024-08-23,2.167,42.86,5.842
1030,2024-08-24,2.598,42.76,5.924
1030,2024-08-25,2.211,40.54,5.755
1030,2024-08-26,2.228,43.81,5.745
1030,2024-08-27,2.011,41.92,5.551
1030,2024-08-28,2.104,42.7,5.873
1030,2024-08-29,2.063,42.43,5.89
1030,2024-08-30,2.402,42.84,5.796
1030,2024-08-31,2.135,43.59,5.931
1030,2024-09-01,2.225,42.84,5.882
1030,2024-09-02,2.433,41.38,5.887
1030,2024-09-03,2.544,42.9,5.79
1030,2024-09-04,1.893,44.14,5.77
1030,2024-09-05,2.3,43.37,5.663
1030,2024-09-06,2.422,43.35,5.654
1030,2024-09-07,2.45,41.88,5.718
1030,2024-09-08,2.275,42.71,5.978
1030,2024-09-09,2.326,43.3,6.025
1030,2024-09-10,2.4,42.76,5.936
1030,2024-09-11,2.143,44.21,5.452
1030,2024-09-12,2.505,44.8,5.713
1030,2024-09-13,2.195,42.56,5.649
1030,2024-09-14,2.335,40.73,5.699
1030,2024-09-15,2.392,40.06,5.936
1030,2024-09-16,2.129,42.77,5.84
1030,2024-09-17,2.306,42.23,5.708
1030,2024-09-18,2.796,42.52,5.801
1030,2024-09-19,2.14,42.76,5.632
1030,2024-09-20,2.13,42.86,5.915
1030,2024-09-21,2.205,43.03,5.828
1030,2024-09-22,2.092,42.24,6.0
1030,2024-09-23,2.297,43.52,5.78
1030,2024-09-24,2.464,44.3,5.782
1030,2024-09-25,2.672,41.27,5.908
1030,2024-09-26,2.426,42.34,5.784
1030,2024-09-27,2.263,43.02,5.678
1030,2024-09-28,2.406,41.69,5.827
1030,2024-09-29,2.437,42.4,5.461
1030,2024-09-30,2.521,42.5,5.778
1030,2024-10-01,2.32,43.01,5.53
1030,2024-10-02,2.084,44.7,5.787
1030,2024-10-03,2.004,43.18,5.996
1030,2024-10-04,2.327,42.25,5.803
1030,2024-10-05,2.439,43.63,5.89
1030,2024-10-06,2.04,44.66,5.779
1030,2024-10-07,1.975,43.91,5.992
1030,2024-10-08,2.666,42.67,5.814
1030,2024-10-09,2.684,42.7,5.808
1030,2024-10-10,2.369,42.79,5.787
1030,2024-10-11,2.423,42.92,5.752
1030,2024-10-12,2.498,43.11,5.703
1030,2024-10-13,2.595,43.36,5.641
1030,2024-10-14,2.713,43.67,5.564
1030,2024-10-15,2.853,44.02,5.474
1030,2024-10-16,3.014,44.44,5.369
1030,2024-10-17,3.196,44.91,5.251
1030,2024-10-18,3.401,45.43,5.119
1030,2024-10-19,3.626,46.01,4.973
1030,2024-10-20,3.874,46.65,4.813
1030,2024-10-21,4.142,47.34,4.639
1030,2024-10-22,4.432,48.08,4.451
1030,2024-10-23,4.744,48.89,4.249
1030,2024-10-24,5.077,49.74,4.034
1030,2024-10-25,5.432,50.65,3.804
1030,2024-10-26,5.808,51.62,3.561
1030,2024-10-27,6.206,52.64,3.304
1030,2024-10-28,6.625,53.72,3.032
1030,2024-10-29,2.235,41.96,5.85
1030,2024-10-30,2.203,42.99,5.708
1030,2024-10-31,2.537,42.62,5.801
1030,2024-11-01,2.398,44.06,5.916
1030,2024-11-02,2.207,41.97,5.97
1030,2024-11-03,2.641,42.63,6.005
1030,2024-11-04,2.315,41.71,6.1
1030,2024-11-05,2.417,42.82,5.959
1030,2024-11-06,2.585,41.8,5.806
1030,2024-11-07,2.367,40.28,5.833
1030,2024-11-08,2.592,41.57,5.964
1030,2024-11-09,2.679,40.76,5.836
1030,2024-11-10,2.666,43.31,6.038
1030,2024-11-11,1.926,42.68,5.651
1030,2024-11-12,2.308,42.37,5.628
1030,2024-11-13,1.938,42.57,5.803
1030,2024-11-14,2.392,42.71,5.72
1030,2024-11-15,2.719,41.82,5.836
1030,2024-11-16,2.519,42.86,6.11
1030,2024-11-17,2.178,43.78,5.945
1030,2024-11-18,2.591,41.92,5.839
1030,2024-11-19,2.295,41.57,5.909
1030,2024-11-20,2.585,43.99,5.672
1030,2024-11-21,2.524,43.0,6.024
1030,2024-11-22,2.329,44.2,5.882
1030,2024-11-23,2.072,43.36,5.847
1030,2024-11-24,2.39,42.31,5.878
1030,2024-11-25,2.363,44.28,5.903
1030,2024-11-26,,,
1030,2024-11-27,2.755,40.63,5.668
1030,2024-11-28,2.459,43.18,5.895
1030,2024-11-29,,,
1030,2024-11-30,2.425,42.98,5.646
1030,2024-12-01,2.469,43.64,5.926
1030,2024-12-02,2.3,42.56,5.921
1030,2024-12-03,2.423,42.26,5.939
1030,2024-12-04,2.207,43.29,5.869
1030,2024-12-05,2.555,42.95,5.846
1030,2024-12-06,2.696,40.81,5.546
1030,2024-12-07,2.414,42.97,6.087
1030,2024-12-08,2.69,41.08,5.71
1030,2024-12-09,2.149,43.47,5.894
1030,2024-12-10,2.297,41.84,5.81
1030,2024-12-11,2.094,42.5,5.757
1030,2024-12-12,2.376,41.79,5.577
1030,2024-12-13,2.531,41.71,5.929
1030,2024-12-14,2.377,44.97,5.81
1030,2024-12-15,2.48,42.79,5.927
1030,2024-12-16,2.521,43.02,5.773
1030,2024-12-17,2.618,43.95,5.5
1030,2024-12-18,2.465,43.49,5.844
1030,2024-12-19,2.401,41.55,5.946
1030,2024-12-20,2.579,41.82,5.877
1030,2024-12-21,2.361,41.08,5.877
1030,2024-12-22,2.298,41.77,6.043
1030,2024-12-23,1.976,42.33,5.561
1030,2024-12-24,2.192,43.85,5.835
1030,2024-12-25,2.567,42.89,5.986
1030,2024-12-26,2.09,43.35,5.738
1030,2024-12-27,2.079,41.85,5.658
1030,2024-12-28,2.185,42.77,5.77
1030,2024-12-29,2.194,44.33,5.798
1030,2024-12-30,2.326,42.67,5.814
1030,2024-12-31,2.336,42.92,5.806
1030,2025-01-01,2.365,43.38,5.781
1030,2025-01-02,2.413,42.94,5.739
1030,2025-01-03,2.481,43.15,5.68
1030,2025-01-04,2.568,44.36,5.604
1030,2025-01-05,2.674,43.75,5.512
1030,2025-01-06,2.8,44.14,5.402
1030,2025-01-07,2.945,44.6,5.276
1030,2025-01-08,3.109,45.11,5.133
1030,2025-01-09,3.293,45.68,4.973
1030,2025-01-10,3.496,46.31,4.797
1030,2025-01-11,3.718,47.0,4.603
1030,2025-01-12,3.96,47.75,4.393
1030,2025-01-13,4.221,48.56,4.166
1030,2025-01-14,4.502,49.44,3.922
1030,2025-01-15,4.801,50.37,3.661
1030,2025-01-16,5.12,51.36,3.384
1030,2025-01-17,5.459,52.41,3.089
1030,2025-01-18,5.817,53.53,2.778
1030,2025-01-19,6.194,54.7,2.45
1030,2025-01-20,2.233,43.94,5.528
1030,2025-01-21,2.497,42.58,6.079
1030,2025-01-22,2.021,43.07,5.865
1030,2025-01-23,2.218,43.42,5.949
1030,2025-01-24,2.779,43.39,5.605
1030,2025-01-25,2.109,41.82,6.149
1030,2025-01-26,2.603,42.85,5.962
1030,2025-01-27,2.206,42.99,5.671
1030,2025-01-28,2.102,41.61,5.514
1030,2025-01-29,2.857,44.42,5.762
1030,2025-01-30,,,
1030,2025-01-31,2.077,44.15,5.851
1030,2025-02-01,2.786,43.48,5.895
1030,2025-02-02,2.297,43.37,5.712
1030,2025-02-03,,,
1030,2025-02-04,2.151,41.89,5.872
1030,2025-02-05,3.012,42.75,6.055
1030,2025-02-06,2.302,40.64,5.76
1030,2025-02-07,2.494,43.94,5.774
1030,2025-02-08,2.379,43.18,5.685
1030,2025-02-09,2.49,42.18,5.767
1030,2025-02-10,2.511,42.29,5.903
1030,2025-02-11,2.224,42.51,6.042
1030,2025-02-12,2.089,42.8,5.659
1030,2025-02-13,2.395,41.42,5.656
1030,2025-02-14,2.582,41.33,5.887
1030,2025-02-15,2.636,43.97,5.773
1030,2025-02-16,2.521,42.01,5.941
1030,2025-02-17,2.587,42.69,5.788
1030,2025-02-18,2.292,43.91,5.837
1030,2025-02-19,2.323,42.13,5.853
1030,2025-02-20,2.513,43.88,5.83
1030,2025-02-21,2.056,43.14,5.974
1030,2025-02-22,2.497,43.25,5.83
1030,2025-02-23,2.02,41.16,6.043
1030,2025-02-24,2.438,41.88,5.906
1030,2025-02-25,2.295,42.28,5.777
1030,2025-02-26,1.554,43.7,5.689
1030,2025-02-27,2.126,42.25,6.02
1030,2025-02-28,2.106,42.34,5.772
1030,2025-03-01,2.538,43.25,5.822
1030,2025-03-02,2.294,44.96,5.751
1030,2025-03-03,2.677,43.43,6.078
1030,2025-03-04,2.544,43.17,5.896
1030,2025-03-05,2.339,42.75,5.607
1030,2025-03-06,2.269,41.62,5.757
1030,2025-03-07,,,
1030,2025-03-08,2.261,41.8,5.798
1030,2025-03-09,2.158,40.4,5.802
1030,2025-03-10,2.235,42.49,5.897
1030,2025-03-11,2.455,43.75,5.731
1030,2025-03-12,2.592,42.17,5.704
1030,2025-03-13,2.685,43.05,5.745
1030,2025-03-14,2.259,43.32,5.841
1030,2025-03-15,2.534,43.84,5.548
1030,2025-03-16,2.277,43.04,6.0
1030,2025-03-17,2.072,42.48,5.863
1030,2025-03-18,1.748,43.39,5.571
1030,2025-03-19,2.021,42.58,5.69
1030,2025-03-20,2.465,43.49,6.012
1030,2025-03-21,2.614,43.06,6.119
1030,2025-03-22,2.879,43.43,5.781
1030,2025-03-23,2.701,42.1,5.838
1030,2025-03-24,2.137,43.33,5.899
1030,2025-03-25,2.204,43.37,5.72
1030,2025-03-26,2.67,42.52,5.852
1030,2025-03-27,2.297,41.67,5.796
1030,2025-03-28,1.95,41.15,5.712
1030,2025-03-29,,,
1030,2025-03-30,2.555,43.25,5.794
1030,2025-03-31,2.19,42.74,6.098
1030,2025-04-01,2.25,42.9,5.673
1030,2025-04-02,2.462,43.51,5.591
1030,2025-04-03,2.085,42.54,5.646
1030,2025-04-04,,,
1030,2025-04-05,2.657,43.5,5.689
1030,2025-04-06,2.9,40.62,6.107
1030,2025-04-07,2.287,41.18,5.589
1030,2025-04-08,2.382,43.7,6.082
1030,2025-04-09,2.254,41.55,5.789
1030,2025-04-10,,,
1030,2025-04-11,2.347,42.37,6.133
1030,2025-04-12,2.108,42.01,5.841
1030,2025-04-13,2.62,42.74,5.658
1030,2025-04-14,2.243,42.52,5.62
1030,2025-04-15,2.421,39.42,5.729
1030,2025-04-16,2.171,43.76,5.814
1030,2025-04-17,2.653,43.06,5.626
1030,2025-04-18,2.228,42.71,5.757
1030,2025-04-19,,,
1030,2025-04-20,2.244,44.03,5.618
1030,2025-04-21,2.624,42.49,6.222
1030,2025-04-22,2.556,44.4,5.802
1030,2025-04-23,2.234,44.97,5.299
1030,2025-04-24,1.844,44.16,5.959
1030,2025-04-25,1.919,44.71,5.891
1030,2025-04-26,2.179,42.25,5.938
1030,2025-04-27,2.145,39.83,5.943
1030,2025-04-28,2.672,42.62,5.722
1030,2025-04-29,2.916,44.07,5.793
1030,2025-04-30,2.559,43.31,5.846
1030,2025-05-01,2.514,41.28,5.884
1030,2025-05-02,2.433,43.77,5.73
1030,2025-05-03,2.347,42.84,5.844
1030,2025-05-04,2.505,43.01,5.464
1030,2025-05-05,2.445,42.33,5.834
1030,2025-05-06,2.279,42.82,5.961
1030,2025-05-07,2.452,41.53,5.914
1030,2025-05-08,2.373,41.93,6.051
1030,2025-05-09,2.287,43.87,5.706
1030,2025-05-10,2.286,44.06,5.87
1030,2025-05-11,2.293,41.75,6.019
1030,2025-05-12,2.293,41.96,5.777
1030,2025-05-13,2.279,43.17,5.805
1030,2025-05-14,2.649,42.81,5.821
1030,2025-05-15,2.695,44.73,6.064
1030,2025-05-16,2.209,42.56,5.811
1030,2025-05-17,2.349,41.11,5.695
1030,2025-05-18,2.065,41.68,6.102
1030,2025-05-19,2.217,44.2,5.626
1030,2025-05-20,2.658,42.8,5.422
1030,2025-05-21,2.179,42.79,5.719
1030,2025-05-22,2.175,41.85,5.854
1030,2025-05-23,2.182,42.23,5.687
1030,2025-05-24,2.263,43.21,5.773
1030,2025-05-25,2.433,42.52,5.925
1030,2025-05-26,2.346,43.24,5.896
1030,2025-05-27,2.641,41.83,5.664
1030,2025-05-28,2.421,42.99,6.225
1030,2025-05-29,2.357,44.04,5.898
1030,2025-05-30,2.553,43.67,5.8
1030,2025-05-31,2.401,42.56,5.968
1030,2025-06-01,2.137,42.39,5.459
1030,2025-06-02,2.239,41.82,5.614
1030,2025-06-03,2.594,43.12,5.725
1030,2025-06-04,2.408,41.74,5.974
1030,2025-06-05,2.372,43.75,5.72
1030,2025-06-06,2.324,43.5,5.631
1030,2025-06-07,2.334,43.46,5.785
1030,2025-06-08,2.499,44.77,5.701
1030,2025-06-09,2.288,44.69,5.301
1030,2025-06-10,1.881,43.91,5.784
1030,2025-06-11,2.043,42.75,5.946
1030,2025-06-12,2.104,41.82,5.916
1030,2025-06-13,2.54,43.38,5.64
1030,2025-06-14,2.493,42.37,6.025
1030,2025-06-15,2.329,42.12,5.71
1030,2025-06-16,2.184,42.08,5.741
1030,2025-06-17,2.385,43.08,5.707
1030,2025-06-18,2.38,44.25,5.839
1030,2025-06-19,2.732,42.23,5.752
1030,2025-06-20,2.533,43.26,5.781
1030,2025-06-21,2.203,43.59,5.964
1030,2025-06-22,2.445,44.45,6.091
1030,2025-06-23,2.164,41.03,5.697
1030,2025-06-24,1.962,42.82,5.773
1030,2025-06-25,2.261,42.05,5.933
1030,2025-06-26,2.145,42.97,5.738
1030,2025-06-27,2.16,41.87,5.578
1030,2025-06-28,2.19,41.62,6.028
1030,2025-06-29,2.321,44.77,5.821
1030,2025-06-30,2.172,42.93,6.026
1030,2025-07-01,2.245,42.29,5.65
1030,2025-07-02,2.174,44.2,5.879
1030,2025-07-03,2.316,42.88,5.668
1030,2025-07-04,1.887,40.9,5.781
1030,2025-07-05,2.299,43.73,5.715
1030,2025-07-06,2.367,42.37,6.067
1030,2025-07-07,2.429,43.95,5.861
1030,2025-07-08,2.221,43.09,5.653
1030,2025-07-09,2.616,43.88,5.703
1030,2025-07-10,2.204,44.46,5.762
1030,2025-07-11,2.311,42.79,5.885
1030,2025-07-12,2.1,40.83,6.033
1030,2025-07-13,2.096,41.51,5.905
1030,2025-07-14,1.971,42.75,5.752
1030,2025-07-15,2.101,42.72,6.01
1030,2025-07-16,2.326,43.46,5.806
1030,2025-07-17,2.335,43.73,5.706
1030,2025-07-18,2.527,43.61,5.78
1030,2025-07-19,2.426,42.94,5.736
1030,2025-07-20,2.476,43.14,5.675
1030,2025-07-21,2.622,43.41,5.596
1030,2025-07-22,2.664,43.74,5.5
1030,2025-07-23,,,
1030,2025-07-24,2.926,44.56,5.255
1030,2025-07-25,3.086,45.07,5.107
1030,2025-07-26,3.264,45.63,4.941
1030,2025-07-27,3.461,46.25,4.757
1030,2025-07-28,3.677,46.93,4.556
1030,2025-07-29,3.911,47.67,4.338
1030,2025-07-30,4.164,48.47,4.102
1030,2025-07-31,4.436,49.33,3.849
1030,2025-08-01,4.727,50.25,3.578
1030,2025-08-02,5.037,51.22,3.289
1030,2025-08-03,5.365,52.26,2.984
1030,2025-08-04,5.712,53.35,2.66
1030,2025-08-05,6.078,54.51,2.319
1030,2025-08-06,2.461,43.23,5.722
1030,2025-08-07,2.518,41.93,5.918
1030,2025-08-08,2.4,41.16,5.925
1030,2025-08-09,2.64,42.52,5.943
1030,2025-08-10,2.379,39.79,5.955
1030,2025-08-11,1.949,41.06,5.757
1030,2025-08-12,2.462,43.63,5.689
1030,2025-08-13,,,
1030,2025-08-14,2.218,42.68,5.748
1030,2025-08-15,2.013,41.97,5.758
1030,2025-08-16,2.595,43.34,5.742
1030,2025-08-17,2.869,43.37,5.672
1030,2025-08-18,2.093,43.12,5.619
1030,2025-08-19,2.462,42.67,5.807
1030,2025-08-20,2.458,42.19,5.987
1030,2025-08-21,2.105,43.46,5.775
1030,2025-08-22,2.339,43.31,5.84
1030,2025-08-23,2.055,42.31,6.107
1030,2025-08-24,2.466,43.9,5.889
1030,2025-08-25,2.348,42.71,5.92
1030,2025-08-26,2.391,42.93,6.069
1030,2025-08-27,2.546,40.89,5.645
1030,2025-08-28,2.143,42.59,6.073
1030,2025-08-29,2.344,41.91,5.899
1030,2025-08-30,2.351,42.44,5.749
1030,2025-08-31,,,
1030,2025-09-01,1.954,42.93,5.786
1030,2025-09-02,,,
1030,2025-09-03,2.08,41.92,5.829
1030,2025-09-04,2.156,43.19,5.901
1030,2025-09-05,2.453,41.69,5.596
1030,2025-09-06,2.432,42.61,5.772
1030,2025-09-07,2.176,43.89,5.872
1030,2025-09-08,2.402,41.98,5.808
1030,2025-09-09,2.136,40.57,5.899
1030,2025-09-10,2.307,41.75,5.887
1030,2025-09-11,2.005,41.27,5.953
1030,2025-09-12,2.273,41.64,5.756
1030,2025-09-13,2.491,43.45,5.907
1030,2025-09-14,2.495,40.99,5.93
1030,2025-09-15,2.309,41.77,5.673
1030,2025-09-16,2.465,42.43,6.108
1030,2025-09-17,2.223,42.67,6.07
1030,2025-09-18,2.31,43.02,5.739
1030,2025-09-19,2.508,42.8,5.612
1030,2025-09-20,2.411,41.99,5.801
1030,2025-09-21,2.029,42.09,5.828
1030,2025-09-22,2.316,41.24,5.802
1030,2025-09-23,2.481,43.51,5.775
1030,2025-09-24,2.497,42.32,5.928
1030,2025-09-25,2.508,44.4,6.257
1030,2025-09-26,2.2,42.63,5.966
1030,2025-09-27,2.232,40.76,5.999
1030,2025-09-28,2.26,43.46,5.642
1030,2025-09-29,2.01,42.24,6.016
1030,2025-09-30,2.019,42.66,6.094
1030,2025-10-01,2.441,42.85,5.761
1030,2025-10-02,2.213,41.49,5.635
1030,2025-10-03,2.103,43.18,5.884
1030,2025-10-04,2.501,42.28,5.912
1030,2025-10-05,2.258,43.79,5.646
1030,2025-10-06,2.226,41.49,5.805
1030,2025-10-07,2.105,41.44,5.951
1030,2025-10-08,2.508,43.24,5.83
1030,2025-10-09,2.164,41.85,5.813
1030,2025-10-10,2.456,42.48,5.824
1030,2025-10-11,2.325,43.4,5.656
1030,2025-10-12,2.278,42.14,6.091
1030,2025-10-13,2.225,41.53,6.032
1030,2025-10-14,2.006,42.61,6.005
1030,2025-10-15,2.489,42.54,5.725
1030,2025-10-16,2.319,42.53,6.029
1030,2025-10-17,2.196,42.18,5.689
1030,2025-10-18,2.086,41.78,5.883
1030,2025-10-19,2.09,42.47,5.736
1030,2025-10-20,2.289,42.61,5.749
1030,2025-10-21,,,
1030,2025-10-22,2.151,44.78,5.995
1030,2025-10-23,2.305,42.46,5.801
1030,2025-10-24,2.107,42.6,5.77
1030,2025-10-25,2.791,43.17,5.846
1030,2025-10-26,2.277,42.19,5.592
1030,2025-10-27,2.126,41.36,5.831
1030,2025-10-28,2.003,41.54,5.81
1030,2025-10-29,2.605,41.56,5.82
1030,2025-10-30,2.436,42.82,6.049
1030,2025-10-31,2.535,43.14,6.066
1030,2025-11-01,2.391,43.34,5.721
1030,2025-11-02,2.188,43.61,5.829
1030,2025-11-03,2.373,43.07,5.65
1030,2025-11-04,2.258,43.81,5.627
1030,2025-11-05,2.214,43.4,5.629
1030,2025-11-06,2.369,43.37,6.064
1030,2025-11-07,2.41,42.93,5.637
1030,2025-11-08,2.613,44.09,5.914
1030,2025-11-09,2.473,45.04,5.67
1030,2025-11-10,2.451,40.96,5.842
1030,2025-11-11,2.694,42.87,5.506
1030,2025-11-12,2.232,43.21,6.08
1030,2025-11-13,2.05,42.12,6.029
1030,2025-11-14,2.286,42.51,5.787
1030,2025-11-15,2.063,42.02,5.789
1030,2025-11-16,2.24,42.4,5.705
1030,2025-11-17,2.079,42.15,5.741
1030,2025-11-18,2.647,43.75,5.984
1030,2025-11-19,2.399,42.23,5.725
1030,2025-11-20,2.387,41.61,5.656
1030,2025-11-21,2.154,43.31,5.831
1030,2025-11-22,2.481,41.93,5.929
1030,2025-11-23,2.321,43.06,5.636
1030,2025-11-24,2.514,44.5,5.802
1030,2025-11-25,2.306,41.64,5.561
1030,2025-11-26,2.583,43.68,5.951
1030,2025-11-27,2.127,43.85,5.856
1030,2025-11-28,2.105,41.39,5.605
1030,2025-11-29,2.196,44.33,5.986
1030,2025-11-30,2.548,45.18,5.666
1030,2025-12-01,2.588,43.28,5.84
1030,2025-12-02,2.375,42.88,5.769
1030,2025-12-03,2.188,43.77,5.747
1030,2025-12-04,2.129,43.12,5.511
1030,2025-12-05,2.246,43.42,5.902
1030,2025-12-06,2.827,43.13,5.94
1030,2025-12-07,2.403,42.69,5.899
1030,2025-12-08,2.303,41.67,5.894
1030,2025-12-09,2.261,44.24,5.876
1030,2025-12-10,2.595,42.22,5.971
1030,2025-12-11,2.302,43.28,5.819
1030,2025-12-12,2.376,43.7,5.702
1030,2025-12-13,2.285,41.75,5.927
1030,2025-12-14,2.785,43.08,5.978
1030,2025-12-15,2.293,43.16,5.74
1030,2025-12-16,2.214,42.97,6.065
1030,2025-12-17,2.602,44.12,5.468
1030,2025-12-18,2.206,42.99,5.815
1030,2025-12-19,2.295,42.26,5.769
1030,2025-12-20,2.667,43.38,5.944
1030,2025-12-21,2.277,44.26,5.835
1030,2025-12-22,2.399,42.31,5.936
1030,2025-12-23,2.618,41.74,5.701
1030,2025-12-24,2.396,43.62,5.644
1030,2025-12-25,2.534,43.36,5.867
1030,2025-12-26,2.117,41.53,6.105
1030,2025-12-27,2.437,41.26,5.805
1030,2025-12-28,2.095,41.63,6.036
1030,2025-12-29,2.349,42.46,5.917
1030,2025-12-30,2.514,43.33,5.724
1030,2025-12-31,2.198,44.24,6.04
1031,2024-01-01,2.104,44.34,5.912
1031,2024-01-02,2.558,44.52,5.761
1031,2024-01-03,2.765,44.81,5.718
1031,2024-01-04,2.57,44.46,5.93
1031,2024-01-05,2.536,45.06,5.914
1031,2024-01-06,2.377,42.84,5.952
1031,2024-01-07,2.329,45.26,6.037
1031,2024-01-08,3.019,44.18,5.842
1031,2024-01-09,2.556,43.16,5.699
1031,2024-01-10,2.537,42.69,6.0
1031,2024-01-11,2.51,43.93,5.802
1031,2024-01-12,2.869,43.66,5.783
1031,2024-01-13,2.485,43.01,5.602
1031,2024-01-14,2.292,42.96,5.736
1031,2024-01-15,3.001,43.82,5.628
1031,2024-01-16,2.42,45.05,5.718
1031,2024-01-17,2.87,42.72,6.036
1031,2024-01-18,2.409,42.85,5.709
1031,2024-01-19,2.8,42.76,5.775
1031,2024-01-20,2.68,42.76,6.075
1031,2024-01-21,2.558,44.11,6.017
1031,2024-01-22,2.458,43.0,6.085
1031,2024-01-23,2.511,43.05,5.563
1031,2024-01-24,2.426,44.09,6.056
1031,2024-01-25,2.462,43.64,5.591
1031,2024-01-26,2.464,44.29,5.847
1031,2024-01-27,2.274,43.72,5.801
1031,2024-01-28,2.471,44.17,5.879
1031,2024-01-29,2.277,43.17,5.679
1031,2024-01-30,2.715,42.85,5.718
1031,2024-01-31,2.512,42.87,5.859
1031,2024-02-01,2.865,45.28,5.618
1031,2024-02-02,2.377,43.24,5.448
1031,2024-02-03,2.554,42.52,5.839
1031,2024-02-04,2.866,45.47,5.814
1031,2024-02-05,2.445,43.08,5.808
1031,2024-02-06,2.338,43.74,5.784
1031,2024-02-07,2.375,43.36,5.896
1031,2024-02-08,2.924,44.38,5.428
1031,2024-02-09,2.801,43.73,5.824
1031,2024-02-10,2.837,43.75,5.814
1031,2024-02-11,2.569,43.88,5.547
1031,2024-02-12,2.692,44.66,5.736
1031,2024-02-13,2.793,44.13,5.668
1031,2024-02-14,2.79,45.59,5.58
1031,2024-02-15,2.906,44.63,5.473
1031,2024-02-16,3.043,44.96,5.346
1031,2024-02-17,3.201,45.33,5.2
1031,2024-02-18,3.379,45.76,5.034
1031,2024-02-19,3.579,46.23,4.849
1031,2024-02-20,3.8,46.76,4.644
1031,2024-02-21,4.042,47.34,4.42
1031,2024-02-22,4.305,47.96,4.176
1031,2024-02-23,4.589,48.64,3.913
1031,2024-02-24,4.894,49.36,3.63
1031,2024-02-25,5.22,50.14,3.328
1031,2024-02-26,5.567,50.97,3.006
1031,2024-02-27,5.936,51.84,2.665
1031,2024-02-28,6.325,52.77,2.305
1031,2024-02-29,6.735,53.75,1.924
1031,2024-03-01,2.696,44.08,5.722
1031,2024-03-02,2.791,44.27,5.665
1031,2024-03-03,2.907,44.55,5.595
1031,2024-03-04,3.045,44.79,5.513
1031,2024-03-05,,,
1031,2024-03-06,3.383,45.48,5.31
1031,2024-03-07,,,
1031,2024-03-08,3.805,46.35,5.056
1031,2024-03-09,4.048,46.85,4.91
1031,2024-03-10,4.312,47.39,4.751
1031,2024-03-11,4.597,47.98,4.58
1031,2024-03-12,4.903,48.61,4.396
1031,2024-03-13,5.23,49.28,4.199
1031,2024-03-14,5.579,49.99,3.989
1031,2024-03-15,5.948,50.75,3.767
1031,2024-03-16,6.339,51.55,3.533
1031,2024-03-17,6.751,52.4,3.285
1031,2024-03-18,2.395,43.02,5.697
1031,2024-03-19,2.975,45.17,5.864
1031,2024-03-20,2.977,43.21,5.586
1031,2024-03-21,2.419,43.09,5.521
1031,2024-03-22,2.661,44.46,5.881
1031,2024-03-23,2.982,43.48,5.623
1031,2024-03-24,2.488,44.31,5.526
1031,2024-03-25,2.527,43.73,5.824
1031,2024-03-26,2.63,43.76,5.778
1031,2024-03-27,2.68,44.6,5.697
1031,2024-03-28,2.633,44.0,5.564
1031,2024-03-29,2.715,45.84,5.639
1031,2024-03-30,2.821,45.93,5.591
1031,2024-03-31,2.95,44.83,5.488
1031,2024-04-01,3.103,45.23,5.367
1031,2024-04-02,3.279,45.69,5.227
1031,2024-04-03,3.479,46.21,5.069
1031,2024-04-04,3.703,46.79,4.892
1031,2024-04-05,3.949,47.43,4.696
1031,2024-04-06,4.22,48.13,4.482
1031,2024-04-07,4.514,48.9,4.249
1031,2024-04-08,4.831,49.72,3.998
1031,2024-04-09,5.172,50.61,3.728
1031,2024-04-10,5.536,51.56,3.439
1031,2024-04-11,5.924,52.57,3.131
1031,2024-04-12,6.335,53.64,2.805
1031,2024-04-13,6.77,54.77,2.461
1031,2024-04-14,7.229,55.96,2.097
1031,2024-04-15,2.65,43.18,5.955
1031,2024-04-16,2.447,43.79,5.851
1031,2024-04-17,2.826,43.22,6.105
1031,2024-04-18,2.529,42.65,5.882
1031,2024-04-19,2.54,43.34,5.938
1031,2024-04-20,2.464,43.08,6.003
1031,2024-04-21,2.473,43.47,5.588
1031,2024-04-22,,,
1031,2024-04-23,2.424,44.51,5.798
1031,2024-04-24,2.336,43.66,5.862
1031,2024-04-25,2.358,43.24,5.976
1031,2024-04-26,2.405,42.9,5.756
1031,2024-04-27,2.231,43.74,5.526
1031,2024-04-28,2.462,44.73,5.929
1031,2024-04-29,2.221,43.7,5.706
1031,2024-04-30,2.48,42.24,5.823
1031,2024-05-01,2.566,42.3,5.69
1031,2024-05-02,2.489,44.49,5.746
1031,2024-05-03,2.807,43.94,5.479
1031,2024-05-04,2.528,44.7,5.774
1031,2024-05-05,2.544,43.68,5.896
1031,2024-05-06,2.449,44.55,5.938
1031,2024-05-07,2.67,42.66,5.766
1031,2024-05-08,2.364,41.23,5.745
1031,2024-05-09,2.703,43.5,5.991
1031,2024-05-10,2.752,46.69,5.694
1031,2024-05-11,2.284,43.88,5.918
1031,2024-05-12,2.339,44.11,5.591
1031,2024-05-13,2.877,44.11,5.882
1031,2024-05-14,2.682,44.27,5.988
1031,2024-05-15,2.338,43.13,6.009
1031,2024-05-16,2.436,43.9,5.872
1031,2024-05-17,2.392,43.01,5.728
1031,2024-05-18,2.735,43.26,5.823
1031,2024-05-19,2.262,42.6,5.893
1031,2024-05-20,2.612,43.34,5.876
1031,2024-05-21,2.588,45.48,5.943
1031,2024-05-22,2.424,43.52,5.822
1031,2024-05-23,2.292,44.06,5.984
1031,2024-05-24,2.971,43.97,5.606
1031,2024-05-25,2.553,44.27,6.077
1031,2024-05-26,2.795,44.9,5.815
1031,2024-05-27,2.661,41.91,6.073
1031,2024-05-28,2.65,44.35,5.982
1031,2024-05-29,2.647,44.34,5.831
1031,2024-05-30,2.098,44.01,5.555
1031,2024-05-31,2.666,44.23,5.663
1031,2024-06-01,2.773,44.39,5.797
1031,2024-06-02,2.933,42.38,5.675
1031,2024-06-03,2.375,43.2,5.698
1031,2024-06-04,2.671,44.21,5.81
1031,2024-06-05,2.333,42.4,5.807
1031,2024-06-06,3.029,43.78,5.673
1031,2024-06-07,,,
1031,2024-06-08,2.659,44.46,5.898
1031,2024-06-09,2.78,43.22,5.99
1031,2024-06-10,,,
1031,2024-06-11,2.661,43.92,5.815
1031,2024-06-12,2.829,43.84,5.788
1031,2024-06-13,2.64,44.81,5.744
1031,2024-06-14,2.883,44.16,5.683
1031,2024-06-15,2.841,44.41,5.604
1031,2024-06-16,2.979,44.7,5.507
1031,2024-06-17,3.142,45.06,5.392
1031,2024-06-18,3.331,45.46,5.26
1031,2024-06-19,3.544,45.92,5.111
1031,2024-06-20,3.783,46.44,4.944
1031,2024-06-21,4.046,47.01,4.759
1031,2024-06-22,4.335,47.63,4.556
1031,2024-06-23,4.649,48.31,4.336
1031,2024-06-24,4.988,49.04,4.099
1031,2024-06-25,5.352,49.82,3.844
1031,2024-06-26,5.741,50.66,3.571
1031,2024-06-27,6.156,51.56,3.281
1031,2024-06-28,6.595,52.5,2.973
1031,2024-06-29,7.06,53.51,2.647
1031,2024-06-30,7.549,54.56,2.304
1031,2024-07-01,2.549,42.93,5.715
1031,2024-07-02,2.996,43.75,6.028
1031,2024-07-03,2.566,43.76,5.798
1031,2024-07-04,2.492,44.09,6.011
1031,2024-07-05,2.431,41.79,5.821
1031,2024-07-06,,,
1031,2024-07-07,,,
1031,2024-07-08,2.366,44.94,5.707
1031,2024-07-09,2.316,43.98,5.848
1031,2024-07-10,2.589,44.78,5.825
1031,2024-07-11,2.342,42.95,5.805
1031,2024-07-12,2.674,42.56,5.966
1031,2024-07-13,2.31,45.05,5.754
1031,2024-07-14,2.242,44.24,5.661
1031,2024-07-15,2.706,43.76,5.875
1031,2024-07-16,2.207,42.37,5.785
1031,2024-07-17,2.265,44.78,5.757
1031,2024-07-18,2.577,42.64,5.633
1031,2024-07-19,2.522,42.86,5.906
1031,2024-07-20,2.617,42.68,5.76
1031,2024-07-21,2.429,41.3,5.897
1031,2024-07-22,2.862,42.95,5.807
1031,2024-07-23,2.379,44.5,5.829
1031,2024-07-24,2.164,44.56,5.788
1031,2024-07-25,2.477,41.53,5.78
1031,2024-07-26,2.334,44.6,5.883
1031,2024-07-27,2.522,44.27,5.734
1031,2024-07-28,2.364,43.43,5.855
1031,2024-07-29,2.4,43.29,5.556
1031,2024-07-30,2.245,43.46,6.138
1031,2024-07-31,2.419,41.9,5.564
1031,2024-08-01,3.037,44.61,5.99
1031,2024-08-02,1.962,44.56,5.896
1031,2024-08-03,2.441,44.69,5.863
1031,2024-08-04,2.913,42.68,5.787
1031,2024-08-05,2.287,44.86,5.784
1031,2024-08-06,2.527,43.73,5.824
1031,2024-08-07,2.583,43.79,5.818
1031,2024-08-08,2.72,43.83,5.8
1031,2024-08-09,2.602,43.95,5.733
1031,2024-08-10,2.661,44.12,5.73
1031,2024-08-11,2.89,44.35,5.677
1031,2024-08-12,2.828,44.62,5.613
1031,2024-08-13,2.936,44.94,5.537
1031,2024-08-14,3.062,45.31,5.449
1031,2024-08-15,3.203,45.73,5.325
1031,2024-08-16,3.362,46.19,5.173
1031,2024-08-17,3.537,46.71,5.0
1031,2024-08-18,3.729,47.28,4.807
1031,2024-08-19,3.938,47.89,4.593
1031,2024-08-20,4.163,48.56,4.359
1031,2024-08-21,4.406,49.27,4.105
1031,2024-08-22,4.664,50.04,3.831
1031,2024-08-23,4.94,50.98,3.536
1031,2024-08-24,5.232,51.98,3.221
1031,2024-08-25,5.541,53.04,2.885
1031,2024-08-26,5.866,54.17,2.529
1031,2024-08-27,5.309,55.36,2.153
1031,2024-08-28,5.609,56.61,1.756
1031,2024-08-29,2.568,44.32,5.923
1031,2024-08-30,2.344,42.74,5.684
1031,2024-08-31,2.796,44.33,5.716
1031,2024-09-01,2.767,44.04,6.11
1031,2024-09-02,2.583,41.92,5.832
1031,2024-09-03,2.399,42.5,5.939
1031,2024-09-04,2.638,43.52,5.603
1031,2024-09-05,2.516,43.98,5.784
1031,2024-09-06,2.911,43.43,5.798
1031,2024-09-07,1.861,44.3,5.951
1031,2024-09-08,2.388,42.89,5.905
1031,2024-09-09,2.583,43.85,5.751
1031,2024-09-10,2.506,43.11,6.015
1031,2024-09-11,2.31,43.49,5.919
1031,2024-09-12,2.727,41.73,5.874
1031,2024-09-13,2.546,42.0,5.818
1031,2024-09-14,2.413,42.58,5.755
1031,2024-09-15,2.94,42.59,5.868
1031,2024-09-16,2.76,43.85,5.552
1031,2024-09-17,2.469,43.0,5.585
1031,2024-09-18,2.571,42.66,5.909
1031,2024-09-19,2.278,44.17,6.147
1031,2024-09-20,2.17,44.2,5.781
1031,2024-09-21,2.424,43.72,5.644
1031,2024-09-22,2.606,44.22,5.75
1031,2024-09-23,2.943,43.76,5.956
1031,2024-09-24,2.319,43.44,5.994
1031,2024-09-25,2.277,43.46,5.696
1031,2024-09-26,2.661,43.78,5.822
1031,2024-09-27,2.688,42.78,5.912
1031,2024-09-28,2.53,43.7,5.967
1031,2024-09-29,2.163,42.46,5.854
1031,2024-09-30,2.597,43.02,5.782
1031,2024-10-01,2.635,43.82,6.056
1031,2024-10-02,2.272,44.38,5.909
1031,2024-10-03,2.5,41.3,5.728
1031,2024-10-04,2.663,44.41,5.902
1031,2024-10-05,2.711,44.13,5.838
1031,2024-10-06,2.748,43.47,5.831
1031,2024-10-07,2.922,44.44,5.655
1031,2024-10-08,2.289,43.18,5.725
1031,2024-10-09,2.643,44.06,5.801
1031,2024-10-10,2.675,45.24,5.803
1031,2024-10-11,2.73,42.82,5.586
1031,2024-10-12,2.692,43.76,5.624
1031,2024-10-13,2.48,44.76,5.994
1031,2024-10-14,2.597,44.01,6.117
1031,2024-10-15,2.764,42.87,5.898
1031,2024-10-16,2.635,42.62,5.591
1031,2024-10-17,2.315,43.68,5.64
1031,2024-10-18,2.563,43.88,5.52
1031,2024-10-19,2.785,42.99,5.803
1031,2024-10-20,2.524,45.0,5.691
1031,2024-10-21,2.402,45.29,5.845
1031,2024-10-22,2.367,44.75,6.043
1031,2024-10-23,2.829,43.16,5.912
1031,2024-10-24,2.381,44.47,5.88
1031,2024-10-25,2.442,42.59,5.798
1031,2024-10-26,2.564,42.36,5.653
1031,2024-10-27,2.507,42.68,5.743
1031,2024-10-28,2.435,44.89,5.746
1031,2024-10-29,2.655,43.19,5.787
1031,2024-10-30,2.695,42.11,6.064
1031,2024-10-31,2.41,44.7,5.967
1031,2024-11-01,2.637,43.98,5.73
1031,2024-11-02,2.118,45.1,5.697
1031,2024-11-03,2.476,43.99,5.712
1031,2024-11-04,2.888,44.2,5.599
1031,2024-11-05,3.201,45.17,5.803
1031,2024-11-06,2.547,44.57,5.491
1031,2024-11-07,2.439,42.92,5.75
1031,2024-11-08,2.877,43.65,5.645
1031,2024-11-09,2.882,43.29,5.784
1031,2024-11-10,2.927,41.92,5.479
1031,2024-11-11,2.789,40.6,5.892
1031,2024-11-12,2.475,44.56,6.131
1031,2024-11-13,2.684,42.27,5.867
1031,2024-11-14,2.587,45.28,5.706
1031,2024-11-15,2.386,43.77,5.786
1031,2024-11-16,2.489,44.45,5.934
1031,2024-11-17,2.396,42.88,5.723
1031,2024-11-18,2.662,44.53,5.701
1031,2024-11-19,2.678,44.74,5.728
1031,2024-11-20,2.387,44.01,5.763
1031,2024-11-21,2.405,43.24,5.968
1031,2024-11-22,2.31,43.81,5.803
1031,2024-11-23,2.447,45.31,5.803
1031,2024-11-24,2.465,43.84,5.804
1031,2024-11-25,2.62,46.04,5.801
1031,2024-11-26,2.789,42.42,5.784
1031,2024-11-27,2.394,44.92,5.707
1031,2024-11-28,2.713,45.28,5.668
1031,2024-11-29,2.523,44.63,6.012
1031,2024-11-30,2.444,44.82,5.708
1031,2024-12-01,2.843,43.77,5.769
1031,2024-12-02,2.712,43.82,5.764
1031,2024-12-03,2.478,42.96,5.683
1031,2024-12-04,2.327,42.59,5.624
1031,2024-12-05,2.68,43.3,5.855
1031,2024-12-06,2.452,45.39,5.77
1031,2024-12-07,2.683,44.84,5.978
1031,2024-12-08,2.585,43.84,5.957
1031,2024-12-09,2.28,43.61,5.51
1031,2024-12-10,2.545,43.39,5.636
1031,2024-12-11,2.577,44.39,5.625
1031,2024-12-12,2.269,43.72,6.087
1031,2024-12-13,2.517,45.81,5.721
1031,2024-12-14,2.893,44.37,5.771
1031,2024-12-15,2.664,43.72,5.662
1031,2024-12-16,2.349,43.53,5.883
1031,2024-12-17,2.564,44.16,5.87
1031,2024-12-18,2.756,43.64,6.089
1031,2024-12-19,2.48,44.72,5.79
1031,2024-12-20,2.426,45.11,5.961
1031,2024-12-21,2.537,42.59,5.668
1031,2024-12-22,2.201,42.2,6.148
1031,2024-12-23,2.319,43.19,5.891
1031,2024-12-24,2.938,43.28,5.819
1031,2024-12-25,2.475,44.62,5.734
1031,2024-12-26,2.528,44.47,5.786
1031,2024-12-27,2.6,42.13,5.837
1031,2024-12-28,2.443,42.82,5.77
1031,2024-12-29,2.493,44.85,5.772
1031,2024-12-30,2.825,43.91,5.735
1031,2024-12-31,2.431,43.68,5.626
1031,2025-01-01,2.802,42.07,5.849
1031,2025-01-02,2.361,44.72,5.317
1031,2025-01-03,2.725,43.12,5.73
1031,2025-01-04,2.559,44.98,5.896
1031,2025-01-05,2.563,44.48,5.828
1031,2025-01-06,2.523,42.29,5.899
1031,2025-01-07,2.559,44.18,6.225
1031,2025-01-08,2.62,42.86,5.783
1031,2025-01-09,2.458,44.07,5.888
1031,2025-01-10,2.425,43.29,6.032
1031,2025-01-11,2.583,42.52,5.803
1031,2025-01-12,2.516,43.39,5.808
1031,2025-01-13,2.724,42.56,5.793
1031,2025-01-14,2.927,41.63,5.576
1031,2025-01-15,,,
1031,2025-01-16,2.364,42.63,5.598
1031,2025-01-17,2.397,44.2,5.782
1031,2025-01-18,2.577,43.84,5.937
1031,2025-01-19,2.762,44.81,5.838
1031,2025-01-20,2.66,43.97,5.533
1031,2025-01-21,2.528,43.92,5.795
1031,2025-01-22,2.579,42.73,5.693
1031,2025-01-23,2.803,42.29,5.591
1031,2025-01-24,1.976,43.24,5.848
1031,2025-01-25,2.685,43.67,6.157
1031,2025-01-26,2.305,43.99,5.868
1031,2025-01-27,2.157,42.17,5.997
1031,2025-01-28,2.452,43.15,5.853
1031,2025-01-29,2.453,43.75,5.866
1031,2025-01-30,2.409,43.9,6.127
1031,2025-01-31,2.68,43.65,5.977
1031,2025-02-01,2.183,45.42,5.798
1031,2025-02-02,2.513,43.39,5.889
1031,2025-02-03,2.194,45.27,5.914
1031,2025-02-04,2.172,45.73,5.794
1031,2025-02-05,2.646,42.88,5.811
1031,2025-02-06,2.93,44.08,6.127
1031,2025-02-07,2.386,44.98,5.999
1031,2025-02-08,2.637,41.49,5.783
1031,2025-02-09,2.492,44.13,5.984
1031,2025-02-10,2.602,42.72,5.719
1031,2025-02-11,2.453,43.17,5.968
1031,2025-02-12,,,
1031,2025-02-13,2.742,45.09,5.686
1031,2025-02-14,2.536,44.13,6.041
1031,2025-02-15,2.36,43.89,6.048
1031,2025-02-16,2.19,42.9,6.041
1031,2025-02-17,2.52,43.84,6.026
1031,2025-02-18,2.398,43.83,5.804
1031,2025-02-19,2.71,43.55,5.917
1031,2025-02-20,2.563,44.81,5.957
1031,2025-02-21,2.881,43.39,5.949
1031,2025-02-22,2.335,44.66,5.904
1031,2025-02-23,2.743,44.23,5.889
1031,2025-02-24,2.606,43.47,6.006
1031,2025-02-25,2.352,41.0,5.87
1031,2025-02-26,2.197,44.05,5.584
1031,2025-02-27,2.387,44.14,5.967
1031,2025-02-28,1.897,42.97,5.889
1031,2025-03-01,2.573,44.23,5.633
1031,2025-03-02,2.298,43.83,5.764
1031,2025-03-03,2.778,43.37,5.7
1031,2025-03-04,2.63,43.98,5.624
1031,2025-03-05,2.644,44.2,6.087
1031,2025-03-06,2.617,43.96,5.99
1031,2025-03-07,2.533,43.78,5.668
1031,2025-03-08,2.744,45.08,5.999
1031,2025-03-09,2.743,44.81,5.906
1031,2025-03-10,2.417,44.76,5.985
1031,2025-03-11,2.345,43.67,5.847
1031,2025-03-12,2.325,44.4,5.916
1031,2025-03-13,2.359,41.08,5.924
1031,2025-03-14,2.552,45.24,5.756
1031,2025-03-15,2.333,43.05,5.646
1031,2025-03-16,2.651,43.66,5.921
1031,2025-03-17,2.587,43.76,5.794
1031,2025-03-18,2.395,43.29,5.751
1031,2025-03-19,2.33,43.97,5.781
1031,2025-03-20,2.354,43.67,5.985
1031,2025-03-21,2.629,43.8,5.796
1031,2025-03-22,2.493,43.74,6.064
1031,2025-03-23,2.684,44.58,5.655
1031,2025-03-24,2.716,43.79,5.933
1031,2025-03-25,2.622,41.61,5.975
1031,2025-03-26,2.469,45.06,5.48
1031,2025-03-27,2.413,44.57,5.732
1031,2025-03-28,2.532,44.54,5.54
1031,2025-03-29,2.617,44.66,5.832
1031,2025-03-30,2.233,43.01,5.948
1031,2025-03-31,2.67,42.51,5.853
1031,2025-04-01,2.621,43.34,5.852
1031,2025-04-02,2.612,42.81,5.556
1031,2025-04-03,2.783,45.93,5.884
1031,2025-04-04,2.366,43.43,5.865
1031,2025-04-05,2.529,45.04,5.869
1031,2025-04-06,2.54,43.56,5.871
1031,2025-04-07,2.36,44.17,5.951
1031,2025-04-08,2.527,43.18,5.671
1031,2025-04-09,2.881,44.03,5.976
1031,2025-04-10,2.642,44.5,5.683
1031,2025-04-11,2.527,43.73,5.824
1031,2025-04-12,,,
1031,2025-04-13,2.561,44.17,5.718
1031,2025-04-14,2.713,43.99,5.738
1031,2025-04-15,2.663,44.2,5.671
1031,2025-04-16,,,
1031,2025-04-17,2.833,44.79,5.479
1031,2025-04-18,2.944,45.17,5.355
1031,2025-04-19,3.071,45.8,5.212
1031,2025-04-20,3.219,46.11,5.049
1031,2025-04-21,3.402,46.67,4.868
1031,2025-04-22,3.607,47.29,4.667
1031,2025-04-23,3.834,47.96,4.447
1031,2025-04-24,4.083,48.7,4.208
1031,2025-04-25,4.353,49.49,3.95
1031,2025-04-26,4.644,50.35,3.673
1031,2025-04-27,4.957,51.26,3.376
1031,2025-04-28,5.292,52.23,3.061
1031,2025-04-29,5.649,53.26,2.726
1031,2025-04-30,6.027,54.34,2.372
1031,2025-05-01,6.426,55.49,2.0
1031,2025-05-02,6.848,55.85,3.332
1031,2025-05-03,2.676,43.72,5.767
1031,2025-05-04,2.265,43.73,5.954
1031,2025-05-05,2.512,43.53,5.901
1031,2025-05-06,2.237,44.15,5.729
1031,2025-05-07,2.644,42.22,5.842
1031,2025-05-08,2.666,43.46,5.91
1031,2025-05-09,2.599,43.86,5.801
1031,2025-05-10,2.425,43.85,5.958
1031,2025-05-11,2.231,43.21,6.112
1031,2025-05-12,2.624,43.7,5.629
1031,2025-05-13,2.601,45.2,5.783
1031,2025-05-14,2.551,43.58,5.742
1031,2025-05-15,2.164,45.26,6.044
1031,2025-05-16,2.314,41.8,6.004
1031,2025-05-17,2.561,45.15,5.838
1031,2025-05-18,2.652,41.68,5.891
1031,2025-05-19,2.641,44.04,5.883
1031,2025-05-20,2.729,41.74,5.832
1031,2025-05-21,2.762,43.93,5.977
1031,2025-05-22,2.375,44.56,5.69
1031,2025-05-23,2.511,44.34,5.815
1031,2025-05-24,2.513,44.49,5.781
1031,2025-05-25,2.151,41.9,5.933
1031,2025-05-26,2.287,43.16,5.97
1031,2025-05-27,2.563,43.01,5.774
1031,2025-05-28,2.662,43.63,5.776
1031,2025-05-29,2.488,42.06,5.74
1031,2025-05-30,2.176,43.5,5.78
1031,2025-05-31,2.313,42.88,5.736
1031,2025-06-01,2.331,44.37,5.71
1031,2025-06-02,2.782,45.97,5.925
1031,2025-06-03,2.887,44.3,5.806
1031,2025-06-04,2.697,45.68,6.02
1031,2025-06-05,2.188,41.99,6.107
1031,2025-06-06,2.462,44.89,5.833
1031,2025-06-07,2.678,42.77,5.896
1031,2025-06-08,2.584,43.16,5.919
1031,2025-06-09,2.371,43.56,5.633
1031,2025-06-10,2.464,43.55,5.669
1031,2025-06-11,2.527,43.73,5.824
1031,2025-06-12,2.661,43.76,5.53
1031,2025-06-13,2.688,43.83,5.8
1031,2025-06-14,2.619,44.85,5.771
1031,2025-06-15,2.691,44.15,5.73
1031,2025-06-16,2.956,44.38,5.677
1031,2025-06-17,2.895,44.67,5.612
1031,2025-06-18,3.028,45.01,5.536
1031,2025-06-19,3.182,45.4,5.448
1031,2025-06-20,3.356,45.84,5.348
1031,2025-06-21,3.55,46.34,5.236
1031,2025-06-22,3.765,46.89,5.113
1031,2025-06-23,4.0,47.49,4.978
1031,2025-06-24,4.256,48.14,4.831
1031,2025-06-25,,,
1031,2025-06-26,4.828,49.6,4.502
1031,2025-06-27,5.146,50.41,4.32
1031,2025-06-28,5.483,51.27,4.126
1031,2025-06-29,5.841,52.19,3.921
1031,2025-06-30,6.219,53.15,3.703
1031,2025-07-01,6.618,54.17,3.474
1031,2025-07-02,2.276,45.36,5.789
1031,2025-07-03,2.351,42.25,5.885
1031,2025-07-04,2.513,44.06,5.747
1031,2025-07-05,2.534,44.86,5.69
1031,2025-07-06,,,
1031,2025-07-07,2.431,44.43,5.695
1031,2025-07-08,2.27,44.0,5.54
1031,2025-07-09,2.159,43.08,6.121
1031,2025-07-10,2.852,43.15,5.7
1031,2025-07-11,2.619,41.5,5.735
1031,2025-07-12,2.886,43.8,6.061
1031,2025-07-13,2.81,42.84,6.009
1031,2025-07-14,,,
1031,2025-07-15,2.407,43.73,5.852
1031,2025-07-16,2.68,44.21,5.906
1031,2025-07-17,2.68,45.1,5.973
1031,2025-07-18,2.548,43.6,5.771
1031,2025-07-19,2.348,43.63,5.824
1031,2025-07-20,2.816,45.22,5.772
1031,2025-07-21,2.649,43.23,5.704
1031,2025-07-22,2.732,44.44,5.799
1031,2025-07-23,2.455,43.48,5.966
1031,2025-07-24,2.476,43.73,5.748
1031,2025-07-25,2.621,43.49,5.792
1031,2025-07-26,2.781,44.99,5.78
1031,2025-07-27,2.817,43.9,5.748
1031,2025-07-28,2.471,44.76,5.798
1031,2025-07-29,2.672,43.58,5.486
1031,2025-07-30,2.493,42.8,5.62
1031,2025-07-31,2.699,43.27,5.936
1031,2025-08-01,2.472,43.86,5.676
1031,2025-08-02,2.479,43.44,5.835
1031,2025-08-03,2.32,43.73,5.792
1031,2025-08-04,2.599,45.69,5.879
1031,2025-08-05,2.746,43.35,5.941
1031,2025-08-06,2.559,42.92,5.763
1031,2025-08-07,2.458,44.92,5.735
1031,2025-08-08,2.646,42.82,5.887
1031,2025-08-09,2.612,44.04,5.9
1031,2025-08-10,2.58,43.26,5.782
1031,2025-08-11,2.134,45.26,5.957
1031,2025-08-12,2.531,43.73,5.888
1031,2025-08-13,2.594,43.29,5.963
1031,2025-08-14,2.394,44.19,5.75
1031,2025-08-15,2.67,42.74,5.907
1031,2025-08-16,2.23,43.7,6.034
1031,2025-08-17,2.456,44.08,6.042
1031,2025-08-18,2.613,46.12,6.097
1031,2025-08-19,2.512,42.77,5.746
1031,2025-08-20,2.721,44.27,5.821
1031,2025-08-21,2.721,43.72,5.743
1031,2025-08-22,2.534,45.03,5.964
1031,2025-08-23,,,
1031,2025-08-24,2.345,43.08,5.727
1031,2025-08-25,2.577,44.03,5.785
1031,2025-08-26,2.355,43.64,5.855
1031,2025-08-27,2.485,41.79,5.697
1031,2025-08-28,2.693,42.18,5.636
1031,2025-08-29,2.482,43.74,5.795
1031,2025-08-30,2.369,44.51,5.931
1031,2025-08-31,2.689,45.3,5.763
1031,2025-09-01,2.37,43.15,5.694
1031,2025-09-02,2.685,44.44,5.999
1031,2025-09-03,2.433,44.16,5.721
1031,2025-09-04,2.788,42.93,5.534
1031,2025-09-05,,,
1031,2025-09-06,2.249,42.64,6.001
1031,2025-09-07,2.571,43.75,5.591
1031,2025-09-08,2.458,43.53,6.146
1031,2025-09-09,2.828,44.22,5.932
1031,2025-09-10,2.345,43.41,5.644
1031,2025-09-11,2.528,44.57,5.676
1031,2025-09-12,2.203,44.11,5.674
1031,2025-09-13,2.736,43.8,5.974
1031,2025-09-14,2.563,42.47,5.573
1031,2025-09-15,2.497,43.08,5.62
1031,2025-09-16,2.596,43.56,5.399
1031,2025-09-17,2.467,43.93,5.811
1031,2025-09-18,2.376,43.13,5.935
1031,2025-09-19,2.374,44.73,5.771
1031,2025-09-20,2.66,45.42,5.908
1031,2025-09-21,2.742,44.34,5.619
1031,2025-09-22,,,
1031,2025-09-23,2.542,42.3,5.909
1031,2025-09-24,2.417,44.37,5.919
1031,2025-09-25,2.458,43.74,5.833
1031,2025-09-26,2.387,43.49,5.883
1031,2025-09-27,2.774,44.35,5.807
1031,2025-09-28,2.564,43.34,6.317
1031,2025-09-29,2.689,42.87,5.847
1031,2025-09-30,2.539,45.9,6.057
1031,2025-10-01,2.26,43.92,5.761
1031,2025-10-02,2.398,44.92,5.584
1031,2025-10-03,2.291,43.23,5.843
1031,2025-10-04,2.571,44.13,5.905
1031,2025-10-05,2.578,42.98,5.795
1031,2025-10-06,2.291,42.74,5.685
1031,2025-10-07,2.163,42.61,5.808
1031,2025-10-08,2.626,45.66,5.743
1031,2025-10-09,2.502,45.38,5.798
1031,2025-10-10,,,
1031,2025-10-11,2.763,42.67,5.801
1031,2025-10-12,2.379,43.94,5.986
1031,2025-10-13,2.435,44.19,5.861
1031,2025-10-14,2.962,44.28,6.031
1031,2025-10-15,2.533,42.86,6.147
1031,2025-10-16,2.894,44.52,6.274
1031,2025-10-17,2.215,45.58,5.91
1031,2025-10-18,2.453,44.86,5.944
1031,2025-10-19,2.671,44.45,5.746
1031,2025-10-20,2.677,43.98,5.78
1031,2025-10-21,2.723,43.16,5.702
1031,2025-10-22,2.407,43.71,5.86
1031,2025-10-23,2.825,45.46,5.833
1031,2025-10-24,2.559,43.39,5.931
1031,2025-10-25,2.395,44.12,5.957
1031,2025-10-26,2.448,44.69,5.871
1031,2025-10-27,2.545,44.29,5.959
1031,2025-10-28,2.546,45.07,5.82
1031,2025-10-29,2.353,42.74,5.762
1031,2025-10-30,2.89,43.92,5.603
1031,2025-10-31,2.543,43.3,5.87
1031,2025-11-01,1.997,43.34,5.72
1031,2025-11-02,2.613,43.55,5.837
1031,2025-11-03,2.632,43.8,5.758
1031,2025-11-04,2.658,44.4,5.798
1031,2025-11-05,2.842,43.11,5.833
1031,2025-11-06,2.532,44.1,5.98
1031,2025-11-07,2.671,44.05,5.8
1031,2025-11-08,2.322,44.78,5.897
1031,2025-11-09,2.698,43.77,5.99
1031,2025-11-10,1.805,44.6,5.659
1031,2025-11-11,2.255,44.19,5.706
1031,2025-11-12,2.476,41.79,5.65
1031,2025-11-13,2.85,44.84,5.84
1031,2025-11-14,2.511,43.5,5.67
1031,2025-11-15,2.415,42.89,6.011
1031,2025-11-16,2.569,43.39,5.557
1031,2025-11-17,2.363,43.73,5.865
1031,2025-11-18,2.56,43.18,5.879
1031,2025-11-19,2.653,43.76,5.955
1031,2025-11-20,2.414,40.89,5.752
1031,2025-11-21,2.469,42.66,5.62
1031,2025-11-22,2.372,43.8,5.811
1031,2025-11-23,,,
1031,2025-11-24,2.451,45.45,5.762
1031,2025-11-25,2.831,43.43,5.897
1031,2025-11-26,3.047,43.9,5.987
1031,2025-11-27,2.246,42.52,5.791
1031,2025-11-28,2.704,43.75,5.905
1031,2025-11-29,2.688,44.21,5.918
1031,2025-11-30,2.752,41.94,5.388
1031,2025-12-01,2.374,44.3,5.56
1031,2025-12-02,2.505,44.08,5.819
1031,2025-12-03,2.374,42.21,6.051
1031,2025-12-04,2.373,44.08,5.708
1031,2025-12-05,2.268,41.88,5.912
1031,2025-12-06,2.554,41.54,5.753
1031,2025-12-07,2.31,44.15,5.755
1031,2025-12-08,2.739,44.42,5.747
1031,2025-12-09,2.623,42.42,5.87
1031,2025-12-10,2.697,43.73,5.787
1031,2025-12-11,2.449,44.05,5.719
1031,2025-12-12,2.603,44.03,5.684
1031,2025-12-13,2.559,43.82,5.655
1031,2025-12-14,2.527,45.17,5.502
1031,2025-12-15,2.897,44.16,5.937
1031,2025-12-16,2.44,43.62,5.836
1031,2025-12-17,2.356,43.7,5.751
1031,2025-12-18,2.538,46.21,6.022
1031,2025-12-19,2.678,44.63,5.723
1031,2025-12-20,2.503,43.7,5.83
1031,2025-12-21,2.393,42.93,5.91
1031,2025-12-22,2.386,43.64,5.629
1031,2025-12-23,2.525,44.42,5.784
1031,2025-12-24,2.591,43.34,5.882
1031,2025-12-25,2.569,42.85,6.044
1031,2025-12-26,2.308,44.57,5.821
1031,2025-12-27,2.611,44.71,5.718
1031,2025-12-28,2.269,43.45,5.575
1031,2025-12-29,2.433,42.74,5.96
1031,2025-12-30,2.491,42.55,5.838
1031,2025-12-31,2.554,43.12,5.785
1032,2024-01-01,2.521,45.38,6.217
1032,2024-01-02,2.46,47.85,6.378
1032,2024-01-03,2.778,46.7,6.565
1032,2024-01-04,2.633,46.11,6.298
1032,2024-01-05,,,
1032,2024-01-06,2.328,47.3,6.2
1032,2024-01-07,2.445,47.47,6.243
1032,2024-01-08,2.444,47.4,6.525
1032,2024-01-09,2.681,46.48,6.416
1032,2024-01-10,2.759,46.93,6.242
1032,2024-01-11,2.127,45.86,6.254
1032,2024-01-12,2.483,46.74,6.163
1032,2024-01-13,2.512,46.7,6.066
1032,2024-01-14,2.601,47.01,6.233
1032,2024-01-15,2.664,46.77,6.217
1032,2024-01-16,2.597,46.87,6.135
1032,2024-01-17,2.663,47.0,6.099
1032,2024-01-18,2.748,47.18,6.108
1032,2024-01-19,2.852,47.39,6.05
1032,2024-01-20,2.975,47.64,5.983
1032,2024-01-21,3.117,47.92,5.904
1032,2024-01-22,3.278,48.25,5.816
1032,2024-01-23,3.458,48.61,5.717
1032,2024-01-24,3.657,49.02,5.607
1032,2024-01-25,3.874,49.46,5.487
1032,2024-01-26,4.111,49.94,5.357
1032,2024-01-27,4.366,50.46,5.216
1032,2024-01-28,4.641,51.01,5.065
1032,2024-01-29,4.934,51.61,4.904
1032,2024-01-30,5.246,52.24,4.732
1032,2024-01-31,5.577,52.91,4.549
1032,2024-02-01,5.927,53.62,4.356
1032,2024-02-02,6.296,54.37,4.153
1032,2024-02-03,2.401,45.96,6.358
1032,2024-02-04,2.197,47.73,6.27
1032,2024-02-05,2.594,44.5,6.142
1032,2024-02-06,2.494,47.16,6.092
1032,2024-02-07,2.514,46.02,6.214
1032,2024-02-08,2.339,48.39,6.369
1032,2024-02-09,,,
1032,2024-02-10,2.595,46.0,6.045
1032,2024-02-11,2.949,46.57,6.326
1032,2024-02-12,2.495,47.98,6.19
1032,2024-02-13,2.346,46.52,5.954
1032,2024-02-14,2.738,45.67,6.499
1032,2024-02-15,3.064,46.09,6.373
1032,2024-02-16,2.428,46.83,5.97
1032,2024-02-17,2.745,47.31,6.165
1032,2024-02-18,2.384,45.69,6.361
1032,2024-02-19,2.456,46.29,6.453
1032,2024-02-20,2.334,47.32,6.176
1032,2024-02-21,2.772,47.76,6.351
1032,2024-02-22,2.589,46.76,6.11
1032,2024-02-23,2.688,47.41,5.883
1032,2024-02-24,2.873,46.72,6.229
1032,2024-02-25,2.554,47.69,6.027
1032,2024-02-26,2.607,48.46,6.152
1032,2024-02-27,2.681,47.01,6.091
1032,2024-02-28,2.776,47.19,6.009
1032,2024-02-29,2.893,47.41,5.908
1032,2024-03-01,3.03,47.67,5.789
1032,2024-03-02,3.189,47.97,5.651
1032,2024-03-03,3.369,48.31,5.496
1032,2024-03-04,3.57,48.69,5.321
1032,2024-03-05,3.792,49.1,5.129
1032,2024-03-06,4.036,49.56,4.918
1032,2024-03-07,4.3,50.06,4.689
1032,2024-03-08,4.586,50.6,4.442
1032,2024-03-09,4.893,51.17,4.176
1032,2024-03-10,5.221,51.79,3.892
1032,2024-03-11,5.57,52.45,3.589
1032,2024-03-12,5.941,53.14,3.268
1032,2024-03-13,6.332,54.3,2.929
1032,2024-03-14,6.745,55.62,2.572
1032,2024-03-15,6.358,57.04,5.739
1032,2024-03-16,6.927,58.57,5.665
1032,2024-03-17,7.536,60.21,5.586
1032,2024-03-18,8.183,61.95,5.502
1032,2024-03-19,8.87,63.8,5.413
1032,2024-03-20,9.596,65.75,5.319
1032,2024-03-21,10.361,67.81,5.22
1032,2024-03-22,2.684,48.03,6.43
1032,2024-03-23,,,
1032,2024-03-24,2.405,47.84,6.388
1032,2024-03-25,2.546,46.19,6.047
1032,2024-03-26,2.776,43.88,6.472
1032,2024-03-27,2.438,48.56,6.297
1032,2024-03-28,2.739,46.81,6.212
1032,2024-03-29,2.513,46.89,6.4
1032,2024-03-30,2.647,47.62,6.238
1032,2024-03-31,2.512,47.97,6.082
1032,2024-04-01,2.476,46.75,6.224
1032,2024-04-02,2.82,45.98,6.309
1032,2024-04-03,2.344,47.27,6.339
1032,2024-04-04,2.218,46.96,6.423
1032,2024-04-05,2.322,45.46,6.428
1032,2024-04-06,2.774,47.32,6.395
1032,2024-04-07,2.242,46.25,6.254
1032,2024-04-08,2.617,46.79,6.225
1032,2024-04-09,2.69,46.17,6.194
1032,2024-04-10,2.423,46.82,6.055
1032,2024-04-11,2.443,44.76,6.34
1032,2024-04-12,2.5,46.98,6.338
1032,2024-04-13,2.23,47.6,6.267
1032,2024-04-14,2.526,46.84,6.369
1032,2024-04-15,2.316,45.16,6.242
1032,2024-04-16,2.495,45.42,6.194
1032,2024-04-17,2.735,47.61,6.008
1032,2024-04-18,2.473,46.87,6.183
1032,2024-04-19,2.624,47.07,6.27
1032,2024-04-20,2.797,47.76,6.318
1032,2024-04-21,2.474,46.51,6.211
1032,2024-04-22,2.695,46.05,6.185
1032,2024-04-23,2.538,45.47,6.179
1032,2024-04-24,2.501,46.85,6.293
1032,2024-04-25,2.432,46.27,6.166
1032,2024-04-26,2.775,46.25,6.175
1032,2024-04-27,2.294,45.68,6.128
1032,2024-04-28,2.766,46.95,6.201
1032,2024-04-29,2.39,46.25,6.164
1032,2024-04-30,2.727,44.78,6.182
1032,2024-05-01,2.656,48.03,6.492
1032,2024-05-02,2.508,47.27,6.218
1032,2024-05-03,2.378,45.44,5.933
1032,2024-05-04,2.754,48.21,6.196
1032,2024-05-05,2.481,47.87,6.232
1032,2024-05-06,2.318,48.52,6.383
1032,2024-05-07,2.375,46.84,6.514
1032,2024-05-08,2.134,44.8,6.122
1032,2024-05-09,2.46,46.35,6.252
1032,2024-05-10,2.353,45.57,6.192
1032,2024-05-11,2.355,46.5,6.22
1032,2024-05-12,2.723,46.74,6.315
1032,2024-05-13,2.414,45.3,6.358
1032,2024-05-14,2.518,46.41,6.247
1032,2024-05-15,2.6,46.27,6.225
1032,2024-05-16,2.666,47.5,6.181
1032,2024-05-17,2.818,45.22,6.503
1032,2024-05-18,2.847,49.14,6.175
1032,2024-05-19,2.637,45.43,6.222
1032,2024-05-20,2.457,46.63,6.43
1032,2024-05-21,2.241,46.95,6.321
1032,2024-05-22,2.38,47.84,6.264
1032,2024-05-23,2.252,46.73,6.291
1032,2024-05-24,2.18,48.88,6.389
1032,2024-05-25,2.256,47.95,6.325
1032,2024-05-26,2.318,47.44,6.188
1032,2024-05-27,2.847,48.21,6.604
1032,2024-05-28,2.534,45.54,6.119
1032,2024-05-29,2.421,47.24,6.286
1032,2024-05-30,2.518,46.82,6.227
1032,2024-05-31,2.155,46.15,6.164
1032,2024-06-01,2.345,46.16,6.289
1032,2024-06-02,2.609,47.35,6.127
1032,2024-06-03,2.543,46.28,6.418
1032,2024-06-04,2.257,46.47,6.321
1032,2024-06-05,2.735,47.5,6.088
1032,2024-06-06,2.772,47.35,6.182
1032,2024-06-07,2.659,48.29,6.262
1032,2024-06-08,2.543,46.35,6.096
1032,2024-06-09,2.542,47.16,6.295
1032,2024-06-10,2.491,46.42,6.34
1032,2024-06-11,2.691,46.86,6.029
1032,2024-06-12,2.097,46.11,6.205
1032,2024-06-13,2.303,46.67,6.137
1032,2024-06-14,2.329,46.09,6.161
1032,2024-06-15,2.523,45.72,6.014
1032,2024-06-16,2.25,46.77,6.306
1032,2024-06-17,2.381,45.91,6.102
1032,2024-06-18,2.434,45.57,6.248
1032,2024-06-19,2.651,44.51,6.672
1032,2024-06-20,2.649,47.97,6.431
1032,2024-06-21,2.601,48.23,6.267
1032,2024-06-22,2.332,48.02,6.349
1032,2024-06-23,2.578,47.9,6.452
1032,2024-06-24,2.554,46.36,6.102
1032,2024-06-25,2.353,47.27,6.142
1032,2024-06-26,2.398,46.34,6.224
1032,2024-06-27,3.011,45.81,6.236
1032,2024-06-28,2.477,44.44,6.305
1032,2024-06-29,2.68,45.81,6.151
1032,2024-06-30,2.587,49.34,6.108
1032,2024-07-01,2.275,46.33,6.243
1032,2024-07-02,2.4,45.99,6.248
1032,2024-07-03,2.446,47.51,6.529
1032,2024-07-04,2.416,46.34,6.185
1032,2024-07-05,2.512,48.06,6.03
1032,2024-07-06,3.17,45.34,6.396
1032,2024-07-07,2.225,45.01,6.252
1032,2024-07-08,2.245,47.78,6.014
1032,2024-07-09,2.829,47.59,6.167
1032,2024-07-10,2.371,45.78,5.971
1032,2024-07-11,2.591,47.15,6.18
1032,2024-07-12,1.973,47.94,6.458
1032,2024-07-13,2.642,46.99,6.27
1032,2024-07-14,2.581,48.16,6.407
1032,2024-07-15,2.702,46.3,6.397
1032,2024-07-16,2.514,47.24,6.198
1032,2024-07-17,2.65,47.2,6.144
1032,2024-07-18,2.986,45.93,6.039
1032,2024-07-19,2.272,45.38,6.2
1032,2024-07-20,2.486,46.04,6.186
1032,2024-07-21,2.41,48.86,6.26
1032,2024-07-22,2.655,49.11,6.296
1032,2024-07-23,2.544,47.48,6.412
1032,2024-07-24,2.536,44.78,6.462
1032,2024-07-25,2.353,47.37,5.975
1032,2024-07-26,2.576,46.61,6.182
1032,2024-07-27,2.495,46.35,6.069
1032,2024-07-28,2.679,49.15,6.075
1032,2024-07-29,2.073,48.34,6.11
1032,2024-07-30,2.562,44.29,6.405
1032,2024-07-31,2.563,44.17,6.191
1032,2024-08-01,2.563,46.41,6.122
1032,2024-08-02,2.723,46.65,6.105
1032,2024-08-03,2.589,48.6,6.276
1032,2024-08-04,2.413,46.63,6.342
1032,2024-08-05,2.57,46.04,6.198
1032,2024-08-06,2.267,45.91,5.967
1032,2024-08-07,2.583,47.08,6.326
1032,2024-08-08,2.986,45.98,6.604
1032,2024-08-09,2.461,45.35,6.289
1032,2024-08-10,2.542,45.89,6.295
1032,2024-08-11,2.896,45.12,6.149
1032,2024-08-12,2.483,46.08,6.219
1032,2024-08-13,2.848,48.21,6.222
1032,2024-08-14,2.561,47.56,6.438
1032,2024-08-15,,,
1032,2024-08-16,2.628,45.93,6.282
1032,2024-08-17,2.266,47.13,6.093
1032,2024-08-18,2.457,45.28,6.02
1032,2024-08-19,2.456,45.68,6.13
1032,2024-08-20,2.81,45.23,5.947
1032,2024-08-21,2.417,46.4,6.052
1032,2024-08-22,2.237,46.26,6.292
1032,2024-08-23,2.258,45.7,6.353
1032,2024-08-24,2.765,45.16,6.429
1032,2024-08-25,2.537,49.11,6.328
1032,2024-08-26,2.506,47.62,6.164
1032,2024-08-27,2.697,47.14,6.327
1032,2024-08-28,2.537,46.19,5.941
1032,2024-08-29,2.378,46.11,6.226
1032,2024-08-30,2.382,45.92,6.061
1032,2024-08-31,2.555,47.8,6.211
1032,2024-09-01,2.309,46.53,6.124
1032,2024-09-02,2.652,46.44,6.146
1032,2024-09-03,2.616,46.79,6.212
1032,2024-09-04,2.149,47.92,6.155
1032,2024-09-05,2.655,45.72,6.427
1032,2024-09-06,2.631,46.41,6.266
1032,2024-09-07,2.351,45.74,6.659
1032,2024-09-08,2.304,47.51,6.152
1032,2024-09-09,2.31,47.0,6.376
1032,2024-09-10,2.478,46.29,6.443
1032,2024-09-11,2.643,45.85,6.08
1032,2024-09-12,2.415,47.74,6.587
1032,2024-09-13,2.441,48.53,6.261
1032,2024-09-14,2.382,46.55,6.265
1032,2024-09-15,2.415,46.71,6.251
1032,2024-09-16,2.477,46.41,6.194
1032,2024-09-17,2.333,47.48,6.209
1032,2024-09-18,2.425,46.76,5.902
1032,2024-09-19,2.505,46.84,6.316
1032,2024-09-20,2.027,48.05,6.463
1032,2024-09-21,2.112,47.19,6.342
1032,2024-09-22,2.395,46.33,6.005
1032,2024-09-23,2.683,46.95,6.14
1032,2024-09-24,2.928,46.43,6.168
1032,2024-09-25,2.507,47.39,6.292
1032,2024-09-26,2.658,46.27,6.202
1032,2024-09-27,2.618,46.26,6.116
1032,2024-09-28,2.645,45.52,6.142
1032,2024-09-29,2.681,48.92,5.963
1032,2024-09-30,2.436,45.02,6.34
1032,2024-10-01,2.594,45.79,6.184
1032,2024-10-02,2.585,45.95,6.344
1032,2024-10-03,2.47,46.83,6.089
1032,2024-10-04,2.568,47.24,6.234
1032,2024-10-05,,,
1032,2024-10-06,2.42,45.76,6.391
1032,2024-10-07,2.797,46.82,6.222
1032,2024-10-08,2.821,44.08,6.317
1032,2024-10-09,2.408,46.91,6.395
1032,2024-10-10,2.595,47.73,6.229
1032,2024-10-11,2.702,48.34,6.31
1032,2024-10-12,2.548,47.87,6.006
1032,2024-10-13,2.164,47.77,6.049
1032,2024-10-14,2.729,45.45,6.034
1032,2024-10-15,2.43,46.11,6.279
1032,2024-10-16,2.507,46.42,6.333
1032,2024-10-17,2.275,45.83,6.027
1032,2024-10-18,2.335,47.57,6.123
1032,2024-10-19,2.654,47.41,6.238
1032,2024-10-20,2.52,46.72,6.229
1032,2024-10-21,2.547,46.8,6.202
1032,2024-10-22,2.59,47.1,6.158
1032,2024-10-23,2.651,49.06,6.095
1032,2024-10-24,2.73,47.36,6.014
1032,2024-10-25,2.826,47.65,5.916
1032,2024-10-26,2.939,48.0,5.8
1032,2024-10-27,3.07,48.4,5.666
1032,2024-10-28,3.219,48.85,5.514
1032,2024-10-29,3.385,49.36,5.344
1032,2024-10-30,3.568,49.91,5.156
1032,2024-10-31,3.769,50.53,4.95
1032,2024-11-01,3.987,51.19,4.727
1032,2024-11-02,4.223,51.91,4.485
1032,2024-11-03,4.476,52.68,4.226
1032,2024-11-04,4.746,53.5,3.949
1032,2024-11-05,,,
1032,2024-11-06,5.34,55.31,3.341
1032,2024-11-07,5.663,56.3,3.01
1032,2024-11-08,6.004,57.33,2.661
1032,2024-11-09,2.655,48.28,6.294
1032,2024-11-10,,,
1032,2024-11-11,2.724,47.61,6.445
1032,2024-11-12,2.57,47.23,6.15
1032,2024-11-13,2.663,47.12,6.453
1032,2024-11-14,2.423,44.75,6.066
1032,2024-11-15,2.681,46.73,6.186
1032,2024-11-16,2.454,45.19,6.476
1032,2024-11-17,2.558,48.67,6.242
1032,2024-11-18,2.815,46.53,6.174
1032,2024-11-19,2.342,47.68,6.493
1032,2024-11-20,,,
1032,2024-11-21,2.434,45.8,6.226
1032,2024-11-22,2.667,47.37,6.192
1032,2024-11-23,2.671,45.75,6.386
1032,2024-11-24,2.415,47.47,6.064
1032,2024-11-25,2.76,48.98,6.575
1032,2024-11-26,2.512,46.7,6.238
1032,2024-11-27,2.658,46.73,6.229
1032,2024-11-28,2.556,47.18,6.203
1032,2024-11-29,2.64,47.01,6.158
1032,2024-11-30,2.689,47.25,6.097
1032,2024-12-01,2.788,48.16,6.017
1032,2024-12-02,2.91,47.95,5.92
1032,2024-12-03,3.054,48.4,5.805
1032,2024-12-04,3.22,48.93,5.672
1032,2024-12-05,3.408,49.52,5.522
1032,2024-12-06,3.618,50.18,5.354
1032,2024-12-07,3.85,50.91,5.169
1032,2024-12-08,4.105,51.71,4.965
1032,2024-12-09,4.382,52.58,4.744
1032,2024-12-10,4.68,53.53,4.506
1032,2024-12-11,5.001,54.54,4.25
1032,2024-12-12,5.344,55.62,3.976
1032,2024-12-13,5.709,56.77,3.684
1032,2024-12-14,6.097,57.99,3.375
1032,2024-12-15,6.506,59.28,3.048
1032,2024-12-16,6.937,60.63,2.703
1032,2024-12-17,3.038,46.36,6.199
1032,2024-12-18,3.025,45.78,6.296
1032,2024-12-19,2.577,46.14,6.421
1032,2024-12-20,2.149,45.77,6.065
1032,2024-12-21,2.661,46.15,6.348
1032,2024-12-22,2.637,45.51,6.12
1032,2024-12-23,2.444,45.97,6.295
1032,2024-12-24,2.682,46.48,6.294
1032,2024-12-25,2.463,45.45,6.133
1032,2024-12-26,2.7,46.0,6.21
1032,2024-12-27,,,
1032,2024-12-28,2.521,46.21,6.253
1032,2024-12-29,2.555,45.55,6.525
1032,2024-12-30,2.437,45.38,6.186
1032,2024-12-31,2.633,47.21,6.153
1032,2025-01-01,2.566,46.52,6.25
1032,2025-01-02,2.376,46.77,6.319
1032,2025-01-03,2.576,48.29,6.108
1032,2025-01-04,2.556,44.99,6.181
1032,2025-01-05,2.721,47.69,6.283
1032,2025-01-06,2.765,47.81,6.059
1032,2025-01-07,2.446,47.73,6.125
1032,2025-01-08,2.485,45.94,6.24
1032,2025-01-09,2.42,45.29,6.251
1032,2025-01-10,2.451,47.72,6.244
1032,2025-01-11,2.393,47.63,6.088
1032,2025-01-12,2.477,47.66,6.237
1032,2025-01-13,2.538,47.07,6.261
1032,2025-01-14,,,
1032,2025-01-15,2.523,47.42,6.23
1032,2025-01-16,2.556,48.76,6.204
1032,2025-01-17,2.612,46.9,6.162
1032,2025-01-18,2.691,47.77,6.104
1032,2025-01-19,2.912,47.25,6.028
1032,2025-01-20,2.914,47.49,5.936
1032,2025-01-21,3.06,47.78,5.826
1032,2025-01-22,3.228,48.28,5.7
1032,2025-01-23,3.418,48.49,5.557
1032,2025-01-24,3.631,48.91,5.398
1032,2025-01-25,3.865,49.37,5.221
1032,2025-01-26,4.123,49.88,5.028
1032,2025-01-27,4.403,50.43,4.818
1032,2025-01-28,4.705,51.03,4.591
1032,2025-01-29,5.029,51.67,4.348
1032,2025-01-30,5.376,52.35,4.087
1032,2025-01-31,5.745,53.08,3.81
1032,2025-02-01,6.137,53.86,3.516
1032,2025-02-02,6.551,54.67,3.205
1032,2025-02-03,6.987,55.54,2.877
1032,2025-02-04,2.576,47.24,6.325
1032,2025-02-05,2.424,46.26,6.277
1032,2025-02-06,2.84,46.82,6.075
1032,2025-02-07,2.749,46.75,6.283
1032,2025-02-08,2.677,46.53,6.002
1032,2025-02-09,2.605,46.21,6.163
1032,2025-02-10,2.288,47.38,6.199
1032,2025-02-11,2.483,48.5,5.976
1032,2025-02-12,2.42,46.88,6.237
1032,2025-02-13,2.329,45.97,6.352
1032,2025-02-14,2.781,45.31,6.254
1032,2025-02-15,2.514,45.58,6.358
1032,2025-02-16,2.576,46.22,6.187
1032,2025-02-17,2.437,44.93,6.141
1032,2025-02-18,2.32,45.19,6.492
1032,2025-02-19,2.592,45.83,6.399
1032,2025-02-20,2.342,47.38,6.29
1032,2025-02-21,2.71,46.86,5.94
1032,2025-02-22,2.575,45.92,6.346
1032,2025-02-23,2.35,47.07,6.358
1032,2025-02-24,2.202,46.9,6.55
1032,2025-02-25,2.514,46.78,6.26
1032,2025-02-26,2.265,46.52,6.745
1032,2025-02-27,2.155,45.64,6.358
1032,2025-02-28,2.502,46.83,6.339
1032,2025-03-01,2.414,47.2,6.17
1032,2025-03-02,2.51,47.91,6.19
1032,2025-03-03,2.648,46.39,6.298
1032,2025-03-04,,,
1032,2025-03-05,2.626,47.88,6.094
1032,2025-03-06,2.351,46.41,6.387
1032,2025-03-07,2.653,47.08,6.332
1032,2025-03-08,2.667,48.31,6.129
1032,2025-03-09,2.164,45.56,6.177
1032,2025-03-10,2.353,45.94,6.1
1032,2025-03-11,2.524,47.79,6.255
1032,2025-03-12,2.652,48.33,6.036
1032,2025-03-13,,,
1032,2025-03-14,2.636,47.79,6.469
1032,2025-03-15,2.499,46.56,6.484
1032,2025-03-16,2.686,47.76,6.24
1032,2025-03-17,2.327,47.54,6.281
1032,2025-03-18,2.594,47.18,6.423
1032,2025-03-19,2.581,47.68,6.322
1032,2025-03-20,2.81,48.83,6.244
1032,2025-03-21,2.383,47.52,6.436
1032,2025-03-22,2.438,47.24,6.148
1032,2025-03-23,2.336,44.58,6.432
1032,2025-03-24,2.341,48.41,6.385
1032,2025-03-25,2.434,44.67,6.435
1032,2025-03-26,2.825,44.72,6.494
1032,2025-03-27,2.658,45.01,6.213
1032,2025-03-28,2.798,46.69,6.22
1032,2025-03-29,2.639,47.06,6.258
1032,2025-03-30,2.28,47.84,6.215
1032,2025-03-31,,,
1032,2025-04-01,2.686,44.8,6.261
1032,2025-04-02,2.455,47.03,6.1
1032,2025-04-03,2.704,47.23,5.905
1032,2025-04-04,2.509,45.9,6.133
1032,2025-04-05,2.664,47.95,6.28
1032,2025-04-06,2.819,45.84,6.064
1032,2025-04-07,2.603,47.19,6.233
1032,2025-04-08,2.772,45.63,6.233
1032,2025-04-09,2.744,46.79,6.266
1032,2025-04-10,2.541,48.11,6.458
1032,2025-04-11,2.194,47.63,6.236
1032,2025-04-12,2.173,46.72,6.209
1032,2025-04-13,2.385,47.71,6.25
1032,2025-04-14,2.752,45.62,6.445
1032,2025-04-15,2.438,48.6,6.318
1032,2025-04-16,2.798,47.43,6.335
1032,2025-04-17,,,
1032,2025-04-18,2.365,45.49,6.095
1032,2025-04-19,2.168,46.8,6.275
1032,2025-04-20,2.513,46.7,6.07
1032,2025-04-21,2.589,45.52,6.352
1032,2025-04-22,2.816,46.69,6.159
1032,2025-04-23,3.029,47.85,6.201
1032,2025-04-24,2.202,46.8,6.251
1032,2025-04-25,2.589,47.34,6.396
1032,2025-04-26,2.481,45.69,6.38
1032,2025-04-27,2.39,46.8,6.569
1032,2025-04-28,2.479,48.21,5.993
1032,2025-04-29,2.531,48.21,6.069
1032,2025-04-30,2.289,46.53,6.174
1032,2025-05-01,2.46,45.95,6.451
1032,2025-05-02,2.705,46.28,6.34
1032,2025-05-03,2.344,45.58,6.076
1032,2025-05-04,2.546,46.02,6.105
1032,2025-05-05,2.483,46.9,6.553
1032,2025-05-06,2.892,45.67,6.314
1032,2025-05-07,2.419,48.07,6.079
1032,2025-05-08,2.186,46.69,6.079
1032,2025-05-09,2.643,45.69,6.377
1032,2025-05-10,2.823,46.64,6.12
1032,2025-05-11,2.698,46.7,6.209
1032,2025-05-12,2.362,46.16,6.21
1032,2025-05-13,2.501,46.46,6.107
1032,2025-05-14,2.628,46.23,6.309
1032,2025-05-15,2.467,45.01,6.255
1032,2025-05-16,2.476,47.05,6.249
1032,2025-05-17,2.421,46.58,6.294
1032,2025-05-18,2.535,46.28,6.246
1032,2025-05-19,2.49,45.83,6.335
1032,2025-05-20,2.31,47.25,5.975
1032,2025-05-21,2.112,45.21,6.537
1032,2025-05-22,2.58,45.45,6.419
1032,2025-05-23,2.68,45.78,6.25
1032,2025-05-24,2.626,46.86,6.166
1032,2025-05-25,2.402,47.2,6.275
1032,2025-05-26,2.412,49.22,6.359
1032,2025-05-27,2.65,46.51,6.068
1032,2025-05-28,2.606,46.66,6.144
1032,2025-05-29,2.228,46.4,6.508
1032,2025-05-30,2.434,45.65,6.195
1032,2025-05-31,2.7,48.74,6.253
1032,2025-06-01,2.579,48.13,6.167
1032,2025-06-02,2.562,46.1,6.242
1032,2025-06-03,2.378,46.01,6.15
1032,2025-06-04,2.515,47.79,6.092
1032,2025-06-05,2.167,47.15,6.309
1032,2025-06-06,2.418,44.67,6.146
1032,2025-06-07,2.095,47.23,6.155
1032,2025-06-08,2.34,47.92,6.325
1032,2025-06-09,2.535,45.5,6.334
1032,2025-06-10,2.962,47.29,6.427
1032,2025-06-11,2.71,47.89,6.301
1032,2025-06-12,2.536,47.24,6.243
1032,2025-06-13,2.525,46.59,6.224
1032,2025-06-14,2.382,46.18,6.286
1032,2025-06-15,2.769,45.94,6.12
1032,2025-06-16,2.59,47.86,5.986
1032,2025-06-17,2.329,47.08,6.408
1032,2025-06-18,2.613,47.03,6.192
1032,2025-06-19,2.494,45.86,6.151
1032,2025-06-20,2.577,47.46,6.484
1032,2025-06-21,,,
1032,2025-06-22,2.415,45.84,6.357
1032,2025-06-23,2.642,45.84,6.092
1032,2025-06-24,2.341,44.84,6.276
1032,2025-06-25,2.024,45.83,6.256
1032,2025-06-26,2.33,46.34,6.309
1032,2025-06-27,2.465,47.37,6.046
1032,2025-06-28,2.783,47.11,6.173
1032,2025-06-29,2.584,49.96,6.332
1032,2025-06-30,2.744,47.38,6.286
1032,2025-07-01,2.457,45.69,6.157
1032,2025-07-02,2.443,45.69,6.255
1032,2025-07-03,2.569,46.59,6.28
1032,2025-07-04,2.632,45.78,5.929
1032,2025-07-05,2.338,47.98,6.093
1032,2025-07-06,2.306,47.41,6.347
1032,2025-07-07,2.661,46.87,6.295
1032,2025-07-08,2.587,47.17,6.261
1032,2025-07-09,2.898,49.21,6.282
1032,2025-07-10,2.423,46.54,5.948
1032,2025-07-11,2.51,46.6,6.289
1032,2025-07-12,2.479,46.76,6.163
1032,2025-07-13,2.483,47.02,6.518
1032,2025-07-14,2.546,47.34,5.935
1032,2025-07-15,2.414,45.22,6.251
1032,2025-07-16,2.589,46.9,6.126
1032,2025-07-17,2.804,46.19,6.163
1032,2025-07-18,2.928,46.23,6.085
1032,2025-07-19,2.469,45.98,6.104
1032,2025-07-20,2.492,47.01,6.185
1032,2025-07-21,2.484,47.29,6.162
1032,2025-07-22,2.518,46.45,6.044
1032,2025-07-23,2.29,46.06,6.489
1032,2025-07-24,2.578,46.67,6.388
1032,2025-07-25,2.823,46.36,6.355
1032,2025-07-26,2.511,46.94,6.152
1032,2025-07-27,2.524,46.72,6.487
1032,2025-07-28,2.326,46.8,6.532
1032,2025-07-29,2.364,47.79,5.973
1032,2025-07-30,2.448,46.87,6.498
1032,2025-07-31,2.439,47.78,6.024
1032,2025-08-01,2.113,46.91,6.325
1032,2025-08-02,2.403,47.49,6.249
1032,2025-08-03,2.33,46.77,6.291
1032,2025-08-04,2.613,47.49,6.335
1032,2025-08-05,2.047,48.07,6.083
1032,2025-08-06,2.687,46.45,6.244
1032,2025-08-07,2.524,46.8,6.119
1032,2025-08-08,2.507,47.8,6.315
1032,2025-08-09,2.476,46.1,6.003
1032,2025-08-10,2.442,47.25,6.473
1032,2025-08-11,2.445,48.11,6.453
1032,2025-08-12,2.321,49.39,6.237
1032,2025-08-13,2.346,47.12,6.373
1032,2025-08-14,2.424,50.21,6.516
1032,2025-08-15,2.548,48.89,6.422
1032,2025-08-16,2.49,44.89,6.346
1032,2025-08-17,2.624,46.42,6.1
1032,2025-08-18,2.646,46.68,6.217
1032,2025-08-19,2.549,46.1,6.534
1032,2025-08-20,2.376,47.62,6.284
1032,2025-08-21,2.676,45.52,6.342
1032,2025-08-22,2.313,47.89,6.231
1032,2025-08-23,,,
1032,2025-08-24,2.646,47.31,6.551
1032,2025-08-25,2.769,46.31,6.155
1032,2025-08-26,2.63,47.15,6.37
1032,2025-08-27,2.615,47.26,6.352
1032,2025-08-28,2.308,47.59,6.348
1032,2025-08-29,2.043,46.15,6.192
1032,2025-08-30,2.645,46.65,6.26
1032,2025-08-31,2.608,48.19,6.546
1032,2025-09-01,2.328,46.14,5.964
1032,2025-09-02,2.727,46.88,6.13
1032,2025-09-03,2.321,46.25,6.373
1032,2025-09-04,2.47,48.0,6.269
1032,2025-09-05,2.566,46.97,5.957
1032,2025-09-06,2.244,48.05,6.341
1032,2025-09-07,2.552,47.82,6.208
1032,2025-09-08,2.79,46.94,5.917
1032,2025-09-09,2.268,46.06,6.114
1032,2025-09-10,2.129,49.17,6.226
1032,2025-09-11,2.164,46.85,6.101
1032,2025-09-12,2.381,46.08,6.2
1032,2025-09-13,2.654,46.93,6.246
1032,2025-09-14,2.506,45.39,6.431
1032,2025-09-15,2.659,45.33,6.393
1032,2025-09-16,2.544,46.12,6.317
1032,2025-09-17,2.943,46.99,6.138
1032,2025-09-18,2.111,44.97,6.089
1032,2025-09-19,2.705,46.86,6.555
1032,2025-09-20,2.706,47.94,6.283
1032,2025-09-21,2.698,46.57,6.143
1032,2025-09-22,2.574,49.23,6.395
1032,2025-09-23,2.516,46.55,6.358
1032,2025-09-24,2.511,48.3,6.186
1032,2025-09-25,2.221,46.95,6.275
1032,2025-09-26,2.706,46.21,6.481
1032,2025-09-27,2.538,45.95,5.981
1032,2025-09-28,2.553,46.37,6.15
1032,2025-09-29,2.332,47.16,6.181
1032,2025-09-30,2.578,44.37,6.206
1032,2025-10-01,3.025,45.15,5.923
1032,2025-10-02,2.719,48.85,6.171
1032,2025-10-03,2.534,46.21,6.308
1032,2025-10-04,2.329,47.51,6.208
1032,2025-10-05,2.698,45.59,6.156
1032,2025-10-06,2.546,46.56,6.17
1032,2025-10-07,2.803,46.7,6.279
1032,2025-10-08,2.481,46.89,6.195
1032,2025-10-09,2.603,45.72,6.544
1032,2025-10-10,2.14,46.1,6.386
1032,2025-10-11,2.49,45.06,6.22
1032,2025-10-12,2.503,45.9,6.254
1032,2025-10-13,2.577,47.06,5.952
1032,2025-10-14,2.656,45.0,6.205
1032,2025-10-15,2.136,46.86,6.424
1032,2025-10-16,2.633,49.48,6.172
1032,2025-10-17,2.676,46.93,6.532
1032,2025-10-18,2.577,47.4,6.29
1032,2025-10-19,2.638,47.66,6.122
1032,2025-10-20,2.756,47.5,6.173
1032,2025-10-21,2.377,45.67,6.37
1032,2025-10-22,2.402,45.96,6.262
1032,2025-10-23,,,
1032,2025-10-24,2.772,46.97,6.23
1032,2025-10-25,2.177,45.74,6.209
1032,2025-10-26,2.395,46.11,5.863
1032,2025-10-27,2.378,48.07,6.52
1032,2025-10-28,2.278,47.65,6.214
1032,2025-10-29,2.636,46.3,6.242
1032,2025-10-30,2.5,46.88,5.922
1032,2025-10-31,2.151,45.23,6.042
1032,2025-11-01,2.805,45.77,6.34
1032,2025-11-02,2.542,48.0,6.384
1032,2025-11-03,2.459,46.43,6.317
1032,2025-11-04,2.456,46.97,6.381
1032,2025-11-05,2.148,45.83,6.156
1032,2025-11-06,2.569,47.65,6.142
1032,2025-11-07,2.744,47.0,6.267
1032,2025-11-08,2.89,47.34,6.254
1032,2025-11-09,2.473,46.41,6.028
1032,2025-11-10,2.512,46.85,6.228
1032,2025-11-11,2.528,46.76,6.207
1032,2025-11-12,2.593,48.17,6.231
1032,2025-11-13,2.657,47.18,6.021
1032,2025-11-14,2.77,47.69,6.209
1032,2025-11-15,2.915,48.05,6.007
1032,2025-11-16,3.093,48.64,6.172
1032,2025-11-17,3.303,49.34,6.137
1032,2025-11-18,,,
1032,2025-11-19,3.82,51.07,6.089
1032,2025-11-20,4.127,52.1,6.054
1032,2025-11-21,4.466,53.23,6.015
1032,2025-11-22,4.837,54.47,5.973
1032,2025-11-23,5.241,55.82,5.926
1032,2025-11-24,5.677,57.28,5.877
1032,2025-11-25,6.146,58.85,5.823
1032,2025-11-26,6.646,60.52,5.766
1032,2025-11-27,7.179,62.3,5.705
1032,2025-11-28,7.745,64.19,5.641
1032,2025-11-29,8.342,66.19,5.572
1032,2025-11-30,8.972,68.3,5.501
1032,2025-12-01,2.253,45.13,6.128
1032,2025-12-02,2.148,47.27,5.917
1032,2025-12-03,2.779,46.88,6.174
1032,2025-12-04,2.662,49.32,6.292
1032,2025-12-05,2.959,47.03,6.457
1032,2025-12-06,2.646,46.56,6.376
1032,2025-12-07,2.507,47.93,6.135
1032,2025-12-08,3.056,46.12,6.238
1032,2025-12-09,2.417,47.95,6.378
1032,2025-12-10,2.45,46.99,6.436
1032,2025-12-11,2.338,45.72,6.141
1032,2025-12-12,2.596,47.53,6.442
1032,2025-12-13,2.658,45.27,6.432
1032,2025-12-14,2.531,44.8,6.191
1032,2025-12-15,2.412,47.73,6.284
1032,2025-12-16,2.748,47.09,6.038
1032,2025-12-17,2.457,47.46,6.081
1032,2025-12-18,2.54,46.64,6.254
1032,2025-12-19,2.582,46.31,6.221
1032,2025-12-20,2.448,46.27,6.252
1032,2025-12-21,2.717,44.06,6.068
1032,2025-12-22,2.163,46.56,6.417
1032,2025-12-23,2.557,48.1,6.316
1032,2025-12-24,2.433,47.26,6.22
1032,2025-12-25,2.631,47.92,6.311
1032,2025-12-26,2.309,48.14,5.932
1032,2025-12-27,2.402,47.37,6.172
1032,2025-12-28,2.605,46.11,6.134
1032,2025-12-29,2.677,45.69,6.21
1032,2025-12-30,2.541,44.27,6.253
1032,2025-12-31,2.345,47.69,6.416
1033,2024-01-01,1.94,48.67,6.821
1033,2024-01-02,2.241,50.03,6.737
1033,2024-01-03,2.112,49.37,7.242
1033,2024-01-04,2.398,48.1,6.961
1033,2024-01-05,2.261,48.14,6.78
1033,2024-01-06,2.366,48.46,6.844
1033,2024-01-07,2.29,48.91,6.738
1033,2024-01-08,2.603,48.52,6.97
1033,2024-01-09,2.169,46.98,7.056
1033,2024-01-10,1.969,49.23,6.886
1033,2024-01-11,2.045,47.93,6.868
1033,2024-01-12,2.031,49.02,6.795
1033,2024-01-13,2.648,49.06,6.914
1033,2024-01-14,2.253,47.96,6.904
1033,2024-01-15,1.997,49.42,6.849
1033,2024-01-16,2.063,48.52,6.789
1033,2024-01-17,,,
1033,2024-01-18,2.116,49.53,7.083
1033,2024-01-19,2.439,48.55,6.844
1033,2024-01-20,2.401,48.97,6.914
1033,2024-01-21,2.371,49.35,6.948
1033,2024-01-22,2.076,46.98,6.813
1033,2024-01-23,2.421,48.92,6.864
1033,2024-01-24,,,
1033,2024-01-25,2.339,48.66,6.897
1033,2024-01-26,2.272,48.33,6.745
1033,2024-01-27,2.73,48.97,6.752
1033,2024-01-28,1.959,48.06,6.75
1033,2024-01-29,2.229,49.08,7.05
1033,2024-01-30,2.324,47.31,6.75
1033,2024-01-31,2.612,48.74,7.018
1033,2024-02-01,2.503,48.42,6.84
1033,2024-02-02,2.205,48.61,6.926
1033,2024-02-03,1.968,47.82,6.903
1033,2024-02-04,2.397,49.3,6.886
1033,2024-02-05,2.078,50.27,7.021
1033,2024-02-06,2.147,47.18,6.799
1033,2024-02-07,2.381,50.15,6.924
1033,2024-02-08,2.278,48.42,6.886
1033,2024-02-09,2.515,48.1,6.841
1033,2024-02-10,2.294,49.61,7.295
1033,2024-02-11,2.558,47.63,6.762
1033,2024-02-12,2.397,48.79,7.008
1033,2024-02-13,2.053,49.21,6.973
1033,2024-02-14,2.313,48.74,6.946
1033,2024-02-15,2.337,50.83,6.901
1033,2024-02-16,2.323,48.39,6.664
1033,2024-02-17,2.138,49.25,7.067
1033,2024-02-18,2.186,47.32,7.144
1033,2024-02-19,2.199,50.85,6.563
1033,2024-02-20,2.217,47.98,6.917
1033,2024-02-21,2.326,47.24,6.756
1033,2024-02-22,2.178,49.58,7.005
1033,2024-02-23,2.225,48.87,6.929
1033,2024-02-24,2.48,48.72,6.72
1033,2024-02-25,2.209,47.79,6.944
1033,2024-02-26,2.125,49.36,7.152
1033,2024-02-27,2.362,48.12,6.944
1033,2024-02-28,2.047,48.41,7.251
1033,2024-02-29,2.721,48.96,6.921
1033,2024-03-01,2.399,48.27,6.661
1033,2024-03-02,2.059,48.45,6.992
1033,2024-03-03,2.202,48.68,6.499
1033,2024-03-04,2.38,48.94,7.031
1033,2024-03-05,2.392,47.91,6.758
1033,2024-03-06,2.076,48.48,7.082
1033,2024-03-07,2.19,49.38,7.097
1033,2024-03-08,2.166,47.38,7.051
1033,2024-03-09,2.388,48.0,6.88
1033,2024-03-10,1.885,48.03,6.847
1033,2024-03-11,2.26,48.65,6.901
1033,2024-03-12,2.548,48.24,6.945
1033,2024-03-13,2.353,48.12,7.019
1033,2024-03-14,2.352,50.51,6.974
1033,2024-03-15,2.449,48.43,7.137
1033,2024-03-16,2.047,49.66,6.832
1033,2024-03-17,2.009,47.79,6.747
1033,2024-03-18,2.346,48.79,6.893
1033,2024-03-19,2.339,49.7,6.706
1033,2024-03-20,2.578,49.29,6.937
1033,2024-03-21,2.013,48.66,6.993
1033,2024-03-22,2.618,48.87,7.117
1033,2024-03-23,2.079,48.11,6.602
1033,2024-03-24,2.586,49.9,7.022
1033,2024-03-25,2.368,50.24,7.059
1033,2024-03-26,2.28,49.8,7.017
1033,2024-03-27,2.046,49.57,6.82
1033,2024-03-28,2.256,49.55,6.865
1033,2024-03-29,2.408,48.94,6.53
1033,2024-03-30,2.431,47.64,6.856
1033,2024-03-31,,,
1033,2024-04-01,2.362,46.61,6.847
1033,2024-04-02,2.404,47.99,6.786
1033,2024-04-03,2.08,48.73,6.957
1033,2024-04-04,1.955,50.1,6.973
1033,2024-04-05,2.722,48.37,6.607
1033,2024-04-06,2.532,49.98,7.026
1033,2024-04-07,2.281,49.02,7.052
1033,2024-04-08,2.195,49.49,6.919
1033,2024-04-09,2.59,49.83,6.738
1033,2024-04-10,2.368,49.16,6.945
1033,2024-04-11,1.731,51.23,6.901
1033,2024-04-12,2.283,49.43,6.996
1033,2024-04-13,1.995,48.69,6.923
1033,2024-04-14,2.451,49.58,6.644
1033,2024-04-15,1.979,50.72,6.984
1033,2024-04-16,2.317,49.42,7.115
1033,2024-04-17,2.338,48.1,6.808
1033,2024-04-18,1.775,49.02,6.732
1033,2024-04-19,2.501,48.23,6.909
1033,2024-04-20,2.176,48.89,6.838
1033,2024-04-21,2.215,47.44,6.943
1033,2024-04-22,2.242,48.91,6.748
1033,2024-04-23,2.25,49.77,6.657
1033,2024-04-24,2.355,50.74,6.861
1033,2024-04-25,2.432,49.84,6.834
1033,2024-04-26,2.369,49.37,6.788
1033,2024-04-27,2.44,49.63,6.73
1033,2024-04-28,2.527,50.38,6.658
1033,2024-04-29,2.63,50.73,6.574
1033,2024-04-30,2.748,50.74,6.477
1033,2024-05-01,2.882,51.22,6.366
1033,2024-05-02,3.033,51.77,6.243
1033,2024-05-03,3.198,52.37,6.106
1033,2024-05-04,3.38,53.02,5.957
1033,2024-05-05,3.578,53.73,5.795
1033,2024-05-06,3.791,54.5,5.62
1033,2024-05-07,4.02,55.33,5.431
1033,2024-05-08,4.265,56.22,5.23
1033,2024-05-09,4.526,57.16,5.016
1033,2024-05-10,4.802,58.15,4.788
1033,2024-05-11,5.095,59.21,4.548
1033,2024-05-12,5.403,60.32,4.295
1033,2024-05-13,2.339,49.17,6.744
1033,2024-05-14,2.154,49.24,6.808
1033,2024-05-15,2.422,49.52,7.031
1033,2024-05-16,2.111,47.33,7.113
1033,2024-05-17,1.959,48.6,6.948
1033,2024-05-18,2.14,49.51,7.124
1033,2024-05-19,2.209,48.74,6.781
1033,2024-05-20,1.968,47.75,6.849
1033,2024-05-21,1.859,49.18,6.834
1033,2024-05-22,2.273,49.61,7.066
1033,2024-05-23,2.167,48.95,6.656
1033,2024-05-24,2.312,48.33,6.854
1033,2024-05-25,2.408,49.84,6.952
1033,2024-05-26,2.148,48.71,6.921
1033,2024-05-27,2.331,50.46,6.911
1033,2024-05-28,2.288,49.11,6.892
1033,2024-05-29,2.486,48.94,6.775
1033,2024-05-30,2.276,48.99,6.863
1033,2024-05-31,2.319,49.21,6.616
1033,2024-06-01,2.378,49.23,6.777
1033,2024-06-02,2.454,49.4,6.572
1033,2024-06-03,2.547,49.62,6.632
1033,2024-06-04,2.657,49.96,6.539
1033,2024-06-05,2.784,50.17,6.43
1033,2024-06-06,2.927,50.5,6.308
1033,2024-06-07,3.088,50.88,6.171
1033,2024-06-08,3.266,51.29,6.019
1033,2024-06-09,3.46,51.74,5.854
1033,2024-06-10,3.672,52.23,5.673
1033,2024-06-11,3.9,52.76,5.478
1033,2024-06-12,4.145,53.33,5.269
1033,2024-06-13,4.407,53.94,5.046
1033,2024-06-14,4.686,54.59,4.808
1033,2024-06-15,4.982,55.27,4.555
1033,2024-06-16,5.295,56.0,4.288
1033,2024-06-17,5.625,56.76,4.007
1033,2024-06-18,2.097,48.12,6.935
1033,2024-06-19,2.237,50.19,6.907
1033,2024-06-20,2.183,48.25,6.893
1033,2024-06-21,2.205,48.24,6.913
1033,2024-06-22,2.286,50.03,6.639
1033,2024-06-23,2.025,48.46,6.874
1033,2024-06-24,1.878,48.44,7.009
1033,2024-06-25,2.458,48.12,6.85
1033,2024-06-26,2.067,49.53,7.06
1033,2024-06-27,2.66,48.14,6.942
1033,2024-06-28,2.512,47.01,6.722
1033,2024-06-29,2.521,48.87,6.989
1033,2024-06-30,2.1,48.18,7.189
1033,2024-07-01,2.518,49.3,6.944
1033,2024-07-02,2.126,51.36,6.773
1033,2024-07-03,2.118,50.62,6.693
1033,2024-07-04,2.405,48.12,7.101
1033,2024-07-05,2.431,47.21,7.103
1033,2024-07-06,2.166,49.13,6.904
1033,2024-07-07,2.264,49.28,6.983
1033,2024-07-08,2.245,48.31,6.888
1033,2024-07-09,2.183,49.7,6.963
1033,2024-07-10,2.322,49.75,6.993
1033,2024-07-11,2.243,49.36,6.979
1033,2024-07-12,2.149,51.2,7.014
1033,2024-07-13,2.166,48.98,7.035
1033,2024-07-14,1.987,49.04,6.897
1033,2024-07-15,2.141,48.68,6.826
1033,2024-07-16,2.008,48.06,6.944
1033,2024-07-17,2.282,48.02,6.769
1033,2024-07-18,2.256,49.33,7.038
1033,2024-07-19,,,
1033,2024-07-20,2.248,47.21,6.885
1033,2024-07-21,2.195,49.26,6.877
1033,2024-07-22,2.082,49.04,6.71
1033,2024-07-23,2.264,49.53,7.137
1033,2024-07-24,2.35,48.22,6.811
1033,2024-07-25,2.454,49.04,6.95
1033,2024-07-26,2.069,48.15,6.921
1033,2024-07-27,2.242,49.47,6.913
1033,2024-07-28,2.033,49.35,6.876
1033,2024-07-29,2.385,48.75,6.548
1033,2024-07-30,2.031,48.75,6.949
1033,2024-07-31,2.209,49.05,6.819
1033,2024-08-01,2.061,47.52,6.897
1033,2024-08-02,2.282,49.54,6.943
1033,2024-08-03,2.235,48.96,7.11
1033,2024-08-04,2.421,48.18,6.927
1033,2024-08-05,2.342,47.75,6.856
1033,2024-08-06,2.153,47.21,6.684
1033,2024-08-07,2.015,49.64,6.75
1033,2024-08-08,2.42,50.52,6.632
1033,2024-08-09,2.441,49.55,7.018
1033,2024-08-10,2.257,48.81,7.002
1033,2024-08-11,2.675,48.34,7.093
1033,2024-08-12,2.01,48.75,6.9
1033,2024-08-13,2.228,48.74,6.99
1033,2024-08-14,2.45,49.35,6.88
1033,2024-08-15,1.904,48.95,6.687
1033,2024-08-16,2.047,49.03,6.612
1033,2024-08-17,2.535,48.06,7.075
1033,2024-08-18,2.187,48.68,6.899
1033,2024-08-19,2.204,49.72,6.784
1033,2024-08-20,2.147,50.08,6.958
1033,2024-08-21,2.45,48.15,6.683
1033,2024-08-22,2.188,48.36,6.721
1033,2024-08-23,2.257,47.98,6.948
1033,2024-08-24,1.973,49.72,6.854
1033,2024-08-25,2.214,49.3,7.118
1033,2024-08-26,2.314,48.78,6.963
1033,2024-08-27,2.252,50.66,6.996
1033,2024-08-28,2.027,50.7,6.817
1033,2024-08-29,2.34,47.2,6.889
1033,2024-08-30,2.088,48.84,7.231
1033,2024-08-31,2.217,50.27,6.966
1033,2024-09-01,2.229,47.97,6.899
1033,2024-09-02,2.129,47.67,7.183
1033,2024-09-03,2.383,47.57,7.091
1033,2024-09-04,2.576,48.9,6.895
1033,2024-09-05,2.21,49.85,6.875
1033,2024-09-06,2.09,49.96,6.605
1033,2024-09-07,1.963,49.05,6.772
1033,2024-09-08,1.988,51.33,6.967
1033,2024-09-09,2.068,48.19,6.625
1033,2024-09-10,1.912,50.37,6.883
1033,2024-09-11,2.104,49.11,7.292
1033,2024-09-12,2.003,47.15,6.977
1033,2024-09-13,2.496,48.57,7.163
1033,2024-09-14,2.337,48.58,6.905
1033,2024-09-15,1.942,49.1,6.618
1033,2024-09-16,2.211,51.1,6.906
1033,2024-09-17,2.276,48.57,6.903
1033,2024-09-18,2.16,49.57,6.713
1033,2024-09-19,2.18,48.82,7.14
1033,2024-09-20,2.233,48.74,6.799
1033,2024-09-21,2.347,49.8,6.898
1033,2024-09-22,2.569,49.93,6.726
1033,2024-09-23,2.039,48.39,6.939
1033,2024-09-24,2.108,49.4,6.792
1033,2024-09-25,2.008,48.81,6.674
1033,2024-09-26,2.412,48.69,7.054
1033,2024-09-27,2.223,49.18,6.858
1033,2024-09-28,1.847,49.52,7.082
1033,2024-09-29,2.221,48.76,7.024
1033,2024-09-30,2.372,49.31,6.653
1033,2024-10-01,1.899,47.5,7.046
1033,2024-10-02,1.892,49.88,6.79
1033,2024-10-03,2.535,47.68,6.769
1033,2024-10-04,2.459,48.32,7.025
1033,2024-10-05,2.22,50.0,6.779
1033,2024-10-06,,,
1033,2024-10-07,1.885,48.82,6.789
1033,2024-10-08,2.015,48.48,6.88
1033,2024-10-09,1.962,48.04,6.834
1033,2024-10-10,2.259,47.15,6.837
1033,2024-10-11,2.411,48.68,6.969
1033,2024-10-12,2.504,48.77,6.966
1033,2024-10-13,2.289,47.81,6.836
1033,2024-10-14,1.969,49.69,6.948
1033,2024-10-15,2.275,48.72,7.125
1033,2024-10-16,2.157,48.53,6.641
1033,2024-10-17,2.247,46.97,6.748
1033,2024-10-18,2.446,48.97,6.881
1033,2024-10-19,2.298,47.63,6.63
1033,2024-10-20,2.206,47.39,6.862
1033,2024-10-21,2.202,51.1,6.917
1033,2024-10-22,2.025,47.96,6.97
1033,2024-10-23,2.62,49.06,6.857
1033,2024-10-24,2.269,50.76,6.999
1033,2024-10-25,2.734,49.46,7.033
1033,2024-10-26,2.079,47.44,6.897
1033,2024-10-27,2.372,49.87,6.615
1033,2024-10-28,2.256,49.24,6.885
1033,2024-10-29,2.277,47.11,6.896
1033,2024-10-30,2.355,48.44,6.619
1033,2024-10-31,2.465,49.22,6.941
1033,2024-11-01,2.253,48.82,6.922
1033,2024-11-02,2.079,49.17,6.72
1033,2024-11-03,1.871,49.49,6.572
1033,2024-11-04,2.175,47.28,6.986
1033,2024-11-05,2.32,48.88,6.886
1033,2024-11-06,2.322,47.62,6.585
1033,2024-11-07,2.05,47.98,6.718
1033,2024-11-08,1.872,48.84,6.812
1033,2024-11-09,2.317,48.2,7.057
1033,2024-11-10,2.207,48.63,7.083
1033,2024-11-11,2.412,48.08,6.939
1033,2024-11-12,,,
1033,2024-11-13,2.474,50.66,6.905
1033,2024-11-14,2.346,47.9,6.961
1033,2024-11-15,2.348,47.96,6.946
1033,2024-11-16,2.382,49.28,6.769
1033,2024-11-17,2.295,49.5,6.989
1033,2024-11-18,2.231,50.49,6.975
1033,2024-11-19,2.297,48.96,7.101
1033,2024-11-20,2.31,49.92,6.6
1033,2024-11-21,2.215,51.6,6.88
1033,2024-11-22,2.19,49.71,6.904
1033,2024-11-23,1.979,48.19,6.849
1033,2024-11-24,2.275,48.39,6.654
1033,2024-11-25,2.275,48.71,6.753
1033,2024-11-26,1.938,47.61,7.055
1033,2024-11-27,2.067,48.28,7.219
1033,2024-11-28,1.929,48.74,6.943
1033,2024-11-29,1.994,49.07,6.945
1033,2024-11-30,2.117,50.67,6.89
1033,2024-12-01,2.53,48.41,6.559
1033,2024-12-02,2.018,47.36,6.908
1033,2024-12-03,1.947,49.08,6.914
1033,2024-12-04,2.317,50.53,7.061
1033,2024-12-05,2.411,49.28,6.882
1033,2024-12-06,2.271,48.5,6.827
1033,2024-12-07,2.203,48.68,6.936
1033,2024-12-08,2.345,51.21,6.925
1033,2024-12-09,2.438,48.4,6.901
1033,2024-12-10,2.168,48.55,7.118
1033,2024-12-11,2.311,47.48,7.085
1033,2024-12-12,2.346,49.14,6.72
1033,2024-12-13,2.075,49.45,6.896
1033,2024-12-14,2.327,48.8,6.651
1033,2024-12-15,2.271,48.44,6.915
1033,2024-12-16,2.156,49.45,7.01
1033,2024-12-17,2.006,48.8,6.768
1033,2024-12-18,2.3,47.77,7.119
1033,2024-12-19,2.148,50.03,6.857
1033,2024-12-20,2.19,49.57,7.147
1033,2024-12-21,2.215,50.71,6.909
1033,2024-12-22,2.278,50.98,6.846
1033,2024-12-23,2.134,50.32,6.767
1033,2024-12-24,1.885,49.09,6.837
1033,2024-12-25,2.227,50.5,6.778
1033,2024-12-26,1.762,48.1,6.984
1033,2024-12-27,1.811,48.7,6.878
1033,2024-12-28,2.169,48.83,6.712
1033,2024-12-29,2.303,47.23,6.804
1033,2024-12-30,2.33,47.79,6.893
1033,2024-12-31,2.349,47.12,6.866
1033,2025-01-01,2.113,50.25,7.0
1033,2025-01-02,2.754,48.54,7.078
1033,2025-01-03,2.318,49.93,6.697
1033,2025-01-04,2.392,49.41,7.082
1033,2025-01-05,1.889,49.98,6.816
1033,2025-01-06,2.311,50.56,6.707
1033,2025-01-07,2.562,49.3,6.94
1033,2025-01-08,2.547,49.85,6.976
1033,2025-01-09,1.856,48.92,6.863
1033,2025-01-10,2.495,48.1,7.182
1033,2025-01-11,,,
1033,2025-01-12,2.68,48.28,7.053
1033,2025-01-13,2.395,48.75,6.962
1033,2025-01-14,2.202,48.31,7.176
1033,2025-01-15,2.311,49.43,7.212
1033,2025-01-16,2.191,48.67,6.812
1033,2025-01-17,2.44,47.82,6.783
1033,2025-01-18,2.014,48.28,7.053
1033,2025-01-19,2.27,50.36,6.656
1033,2025-01-20,2.333,48.39,6.864
1033,2025-01-21,2.343,48.73,7.154
1033,2025-01-22,2.459,49.25,6.858
1033,2025-01-23,2.627,49.42,6.979
1033,2025-01-24,2.389,48.09,6.745
1033,2025-01-25,1.99,49.4,6.774
1033,2025-01-26,2.219,48.74,6.576
1033,2025-01-27,1.915,48.0,7.117
1033,2025-01-28,2.151,46.85,7.076
1033,2025-01-29,2.132,48.7,6.975
1033,2025-01-30,2.183,48.14,6.815
1033,2025-01-31,1.997,48.03,6.909
1033,2025-02-01,2.198,48.58,6.851
1033,2025-02-02,2.436,48.97,6.732
1033,2025-02-03,2.619,46.99,6.976
1033,2025-02-04,2.344,49.01,6.869
1033,2025-02-05,2.529,47.62,6.646
1033,2025-02-06,2.35,49.53,6.984
1033,2025-02-07,1.945,47.54,6.731
1033,2025-02-08,2.087,50.34,6.788
1033,2025-02-09,2.577,51.11,6.869
1033,2025-02-10,2.321,49.12,6.835
1033,2025-02-11,2.241,48.74,6.883
1033,2025-02-12,2.433,48.5,7.227
1033,2025-02-13,2.272,50.15,6.972
1033,2025-02-14,2.25,49.52,6.926
1033,2025-02-15,2.446,51.11,7.13
1033,2025-02-16,2.288,48.47,6.949
1033,2025-02-17,1.924,48.33,6.901
1033,2025-02-18,2.355,48.9,6.686
1033,2025-02-19,2.129,48.18,6.899
1033,2025-02-20,2.106,50.73,6.935
1033,2025-02-21,2.049,48.65,6.888
1033,2025-02-22,2.191,49.52,6.884
1033,2025-02-23,2.405,48.31,6.896
1033,2025-02-24,2.082,48.05,7.055
1033,2025-02-25,2.414,49.42,6.834
1033,2025-02-26,2.438,47.05,7.041
1033,2025-02-27,2.456,48.91,6.892
1033,2025-02-28,2.251,49.24,6.89
1033,2025-03-01,2.275,49.55,6.885
1033,2025-03-02,2.316,49.17,6.869
1033,2025-03-03,2.551,49.37,6.865
1033,2025-03-04,2.447,49.62,6.694
1033,2025-03-05,2.536,49.93,6.831
1033,2025-03-06,2.643,50.3,6.683
1033,2025-03-07,2.765,50.72,6.784
1033,2025-03-08,2.904,51.2,6.755
1033,2025-03-09,3.059,51.73,6.723
1033,2025-03-10,3.231,52.32,6.688
1033,2025-03-11,,,
1033,2025-03-12,3.623,53.68,6.607
1033,2025-03-13,3.843,54.44,6.561
1033,2025-03-14,4.08,55.26,6.513
1033,2025-03-15,4.333,56.13,6.46
1033,2025-03-16,4.603,57.06,6.405
1033,2025-03-17,4.889,58.05,6.346
1033,2025-03-18,5.191,59.09,6.283
1033,2025-03-19,5.51,60.19,6.217
1033,2025-03-20,2.573,47.15,7.099
1033,2025-03-21,2.537,49.42,7.055
1033,2025-03-22,2.615,49.76,6.938
1033,2025-03-23,2.318,51.09,6.865
1033,2025-03-24,2.49,48.3,6.811
1033,2025-03-25,2.489,48.21,6.802
1033,2025-03-26,2.365,49.79,6.927
1033,2025-03-27,2.005,49.8,6.782
1033,2025-03-28,2.578,49.59,7.105
1033,2025-03-29,2.311,48.7,6.931
1033,2025-03-30,2.272,47.37,7.08
1033,2025-03-31,1.928,47.47,6.737
1033,2025-04-01,2.411,48.83,6.837
1033,2025-04-02,2.329,51.02,6.746
1033,2025-04-03,2.3,48.19,7.142
1033,2025-04-04,2.159,46.41,6.913
1033,2025-04-05,2.133,48.82,6.907
1033,2025-04-06,2.254,49.32,6.918
1033,2025-04-07,2.193,48.85,6.803
1033,2025-04-08,2.146,47.46,7.051
1033,2025-04-09,1.874,47.64,7.04
1033,2025-04-10,1.951,48.93,6.921
1033,2025-04-11,2.19,49.12,6.885
1033,2025-04-12,2.212,49.35,6.817
1033,2025-04-13,1.86,48.16,7.023
1033,2025-04-14,2.397,49.58,6.787
1033,2025-04-15,2.43,48.66,6.806
1033,2025-04-16,2.254,49.16,6.775
1033,2025-04-17,2.106,49.32,6.797
1033,2025-04-18,2.392,48.79,7.096
1033,2025-04-19,2.161,49.34,6.832
1033,2025-04-20,1.757,49.31,6.809
1033,2025-04-21,2.326,48.59,6.895
1033,2025-04-22,,,
1033,2025-04-23,2.283,48.28,6.588
1033,2025-04-24,2.068,48.84,6.78
1033,2025-04-25,2.242,50.91,7.0
1033,2025-04-26,1.919,49.34,6.945
1033,2025-04-27,2.342,50.2,6.96
1033,2025-04-28,2.489,48.01,6.992
1033,2025-04-29,2.287,49.62,6.848
1033,2025-04-30,2.096,48.48,6.565
1033,2025-05-01,2.238,47.78,6.877
1033,2025-05-02,1.944,50.73,7.11
1033,2025-05-03,2.27,48.89,6.821
1033,2025-05-04,2.212,49.56,6.925
1033,2025-05-05,2.466,46.74,6.835
1033,2025-05-06,2.232,48.67,6.773
1033,2025-05-07,2.366,49.88,6.987
1033,2025-05-08,1.943,49.2,6.706
1033,2025-05-09,2.072,49.77,6.945
1033,2025-05-10,2.126,49.77,6.916
1033,2025-05-11,2.544,47.38,7.06
1033,2025-05-12,2.279,48.46,7.124
1033,2025-05-13,2.06,47.59,6.903
1033,2025-05-14,2.108,49.67,6.742
1033,2025-05-15,1.802,48.1,6.851
1033,2025-05-16,2.43,50.49,6.826
1033,2025-05-17,2.53,49.83,6.905
1033,2025-05-18,2.169,51.06,6.774
1033,2025-05-19,2.402,48.07,6.883
1033,2025-05-20,2.13,50.6,6.867
1033,2025-05-21,2.192,48.24,6.881
1033,2025-05-22,2.558,48.67,6.811
1033,2025-05-23,2.194,48.27,6.756
1033,2025-05-24,2.22,49.71,7.038
1033,2025-05-25,2.381,48.84,6.701
1033,2025-05-26,2.504,48.9,6.938
1033,2025-05-27,1.973,49.4,7.049
1033,2025-05-28,2.242,50.24,6.883
1033,2025-05-29,2.262,48.4,6.763
1033,2025-05-30,2.27,49.17,7.13
1033,2025-05-31,2.084,46.76,7.056
1033,2025-06-01,,,
1033,2025-06-02,2.148,49.22,6.83
1033,2025-06-03,2.578,48.86,6.851
1033,2025-06-04,2.373,47.67,6.851
1033,2025-06-05,2.116,49.46,7.068
1033,2025-06-06,2.007,47.95,6.973
1033,2025-06-07,2.183,48.16,6.778
1033,2025-06-08,2.276,48.07,6.711
1033,2025-06-09,2.51,50.83,6.634
1033,2025-06-10,2.4,48.03,7.019
1033,2025-06-11,2.588,47.13,6.835
1033,2025-06-12,2.203,47.87,6.809
1033,2025-06-13,2.159,49.5,6.956
1033,2025-06-14,2.265,49.32,6.884
1033,2025-06-15,2.269,48.61,6.903
1033,2025-06-16,1.973,51.17,7.078
1033,2025-06-17,2.278,47.32,6.884
1033,2025-06-18,,,
1033,2025-06-19,2.354,49.97,6.992
1033,2025-06-20,2.302,48.65,6.994
1033,2025-06-21,2.426,48.54,6.963
1033,2025-06-22,2.067,48.86,6.9
1033,2025-06-23,1.933,47.51,7.254
1033,2025-06-24,2.011,49.03,6.829
1033,2025-06-25,2.441,47.35,7.012
1033,2025-06-26,2.375,47.31,6.969
1033,2025-06-27,2.327,49.38,6.881
1033,2025-06-28,2.236,49.17,7.226
1033,2025-06-29,2.165,47.6,6.812
1033,2025-06-30,2.087,50.06,6.941
1033,2025-07-01,2.108,50.09,7.196
1033,2025-07-02,2.29,48.88,7.031
1033,2025-07-03,2.025,47.94,7.088
1033,2025-07-04,1.903,48.03,6.898
1033,2025-07-05,2.16,49.21,6.985
1033,2025-07-06,2.117,49.21,7.025
1033,2025-07-07,2.095,48.29,7.165
1033,2025-07-08,2.311,46.49,6.845
1033,2025-07-09,2.262,49.48,6.873
1033,2025-07-10,2.223,49.9,6.962
1033,2025-07-11,2.161,49.3,7.034
1033,2025-07-12,2.251,50.74,6.827
1033,2025-07-13,2.12,48.55,7.103
1033,2025-07-14,2.09,50.08,6.678
1033,2025-07-15,2.298,48.39,6.704
1033,2025-07-16,1.999,48.68,6.996
1033,2025-07-17,2.047,48.97,6.657
1033,2025-07-18,2.503,47.74,6.766
1033,2025-07-19,2.223,48.86,7.061
1033,2025-07-20,2.056,46.6,6.846
1033,2025-07-21,2.13,48.17,6.931
1033,2025-07-22,2.449,48.38,7.103
1033,2025-07-23,2.414,48.0,6.774
1033,2025-07-24,1.698,49.14,7.068
1033,2025-07-25,,,
1033,2025-07-26,1.82,48.84,6.782
1033,2025-07-27,2.325,48.77,6.894
1033,2025-07-28,2.324,49.35,7.163
1033,2025-07-29,1.998,48.7,6.746
1033,2025-07-30,2.194,49.27,6.94
1033,2025-07-31,2.215,48.72,6.843
1033,2025-08-01,2.065,49.28,6.768
1033,2025-08-02,2.09,50.69,6.918
1033,2025-08-03,2.176,48.65,6.809
1033,2025-08-04,2.321,48.68,6.881
1033,2025-08-05,,,
1033,2025-08-06,2.308,49.53,6.948
1033,2025-08-07,2.023,48.78,6.926
1033,2025-08-08,2.314,47.54,6.625
1033,2025-08-09,2.095,50.09,6.718
1033,2025-08-10,2.346,48.26,6.745
1033,2025-08-11,2.634,49.06,6.823
1033,2025-08-12,1.977,48.66,6.915
1033,2025-08-13,2.305,51.17,6.698
1033,2025-08-14,2.436,46.94,6.818
1033,2025-08-15,2.323,49.32,6.729
1033,2025-08-16,2.504,48.62,6.92
1033,2025-08-17,2.301,50.51,6.696
1033,2025-08-18,1.951,48.76,6.554
1033,2025-08-19,2.25,49.52,7.036
1033,2025-08-20,2.37,50.71,6.981
1033,2025-08-21,2.454,49.53,7.168
1033,2025-08-22,2.562,51.07,7.048
1033,2025-08-23,2.025,47.46,6.718
1033,2025-08-24,2.606,46.89,7.028
1033,2025-08-25,3.001,48.74,6.939
1033,2025-08-26,2.222,48.58,7.02
1033,2025-08-27,2.029,46.77,7.12
1033,2025-08-28,2.032,49.58,6.535
1033,2025-08-29,2.314,48.64,6.982
1033,2025-08-30,2.556,48.12,6.882
1033,2025-08-31,1.949,50.17,7.148
1033,2025-09-01,2.27,50.64,7.026
1033,2025-09-02,2.55,48.08,6.639
1033,2025-09-03,2.112,50.52,6.69
1033,2025-09-04,2.266,46.98,6.97
1033,2025-09-05,2.117,48.93,6.966
1033,2025-09-06,2.236,49.53,6.888
1033,2025-09-07,2.07,49.73,6.827
1033,2025-09-08,2.253,49.87,6.535
1033,2025-09-09,,,
1033,2025-09-10,2.269,49.43,6.717
1033,2025-09-11,2.16,49.06,7.049
1033,2025-09-12,2.094,48.02,6.799
1033,2025-09-13,2.556,48.59,7.043
1033,2025-09-14,2.639,47.72,6.925
1033,2025-09-15,2.565,50.21,6.963
1033,2025-09-16,2.124,49.63,6.933
1033,2025-09-17,2.227,49.36,6.779
1033,2025-09-18,2.276,46.83,6.982
1033,2025-09-19,2.264,48.19,6.903
1033,2025-09-20,2.124,47.58,7.055
1033,2025-09-21,2.148,49.13,6.916
1033,2025-09-22,2.2,47.88,7.103
1033,2025-09-23,,,
1033,2025-09-24,2.307,50.38,6.935
1033,2025-09-25,2.458,48.49,7.007
1033,2025-09-26,2.036,48.49,6.569
1033,2025-09-27,2.136,49.11,6.916
1033,2025-09-28,2.006,49.99,6.949
1033,2025-09-29,2.435,49.35,6.936
1033,2025-09-30,2.628,47.97,7.021
1033,2025-10-01,1.99,47.22,6.753
1033,2025-10-02,2.261,47.07,6.838
1033,2025-10-03,2.072,46.46,6.894
1033,2025-10-04,2.406,51.47,6.731
1033,2025-10-05,2.0,48.31,6.886
1033,2025-10-06,2.289,49.79,6.927
1033,2025-10-07,2.532,49.7,6.763
1033,2025-10-08,2.465,50.3,6.983
1033,2025-10-09,2.259,49.09,6.618
1033,2025-10-10,2.294,49.47,6.74
1033,2025-10-11,2.169,46.32,6.893
1033,2025-10-12,2.32,51.94,7.078
1033,2025-10-13,2.603,50.86,6.667
1033,2025-10-14,2.428,49.46,6.997
1033,2025-10-15,2.599,50.16,6.81
1033,2025-10-16,2.224,48.52,6.957
1033,2025-10-17,2.546,49.41,6.477
1033,2025-10-18,2.042,50.7,7.153
1033,2025-10-19,1.982,50.28,6.998
1033,2025-10-20,2.587,48.45,7.147
1033,2025-10-21,2.045,48.68,7.054
1033,2025-10-22,1.922,49.45,6.733
1033,2025-10-23,2.018,48.14,6.975
1033,2025-10-24,2.418,48.44,6.915
1033,2025-10-25,2.259,49.51,6.608
1033,2025-10-26,2.232,47.88,6.974
1033,2025-10-27,2.443,49.29,6.761
1033,2025-10-28,1.997,48.97,7.219
1033,2025-10-29,2.212,49.0,6.704
1033,2025-10-30,1.805,48.46,7.19
1033,2025-10-31,1.968,48.39,6.56
1033,2025-11-01,2.07,47.91,6.886
1033,2025-11-02,2.336,50.42,6.881
1033,2025-11-03,2.235,47.9,6.926
1033,2025-11-04,2.042,49.81,6.885
1033,2025-11-05,2.21,47.68,6.772
1033,2025-11-06,2.217,50.6,6.708
1033,2025-11-07,2.065,48.4,6.949
1033,2025-11-08,2.117,49.91,6.807
1033,2025-11-09,2.257,47.4,6.905
1033,2025-11-10,1.918,47.0,6.869
1033,2025-11-11,2.291,48.64,6.819
1033,2025-11-12,2.055,48.24,6.972
1033,2025-11-13,2.542,48.73,6.669
1033,2025-11-14,2.002,48.36,7.158
1033,2025-11-15,2.137,49.67,6.954
1033,2025-11-16,2.276,49.46,6.787
1033,2025-11-17,2.277,51.05,6.972
1033,2025-11-18,2.766,48.22,6.834
1033,2025-11-19,2.066,48.22,7.128
1033,2025-11-20,2.126,48.37,6.761
1033,2025-11-21,2.282,50.3,6.983
1033,2025-11-22,2.245,49.82,6.814
1033,2025-11-23,2.637,49.14,7.104
1033,2025-11-24,2.076,48.67,6.826
1033,2025-11-25,2.382,48.33,6.891
1033,2025-11-26,2.745,48.27,6.651
1033,2025-11-27,2.54,50.13,6.777
1033,2025-11-28,2.112,49.08,6.925
1033,2025-11-29,2.397,47.83,6.933
1033,2025-11-30,2.309,48.58,6.94
1033,2025-12-01,2.173,50.02,7.069
1033,2025-12-02,2.417,49.51,7.074
1033,2025-12-03,2.21,50.65,6.777
1033,2025-12-04,1.76,49.7,7.031
1033,2025-12-05,2.268,48.92,7.025
1033,2025-12-06,2.057,49.23,7.033
1033,2025-12-07,2.274,47.92,6.898
1033,2025-12-08,2.338,49.9,6.802
1033,2025-12-09,2.518,49.51,6.945
1033,2025-12-10,2.283,47.95,6.709
1033,2025-12-11,2.082,48.98,6.832
1033,2025-12-12,2.03,49.98,7.014
1033,2025-12-13,2.12,50.28,6.637
1033,2025-12-14,2.292,47.69,7.012
1033,2025-12-15,2.51,48.41,7.064
1033,2025-12-16,2.511,48.18,7.145
1033,2025-12-17,1.812,49.08,6.813
1033,2025-12-18,2.513,49.88,6.549
1033,2025-12-19,2.204,48.67,7.122
1033,2025-12-20,2.048,48.64,6.974
1033,2025-12-21,2.277,49.97,6.955
1033,2025-12-22,2.306,48.95,6.722
1033,2025-12-23,2.168,47.76,7.106
1033,2025-12-24,2.205,48.72,6.968
1033,2025-12-25,2.21,47.96,6.78
1033,2025-12-26,1.923,49.72,6.844
1033,2025-12-27,,,
1033,2025-12-28,1.739,49.16,6.736
1033,2025-12-29,2.291,48.97,7.044
1033,2025-12-30,2.155,50.87,6.824
1033,2025-12-31,2.543,48.48,6.783
1034,2024-01-01,2.264,42.31,5.697
1034,2024-01-02,2.415,42.79,5.366
1034,2024-01-03,1.901,40.97,5.363
1034,2024-01-04,2.119,43.69,5.466
1034,2024-01-05,2.32,44.36,5.521
1034,2024-01-06,,,
1034,2024-01-07,2.242,41.3,5.767
1034,2024-01-08,1.889,43.3,5.469
1034,2024-01-09,2.276,42.77,5.588
1034,2024-01-10,2.504,43.35,5.413
1034,2024-01-11,2.145,43.23,5.502
1034,2024-01-12,2.584,41.52,5.417
1034,2024-01-13,2.198,43.55,5.43
1034,2024-01-14,2.493,41.69,5.421
1034,2024-01-15,2.26,40.83,5.48
1034,2024-01-16,2.172,43.18,5.463
1034,2024-01-17,2.525,41.5,5.433
1034,2024-01-18,2.043,45.1,5.408
1034,2024-01-19,2.366,42.01,5.622
1034,2024-01-20,2.47,41.49,5.596
1034,2024-01-21,2.2,41.95,5.443
1034,2024-01-22,2.093,41.01,5.414
1034,2024-01-23,2.134,40.67,5.433
1034,2024-01-24,2.308,42.74,5.303
1034,2024-01-25,2.704,43.02,5.382
1034,2024-01-26,2.407,42.84,5.489
1034,2024-01-27,2.291,41.6,5.357
1034,2024-01-28,2.218,42.32,5.622
1034,2024-01-29,2.379,42.21,5.381
1034,2024-01-30,2.083,42.82,5.237
1034,2024-01-31,,,
1034,2024-02-01,2.024,42.78,5.54
1034,2024-02-02,2.298,42.04,5.411
1034,2024-02-03,2.093,42.36,5.421
1034,2024-02-04,2.259,42.86,5.808
1034,2024-02-05,2.354,42.24,5.536
1034,2024-02-06,2.156,42.42,5.547
1034,2024-02-07,2.044,41.93,5.169
1034,2024-02-08,2.071,41.79,5.481
1034,2024-02-09,2.324,41.81,5.628
1034,2024-02-10,1.934,41.72,5.352
1034,2024-02-11,1.868,43.32,5.642
1034,2024-02-12,1.777,42.79,5.254
1034,2024-02-13,2.012,43.24,5.542
1034,2024-02-14,2.117,42.74,5.505
1034,2024-02-15,2.292,43.12,5.454
1034,2024-02-16,2.698,43.35,5.741
1034,2024-02-17,2.32,44.34,5.75
1034,2024-02-18,2.188,42.09,5.436
1034,2024-02-19,2.056,43.4,5.473
1034,2024-02-20,2.122,42.39,5.667
1034,2024-02-21,1.984,41.67,5.509
1034,2024-02-22,2.241,43.9,5.842
1034,2024-02-23,2.145,44.28,5.456
1034,2024-02-24,1.974,43.09,5.565
1034,2024-02-25,2.39,44.26,5.34
1034,2024-02-26,2.09,42.24,5.309
1034,2024-02-27,2.43,44.16,5.576
1034,2024-02-28,2.122,42.6,5.521
1034,2024-02-29,2.188,41.43,5.674
1034,2024-03-01,1.846,42.47,5.642
1034,2024-03-02,2.243,42.97,5.622
1034,2024-03-03,2.101,41.17,5.641
1034,2024-03-04,2.071,42.2,5.585
1034,2024-03-05,2.193,42.97,5.442
1034,2024-03-06,2.173,42.66,5.377
1034,2024-03-07,2.095,42.05,5.815
1034,2024-03-08,1.751,42.65,5.528
1034,2024-03-09,2.128,42.42,5.508
1034,2024-03-10,2.166,41.79,5.266
1034,2024-03-11,2.195,43.77,5.459
1034,2024-03-12,2.37,45.32,5.174
1034,2024-03-13,1.852,41.02,5.445
1034,2024-03-14,2.294,41.95,5.324
1034,2024-03-15,2.704,43.08,5.36
1034,2024-03-16,2.185,42.54,5.516
1034,2024-03-17,2.259,42.57,5.25
1034,2024-03-18,2.222,43.64,5.479
1034,2024-03-19,2.437,43.85,5.433
1034,2024-03-20,2.444,43.06,5.368
1034,2024-03-21,2.418,43.35,5.285
1034,2024-03-22,2.521,43.71,5.184
1034,2024-03-23,2.643,44.14,5.064
1034,2024-03-24,2.783,44.63,4.926
1034,2024-03-25,2.941,45.18,4.769
1034,2024-03-26,3.119,45.8,4.594
1034,2024-03-27,3.315,46.49,4.4
1034,2024-03-28,3.53,47.24,4.188
1034,2024-03-29,3.764,48.05,3.957
1034,2024-03-30,4.016,48.93,3.708
1034,2024-03-31,4.287,49.88,3.441
1034,2024-04-01,4.576,50.89,3.155
1034,2024-04-02,4.884,51.97,2.851
1034,2024-04-03,5.211,53.11,2.528
1034,2024-04-04,5.557,54.32,2.187
1034,2024-04-05,5.921,55.59,1.827
1034,2024-04-06,2.183,41.62,5.399
1034,2024-04-07,2.39,42.45,5.535
1034,2024-04-08,2.288,40.4,5.449
1034,2024-04-09,1.921,42.75,5.562
1034,2024-04-10,2.026,42.4,5.477
1034,2024-04-11,,,
1034,2024-04-12,2.078,42.0,5.439
1034,2024-04-13,2.043,43.91,5.589
1034,2024-04-14,2.315,43.58,5.511
1034,2024-04-15,2.269,41.42,5.477
1034,2024-04-16,,,
1034,2024-04-17,,,
1034,2024-04-18,1.895,45.1,5.58
1034,2024-04-19,1.963,43.34,5.667
1034,2024-04-20,1.984,41.49,5.552
1034,2024-04-21,2.274,42.12,5.414
1034,2024-04-22,2.31,43.85,5.561
1034,2024-04-23,1.984,40.04,5.262
1034,2024-04-24,2.008,41.7,5.15
1034,2024-04-25,2.086,43.67,5.388
1034,2024-04-26,2.468,42.68,5.596
1034,2024-04-27,2.226,44.31,5.599
1034,2024-04-28,2.558,41.8,5.353
1034,2024-04-29,1.653,40.71,5.236
1034,2024-04-30,2.359,43.31,5.472
1034,2024-05-01,2.428,42.19,5.621
1034,2024-05-02,2.109,42.69,5.694
1034,2024-05-03,2.052,42.12,5.424
1034,2024-05-04,2.139,44.06,5.405
1034,2024-05-05,2.137,42.13,5.595
1034,2024-05-06,2.222,41.84,5.724
1034,2024-05-07,2.028,40.83,5.5
1034,2024-05-08,2.248,42.48,5.557
1034,2024-05-09,2.499,42.7,5.605
1034,2024-05-10,2.341,42.15,5.568
1034,2024-05-11,2.115,43.51,5.273
1034,2024-05-12,2.316,42.83,5.315
1034,2024-05-13,2.014,41.98,5.57
1034,2024-05-14,2.544,41.92,5.382
1034,2024-05-15,2.079,43.54,5.732
1034,2024-05-16,2.04,43.08,5.649
1034,2024-05-17,2.256,43.35,5.474
1034,2024-05-18,2.289,43.66,5.403
1034,2024-05-19,2.248,43.87,5.41
1034,2024-05-20,2.162,41.42,5.989
1034,2024-05-21,2.089,41.59,5.599
1034,2024-05-22,2.007,42.8,5.64
1034,2024-05-23,2.308,43.64,5.257
1034,2024-05-24,2.455,42.07,5.651
1034,2024-05-25,2.041,43.56,5.638
1034,2024-05-26,2.339,41.52,5.678
1034,2024-05-27,2.051,42.42,5.487
1034,2024-05-28,1.957,42.0,5.527
1034,2024-05-29,2.41,43.1,5.427
1034,2024-05-30,2.01,42.4,5.537
1034,2024-05-31,2.517,41.53,5.493
1034,2024-06-01,1.948,42.58,5.462
1034,2024-06-02,2.259,41.84,5.447
1034,2024-06-03,2.305,42.22,5.653
1034,2024-06-04,2.292,42.9,5.504
1034,2024-06-05,1.994,41.66,5.33
1034,2024-06-06,2.122,43.34,5.312
1034,2024-06-07,1.968,42.59,5.514
1034,2024-06-08,1.861,42.07,5.767
1034,2024-06-09,1.982,42.68,5.304
1034,2024-06-10,2.509,45.34,5.678
1034,2024-06-11,2.044,40.21,5.465
1034,2024-06-12,1.931,42.53,5.654
1034,2024-06-13,2.083,44.16,5.382
1034,2024-06-14,2.272,41.45,5.523
1034,2024-06-15,2.098,41.99,5.055
1034,2024-06-16,2.292,44.52,5.463
1034,2024-06-17,2.507,41.89,5.199
1034,2024-06-18,2.204,42.4,5.624
1034,2024-06-19,2.142,43.33,5.643
1034,2024-06-20,2.247,42.93,5.521
1034,2024-06-21,2.376,41.89,5.5
1034,2024-06-22,2.355,43.96,5.403
1034,2024-06-23,2.326,42.45,5.661
1034,2024-06-24,2.279,41.31,5.433
1034,2024-06-25,,,
1034,2024-06-26,,,
1034,2024-06-27,2.185,44.29,5.331
1034,2024-06-28,2.227,41.94,5.829
1034,2024-06-29,2.253,42.24,5.667
1034,2024-06-30,2.194,41.31,5.84
1034,2024-07-01,2.452,41.74,5.648
1034,2024-07-02,2.218,41.92,5.625
1034,2024-07-03,1.866,42.07,5.408
1034,2024-07-04,2.105,42.4,5.208
1034,2024-07-05,2.181,42.01,5.567
1034,2024-07-06,2.492,42.01,5.696
1034,2024-07-07,1.996,42.03,5.099
1034,2024-07-08,2.262,42.07,5.622
1034,2024-07-09,2.491,41.41,5.354
1034,2024-07-10,2.263,41.52,5.687
1034,2024-07-11,2.163,43.22,5.495
1034,2024-07-12,2.135,42.77,5.428
1034,2024-07-13,1.933,41.59,5.412
1034,2024-07-14,2.573,41.72,5.519
1034,2024-07-15,2.059,42.88,5.591
1034,2024-07-16,1.929,42.02,5.25
1034,2024-07-17,2.101,42.21,5.721
1034,2024-07-18,1.626,43.65,5.416
1034,2024-07-19,2.275,42.25,5.504
1034,2024-07-20,2.061,41.52,5.638
1034,2024-07-21,2.19,42.44,5.548
1034,2024-07-22,2.149,41.78,5.916
1034,2024-07-23,1.943,40.86,5.564
1034,2024-07-24,2.523,43.83,5.465
1034,2024-07-25,1.941,41.0,5.469
1034,2024-07-26,2.231,42.07,5.622
1034,2024-07-27,2.147,44.39,5.097
1034,2024-07-28,2.281,43.62,5.581
1034,2024-07-29,2.196,42.6,5.695
1034,2024-07-30,2.312,43.95,5.606
1034,2024-07-31,1.677,43.59,5.708
1034,2024-08-01,2.163,44.05,5.132
1034,2024-08-02,2.363,42.42,5.355
1034,2024-08-03,2.215,42.67,5.451
1034,2024-08-04,1.898,44.76,5.627
1034,2024-08-05,2.221,41.06,5.435
1034,2024-08-06,2.025,43.74,5.556
1034,2024-08-07,2.174,42.46,5.43
1034,2024-08-08,2.597,41.67,5.521
1034,2024-08-09,2.452,42.56,5.34
1034,2024-08-10,2.231,41.94,5.345
1034,2024-08-11,,,
1034,2024-08-12,1.927,43.02,5.622
1034,2024-08-13,2.327,42.69,5.491
1034,2024-08-14,1.883,41.88,5.552
1034,2024-08-15,2.236,43.73,5.439
1034,2024-08-16,2.158,42.77,5.609
1034,2024-08-17,2.027,44.66,5.622
1034,2024-08-18,2.351,41.59,5.527
1034,2024-08-19,2.167,43.19,5.209
1034,2024-08-20,2.174,40.49,5.444
1034,2024-08-21,2.076,43.3,5.552
1034,2024-08-22,1.893,42.82,5.801
1034,2024-08-23,2.239,43.9,5.67
1034,2024-08-24,1.84,41.6,5.718
1034,2024-08-25,2.369,43.67,5.53
1034,2024-08-26,2.155,43.46,5.472
1034,2024-08-27,2.288,41.4,5.409
1034,2024-08-28,2.266,42.03,5.442
1034,2024-08-29,2.017,42.4,5.35
1034,2024-08-30,2.197,41.25,5.467
1034,2024-08-31,2.021,41.37,5.132
1034,2024-09-01,2.32,44.06,5.596
1034,2024-09-02,2.303,42.39,5.336
1034,2024-09-03,1.996,42.36,5.699
1034,2024-09-04,,,
1034,2024-09-05,2.36,43.56,5.362
1034,2024-09-06,2.34,42.91,5.435
1034,2024-09-07,2.146,43.29,5.307
1034,2024-09-08,1.943,41.66,5.776
1034,2024-09-09,2.336,40.26,5.515
1034,2024-09-10,1.961,42.8,5.547
1034,2024-09-11,2.192,43.24,5.337
1034,2024-09-12,2.23,44.88,5.478
1034,2024-09-13,2.36,41.8,5.707
1034,2024-09-14,2.205,41.89,5.647
1034,2024-09-15,2.035,41.56,5.458
1034,2024-09-16,1.942,44.96,5.393
1034,2024-09-17,2.135,42.15,5.598
1034,2024-09-18,2.145,43.03,5.886
1034,2024-09-19,2.222,42.02,5.446
1034,2024-09-20,2.161,41.14,5.748
1034,2024-09-21,2.319,41.33,5.126
1034,2024-09-22,1.979,42.83,5.637
1034,2024-09-23,2.171,42.76,5.745
1034,2024-09-24,2.59,42.7,5.539
1034,2024-09-25,2.446,43.32,5.46
1034,2024-09-26,2.057,42.8,5.543
1034,2024-09-27,1.775,42.62,5.407
1034,2024-09-28,2.387,43.66,5.588
1034,2024-09-29,2.323,43.04,5.413
1034,2024-09-30,2.018,41.66,5.514
1034,2024-10-01,2.471,40.68,5.433
1034,2024-10-02,2.542,43.89,5.662
1034,2024-10-03,2.19,42.77,5.662
1034,2024-10-04,2.034,43.72,5.398
1034,2024-10-05,2.443,42.41,5.374
1034,2024-10-06,2.276,42.76,5.103
1034,2024-10-07,2.5,41.6,5.633
1034,2024-10-08,2.272,44.75,5.41
1034,2024-10-09,2.427,42.54,5.471
1034,2024-10-10,2.329,42.58,5.495
1034,2024-10-11,2.499,42.7,5.3
1034,2024-10-12,2.308,42.91,5.499
1034,2024-10-13,2.403,43.49,5.486
1034,2024-10-14,2.526,43.56,5.47
1034,2024-10-15,2.676,44.01,5.449
1034,2024-10-16,2.854,44.54,5.425
1034,2024-10-17,3.059,45.15,5.397
1034,2024-10-18,3.291,45.84,5.366
1034,2024-10-19,3.55,46.62,5.331
1034,2024-10-20,3.837,47.47,5.292
1034,2024-10-21,4.151,48.41,5.25
1034,2024-10-22,4.493,49.43,5.203
1034,2024-10-23,4.862,50.53,5.153
1034,2024-10-24,5.258,51.72,5.1
1034,2024-10-25,5.681,52.98,5.043
1034,2024-10-26,6.132,54.33,4.982
1034,2024-10-27,6.61,55.75,4.917
1034,2024-10-28,7.115,57.26,4.848
1034,2024-10-29,7.647,58.85,4.776
1034,2024-10-30,2.074,42.79,5.453
1034,2024-10-31,2.329,42.37,5.449
1034,2024-11-01,2.063,43.32,5.163
1034,2024-11-02,2.586,41.91,5.485
1034,2024-11-03,2.52,43.66,5.369
1034,2024-11-04,,,
1034,2024-11-05,2.099,43.75,5.331
1034,2024-11-06,1.927,41.98,5.586
1034,2024-11-07,2.087,42.92,5.692
1034,2024-11-08,2.167,43.35,5.637
1034,2024-11-09,1.999,41.37,5.337
1034,2024-11-10,2.215,43.19,5.568
1034,2024-11-11,1.964,43.72,5.538
1034,2024-11-12,2.101,41.77,5.344
1034,2024-11-13,1.936,42.45,5.363
1034,2024-11-14,2.032,40.92,5.397
1034,2024-11-15,2.254,43.18,5.58
1034,2024-11-16,2.054,42.61,5.552
1034,2024-11-17,2.301,42.21,5.543
1034,2024-11-18,,,
1034,2024-11-19,2.225,42.41,5.538
1034,2024-11-20,2.208,43.8,5.308
1034,2024-11-21,1.965,40.86,5.417
1034,2024-11-22,2.218,41.34,5.564
1034,2024-11-23,2.277,43.41,5.568
1034,2024-11-24,1.886,43.68,5.345
1034,2024-11-25,1.949,40.17,5.52
1034,2024-11-26,2.361,42.78,5.438
1034,2024-11-27,2.455,42.63,5.587
1034,2024-11-28,2.122,44.38,5.35
1034,2024-11-29,2.336,42.88,5.463
1034,2024-11-30,1.892,41.98,5.836
1034,2024-12-01,2.172,41.82,5.434
1034,2024-12-02,2.234,41.93,5.686
1034,2024-12-03,2.13,41.31,5.419
1034,2024-12-04,1.97,42.17,5.515
1034,2024-12-05,2.348,40.73,5.426
1034,2024-12-06,1.708,42.67,5.751
1034,2024-12-07,2.358,42.64,5.566
1034,2024-12-08,2.12,41.18,5.597
1034,2024-12-09,2.218,42.61,5.22
1034,2024-12-10,2.261,44.43,5.358
1034,2024-12-11,2.185,42.61,5.35
1034,2024-12-12,2.351,42.58,5.514
1034,2024-12-13,2.219,45.35,5.322
1034,2024-12-14,2.261,43.13,5.502
1034,2024-12-15,2.32,43.01,5.425
1034,2024-12-16,2.396,43.27,5.422
1034,2024-12-17,2.489,43.6,5.462
1034,2024-12-18,2.599,43.98,5.443
1034,2024-12-19,2.726,44.42,5.42
1034,2024-12-20,2.87,44.92,5.395
1034,2024-12-21,3.03,45.47,5.366
1034,2024-12-22,3.208,46.09,5.335
1034,2024-12-23,3.402,46.76,5.301
1034,2024-12-24,3.614,47.5,5.263
1034,2024-12-25,3.842,48.29,5.223
1034,2024-12-26,4.087,49.14,5.18
1034,2024-12-27,4.349,50.05,5.133
1034,2024-12-28,4.628,51.02,5.084
1034,2024-12-29,4.924,52.04,5.032
1034,2024-12-30,5.237,53.13,4.977
1034,2024-12-31,5.567,54.27,4.918
1034,2025-01-01,2.249,42.47,5.573
1034,2025-01-02,2.143,44.03,5.744
1034,2025-01-03,1.94,41.74,5.647
1034,2025-01-04,2.219,41.32,5.699
1034,2025-01-05,2.381,43.86,5.29
1034,2025-01-06,2.024,43.15,5.737
1034,2025-01-07,2.34,41.7,5.564
1034,2025-01-08,2.244,44.65,5.545
1034,2025-01-09,2.267,45.6,5.433
1034,2025-01-10,2.221,42.17,5.492
1034,2025-01-11,2.3,41.52,5.55
1034,2025-01-12,2.429,43.23,5.321
1034,2025-01-13,1.888,43.42,5.825
1034,2025-01-14,2.108,42.25,5.548
1034,2025-01-15,2.317,41.33,5.499
1034,2025-01-16,2.313,41.63,5.226
1034,2025-01-17,2.247,41.4,5.274
1034,2025-01-18,2.242,43.11,5.701
1034,2025-01-19,2.605,41.34,5.359
1034,2025-01-20,2.319,41.37,5.593
1034,2025-01-21,2.036,42.32,5.509
1034,2025-01-22,2.114,42.16,5.615
1034,2025-01-23,2.141,41.37,5.737
1034,2025-01-24,2.416,41.85,5.506
1034,2025-01-25,1.861,40.99,5.748
1034,2025-01-26,2.126,43.17,5.493
1034,2025-01-27,2.655,43.55,5.688
1034,2025-01-28,2.3,42.82,5.461
1034,2025-01-29,1.932,44.54,5.522
1034,2025-01-30,1.909,41.8,5.338
1034,2025-01-31,2.136,42.68,5.521
1034,2025-02-01,2.342,42.68,5.282
1034,2025-02-02,2.547,40.35,5.451
1034,2025-02-03,2.38,41.23,5.388
1034,2025-02-04,2.34,42.24,5.504
1034,2025-02-05,2.001,42.2,5.578
1034,2025-02-06,2.175,42.26,5.673
1034,2025-02-07,2.209,42.25,5.827
1034,2025-02-08,1.987,43.72,5.4
1034,2025-02-09,2.346,41.42,5.475
1034,2025-02-10,1.857,42.42,5.568
1034,2025-02-11,2.037,42.44,5.388
1034,2025-02-12,1.922,44.01,5.685
1034,2025-02-13,2.393,42.54,5.377
1034,2025-02-14,2.202,42.58,5.514
1034,2025-02-15,2.457,42.7,5.51
1034,2025-02-16,2.511,42.9,5.487
1034,2025-02-17,2.467,43.18,5.493
1034,2025-02-18,2.626,43.75,5.355
1034,2025-02-19,2.82,43.98,5.464
1034,2025-02-20,3.049,44.5,5.445
1034,2025-02-21,3.314,45.1,5.423
1034,2025-02-22,3.613,45.78,5.399
1034,2025-02-23,3.948,46.54,5.371
1034,2025-02-24,4.319,47.38,5.341
1034,2025-02-25,4.724,48.3,5.308
1034,2025-02-26,5.165,49.3,5.271
1034,2025-02-27,5.641,50.38,5.232
1034,2025-02-28,6.153,51.54,5.191
1034,2025-03-01,6.7,52.78,5.146
1034,2025-03-02,7.282,54.1,5.098
1034,2025-03-03,7.899,55.5,5.047
1034,2025-03-04,8.551,56.98,4.994
1034,2025-03-05,9.239,58.54,4.937
1034,2025-03-06,2.04,42.64,5.492
1034,2025-03-07,2.346,42.89,5.509
1034,2025-03-08,2.103,44.03,5.671
1034,2025-03-09,,,
1034,2025-03-10,2.173,44.35,5.534
1034,2025-03-11,2.264,41.95,5.589
1034,2025-03-12,2.549,44.29,5.638
1034,2025-03-13,1.898,43.88,5.449
1034,2025-03-14,1.733,42.36,5.548
1034,2025-03-15,1.811,43.49,5.472
1034,2025-03-16,2.312,42.34,5.336
1034,2025-03-17,1.987,41.53,5.479
1034,2025-03-18,1.959,41.25,5.536
1034,2025-03-19,2.231,43.87,5.51
1034,2025-03-20,1.848,41.85,5.432
1034,2025-03-21,2.158,43.4,5.476
1034,2025-03-22,2.362,44.21,5.575
1034,2025-03-23,,,
1034,2025-03-24,2.007,43.24,5.4
1034,2025-03-25,2.428,42.43,5.639
1034,2025-03-26,2.126,41.91,5.795
1034,2025-03-27,2.075,42.46,5.537
1034,2025-03-28,1.974,43.42,5.432
1034,2025-03-29,2.204,43.41,5.594
1034,2025-03-30,2.486,41.87,5.376
1034,2025-03-31,2.298,43.88,5.428
1034,2025-04-01,2.088,42.04,5.267
1034,2025-04-02,,,
1034,2025-04-03,1.988,42.88,5.546
1034,2025-04-04,2.158,41.77,5.542
1034,2025-04-05,2.391,43.32,5.587
1034,2025-04-06,2.6,42.83,5.709
1034,2025-04-07,2.154,41.57,5.623
1034,2025-04-08,2.522,42.64,5.436
1034,2025-04-09,2.378,40.72,5.461
1034,2025-04-10,2.21,42.53,5.754
1034,2025-04-11,2.134,43.45,5.404
1034,2025-04-12,2.294,42.78,5.717
1034,2025-04-13,2.268,40.42,5.402
1034,2025-04-14,2.125,40.74,5.507
1034,2025-04-15,,,
1034,2025-04-16,2.42,44.5,5.502
1034,2025-04-17,2.287,43.34,5.577
1034,2025-04-18,2.224,41.18,5.582
1034,2025-04-19,2.376,43.38,5.529
1034,2025-04-20,1.999,41.73,5.491
1034,2025-04-21,2.011,43.85,5.269
1034,2025-04-22,2.326,43.6,5.486
1034,2025-04-23,1.934,43.26,5.579
1034,2025-04-24,2.185,43.17,5.516
1034,2025-04-25,2.201,42.58,5.514
1034,2025-04-26,,,
1034,2025-04-27,2.327,42.92,5.496
1034,2025-04-28,2.626,43.22,5.221
1034,2025-04-29,2.579,43.6,5.285
1034,2025-04-30,,,
1034,2025-05-01,2.957,44.62,5.347
1034,2025-05-02,3.193,45.25,5.378
1034,2025-05-03,3.461,45.97,5.341
1034,2025-05-04,3.76,46.78,5.301
1034,2025-05-05,4.091,47.67,5.255
1034,2025-05-06,4.453,48.65,5.206
1034,2025-05-07,4.847,49.71,5.152
1034,2025-05-08,5.272,50.85,5.094
1034,2025-05-09,5.729,52.08,5.031
1034,2025-05-10,6.218,53.4,4.965
1034,2025-05-11,6.738,54.79,4.894
1034,2025-05-12,7.289,56.28,4.818
1034,2025-05-13,7.872,57.85,4.739
1034,2025-05-14,8.486,59.5,4.655
1034,2025-05-15,2.197,42.53,5.627
1034,2025-05-16,2.27,41.94,5.852
1034,2025-05-17,2.221,41.13,5.818
1034,2025-05-18,2.195,43.66,5.567
1034,2025-05-19,1.839,42.68,5.522
1034,2025-05-20,2.262,43.98,5.572
1034,2025-05-21,1.826,43.64,5.744
1034,2025-05-22,2.34,41.78,5.333
1034,2025-05-23,2.456,42.92,5.605
1034,2025-05-24,2.26,42.32,5.599
1034,2025-05-25,1.947,40.69,5.332
1034,2025-05-26,2.491,41.34,5.241
1034,2025-05-27,2.013,42.76,5.393
1034,2025-05-28,2.119,43.32,5.768
1034,2025-05-29,1.99,43.83,5.524
1034,2025-05-30,2.173,42.64,5.242
1034,2025-05-31,,,
1034,2025-06-01,2.185,42.54,5.349
1034,2025-06-02,2.354,42.74,5.513
1034,2025-06-03,2.395,42.66,5.34
1034,2025-06-04,2.303,42.82,5.367
1034,2025-06-05,2.316,43.04,5.477
1034,2025-06-06,2.389,43.32,5.203
1034,2025-06-07,2.479,43.66,5.33
1034,2025-06-08,2.585,44.06,5.397
1034,2025-06-09,2.708,44.53,5.361
1034,2025-06-10,2.847,45.05,5.319
1034,2025-06-11,3.002,45.64,5.273
1034,2025-06-12,3.174,46.3,5.222
1034,2025-06-13,3.362,47.01,5.167
1034,2025-06-14,3.566,47.79,5.106
1034,2025-06-15,3.787,48.63,5.04
1034,2025-06-16,4.024,49.53,4.97
1034,2025-06-17,4.277,50.49,4.895
1034,2025-06-18,4.547,51.52,4.815
1034,2025-06-19,4.833,52.6,4.73
1034,2025-06-20,5.135,53.75,4.64
1034,2025-06-21,5.454,54.96,4.546
1034,2025-06-22,2.195,42.88,5.484
1034,2025-06-23,2.307,42.89,5.455
1034,2025-06-24,2.278,43.25,5.429
1034,2025-06-25,2.347,43.88,5.361
1034,2025-06-26,2.439,43.03,5.194
1034,2025-06-27,2.55,43.28,5.167
1034,2025-06-28,2.682,43.5,5.041
1034,2025-06-29,2.834,43.8,4.896
1034,2025-06-30,3.007,44.13,4.731
1034,2025-07-01,3.2,44.51,4.547
1034,2025-07-02,3.413,44.92,4.344
1034,2025-07-03,3.646,45.37,4.121
1034,2025-07-04,3.9,45.87,3.879
1034,2025-07-05,4.174,46.4,3.618
1034,2025-07-06,4.468,46.97,3.337
1034,2025-07-07,4.783,47.58,3.037
1034,2025-07-08,5.118,48.23,2.717
1034,2025-07-09,5.473,48.92,2.378
1034,2025-07-10,5.849,49.65,2.02
1034,2025-07-11,6.245,50.42,1.642
1034,2025-07-12,2.21,41.8,5.578
1034,2025-07-13,2.473,42.04,5.354
1034,2025-07-14,2.097,40.32,5.534
1034,2025-07-15,2.016,43.01,5.626
1034,2025-07-16,2.409,41.46,5.645
1034,2025-07-17,2.185,42.97,5.516
1034,2025-07-18,2.245,43.87,5.508
1034,2025-07-19,2.231,42.66,5.484
1034,2025-07-20,2.289,42.81,5.444
1034,2025-07-21,2.369,43.61,5.388
1034,2025-07-22,2.473,44.0,5.316
1034,2025-07-23,2.6,44.45,5.228
1034,2025-07-24,2.75,44.02,5.125
1034,2025-07-25,2.922,44.48,5.005
1034,2025-07-26,3.118,44.99,4.869
1034,2025-07-27,3.337,45.57,4.718
1034,2025-07-28,3.579,46.2,4.55
1034,2025-07-29,3.844,46.9,4.366
1034,2025-07-30,4.133,47.65,4.167
1034,2025-07-31,4.444,48.47,3.951
1034,2025-08-01,4.778,49.35,3.72
1034,2025-08-02,5.135,50.29,3.472
1034,2025-08-03,5.515,51.29,3.209
1034,2025-08-04,5.919,52.35,2.929
1034,2025-08-05,6.345,53.47,2.634
1034,2025-08-06,6.795,54.65,2.323
1034,2025-08-07,2.102,41.6,5.691
1034,2025-08-08,2.172,42.46,5.626
1034,2025-08-09,2.354,41.36,5.644
1034,2025-08-10,1.865,42.23,5.429
1034,2025-08-11,2.286,41.56,5.464
1034,2025-08-12,1.962,42.89,5.53
1034,2025-08-13,2.28,42.63,5.583
1034,2025-08-14,2.152,45.04,5.683
1034,2025-08-15,2.187,41.88,5.497
1034,2025-08-16,1.919,42.32,5.377
1034,2025-08-17,1.908,42.46,5.352
1034,2025-08-18,2.184,42.45,5.464
1034,2025-08-19,2.343,43.91,5.816
1034,2025-08-20,2.126,42.67,5.499
1034,2025-08-21,2.108,41.96,5.846
1034,2025-08-22,1.975,42.22,5.267
1034,2025-08-23,2.281,42.86,5.736
1034,2025-08-24,2.011,43.79,5.603
1034,2025-08-25,2.444,44.14,5.791
1034,2025-08-26,2.026,42.67,5.553
1034,2025-08-27,2.063,42.36,5.598
1034,2025-08-28,2.359,41.19,5.446
1034,2025-08-29,1.849,42.19,5.537
1034,2025-08-30,2.321,42.29,5.578
1034,2025-08-31,2.582,42.45,5.389
1034,2025-09-01,2.345,41.39,5.454
1034,2025-09-02,2.154,43.67,5.426
1034,2025-09-03,2.324,42.2,5.426
1034,2025-09-04,2.586,42.33,5.385
1034,2025-09-05,2.178,41.47,5.554
1034,2025-09-06,1.728,42.47,5.595
1034,2025-09-07,2.055,41.13,5.737
1034,2025-09-08,2.0,41.48,5.749
1034,2025-09-09,2.03,42.58,5.458
1034,2025-09-10,1.94,42.06,5.548
1034,2025-09-11,2.19,44.79,5.573
1034,2025-09-12,2.411,42.65,5.362
1034,2025-09-13,2.444,44.12,5.551
1034,2025-09-14,2.427,43.39,5.437
1034,2025-09-15,2.01,43.41,5.358
1034,2025-09-16,2.194,42.73,5.689
1034,2025-09-17,2.413,42.67,5.494
1034,2025-09-18,2.315,41.2,5.558
1034,2025-09-19,2.068,45.25,5.634
1034,2025-09-20,1.971,44.48,5.539
1034,2025-09-21,2.18,44.33,5.421
1034,2025-09-22,2.089,41.98,5.448
1034,2025-09-23,2.296,40.42,5.712
1034,2025-09-24,2.703,42.89,5.256
1034,2025-09-25,2.216,42.33,5.511
1034,2025-09-26,1.916,45.17,5.629
1034,2025-09-27,2.24,41.92,5.365
1034,2025-09-28,1.775,43.3,5.764
1034,2025-09-29,2.56,42.21,5.533
1034,2025-09-30,2.155,43.46,5.558
1034,2025-10-01,2.1,43.07,5.844
1034,2025-10-02,2.026,43.16,5.735
1034,2025-10-03,2.073,43.85,5.691
1034,2025-10-04,2.256,40.61,5.615
1034,2025-10-05,2.242,42.61,5.771
1034,2025-10-06,2.24,40.94,5.667
1034,2025-10-07,2.203,42.86,5.372
1034,2025-10-08,2.204,40.53,5.837
1034,2025-10-09,2.099,40.63,5.909
1034,2025-10-10,2.422,41.52,5.551
1034,2025-10-11,2.15,40.81,5.598
1034,2025-10-12,2.032,44.2,5.532
1034,2025-10-13,2.513,42.01,5.249
1034,2025-10-14,2.327,43.51,5.541
1034,2025-10-15,1.843,41.96,5.469
1034,2025-10-16,2.304,44.19,5.386
1034,2025-10-17,2.257,44.38,5.544
1034,2025-10-18,2.161,42.57,5.304
1034,2025-10-19,2.434,42.07,5.625
1034,2025-10-20,2.623,42.98,5.917
1034,2025-10-21,2.19,42.33,5.543
1034,2025-10-22,2.274,44.78,5.836
1034,2025-10-23,2.136,41.77,5.27
1034,2025-10-24,2.095,41.75,5.423
1034,2025-10-25,2.473,41.96,5.652
1034,2025-10-26,2.292,43.81,5.639
1034,2025-10-27,2.168,42.31,5.712
1034,2025-10-28,2.116,42.11,5.499
1034,2025-10-29,2.282,43.17,5.387
1034,2025-10-30,2.123,43.04,5.567
1034,2025-10-31,2.311,41.98,5.437
1034,2025-11-01,1.812,44.17,5.425
1034,2025-11-02,2.663,42.69,5.625
1034,2025-11-03,2.04,43.65,5.551
1034,2025-11-04,1.959,43.32,5.619
1034,2025-11-05,2.293,42.07,5.443
1034,2025-11-06,2.027,42.98,5.47
1034,2025-11-07,2.456,43.32,5.578
1034,2025-11-08,2.326,41.35,5.78
1034,2025-11-09,2.307,43.51,5.351
1034,2025-11-10,1.795,40.92,5.744
1034,2025-11-11,2.369,44.02,5.592
1034,2025-11-12,2.063,42.16,5.728
1034,2025-11-13,2.491,43.23,5.667
1034,2025-11-14,1.936,42.74,5.498
1034,2025-11-15,2.323,43.7,5.634
1034,2025-11-16,2.238,43.36,5.739
1034,2025-11-17,2.417,42.43,5.546
1034,2025-11-18,2.174,43.41,5.632
1034,2025-11-19,,,
1034,2025-11-20,2.175,41.41,5.492
1034,2025-11-21,2.311,43.08,5.27
1034,2025-11-22,2.193,42.74,5.584
1034,2025-11-23,2.064,43.56,5.567
1034,2025-11-24,2.095,42.02,5.565
1034,2025-11-25,2.186,45.02,5.484
1034,2025-11-26,2.16,41.76,5.551
1034,2025-11-27,2.22,43.78,5.543
1034,2025-11-28,,,
1034,2025-11-29,2.443,41.4,5.679
1034,2025-11-30,2.098,42.88,5.456
1034,2025-12-01,2.089,42.15,5.57
1034,2025-12-02,,,
1034,2025-12-03,2.332,43.05,5.647
1034,2025-12-04,2.333,40.51,5.577
1034,2025-12-05,2.315,42.61,5.532
1034,2025-12-06,2.456,41.99,5.502
1034,2025-12-07,2.103,43.24,5.434
1034,2025-12-08,2.154,40.78,5.746
1034,2025-12-09,2.217,42.15,5.516
1034,2025-12-10,1.619,43.77,5.549
1034,2025-12-11,2.221,41.67,5.441
1034,2025-12-12,2.178,43.22,5.554
1034,2025-12-13,1.682,42.59,5.598
1034,2025-12-14,2.024,42.67,5.62
1034,2025-12-15,2.47,43.86,5.562
1034,2025-12-16,1.812,43.6,5.832
1034,2025-12-17,2.559,41.84,5.435
1034,2025-12-18,2.166,41.2,5.432
1034,2025-12-19,1.926,41.38,5.373
1034,2025-12-20,2.403,41.1,5.429
1034,2025-12-21,1.957,41.93,5.744
1034,2025-12-22,2.35,40.41,5.582
1034,2025-12-23,2.176,42.38,5.542
1034,2025-12-24,2.414,40.39,5.177
1034,2025-12-25,2.296,41.32,5.404
1034,2025-12-26,2.182,42.4,5.342
1034,2025-12-27,1.897,42.48,5.219
1034,2025-12-28,1.972,43.35,5.564
1034,2025-12-29,2.168,43.42,5.26
1034,2025-12-30,1.939,42.83,5.692
1034,2025-12-31,2.43,43.64,5.732
1035,2024-01-01,2.192,42.17,5.911
1035,2024-01-02,2.143,43.41,5.934
1035,2024-01-03,2.237,41.36,5.916
1035,2024-01-04,2.011,42.73,6.075
1035,2024-01-05,2.184,42.07,6.091
1035,2024-01-06,2.266,41.4,6.059
1035,2024-01-07,2.281,41.71,5.925
1035,2024-01-08,2.125,43.22,5.948
1035,2024-01-09,2.41,39.69,5.947
1035,2024-01-10,2.155,41.54,6.072
1035,2024-01-11,2.07,40.89,6.123
1035,2024-01-12,2.14,41.22,6.074
1035,2024-01-13,2.25,42.8,6.08
1035,2024-01-14,2.467,41.92,5.8
1035,2024-01-15,1.786,43.04,5.978
1035,2024-01-16,1.97,42.69,5.943
1035,2024-01-17,1.859,42.44,5.811
1035,2024-01-18,1.998,41.62,6.019
1035,2024-01-19,2.215,41.12,5.978
1035,2024-01-20,,,
1035,2024-01-21,2.043,41.19,5.834
1035,2024-01-22,2.188,43.96,5.937
1035,2024-01-23,2.22,40.82,5.843
1035,2024-01-24,2.184,45.16,5.932
1035,2024-01-25,2.181,42.06,5.858
1035,2024-01-26,2.41,43.29,6.043
1035,2024-01-27,2.24,41.54,5.844
1035,2024-01-28,2.643,42.36,5.792
1035,2024-01-29,2.138,41.49,6.176
1035,2024-01-30,,,
1035,2024-01-31,2.274,44.19,6.026
1035,2024-02-01,2.302,41.99,5.756
1035,2024-02-02,2.626,42.56,5.919
1035,2024-02-03,2.048,43.71,6.066
1035,2024-02-04,2.05,41.6,6.037
1035,2024-02-05,2.194,42.17,5.806
1035,2024-02-06,2.205,42.2,5.97
1035,2024-02-07,2.241,42.3,5.896
1035,2024-02-08,2.365,42.46,5.874
1035,2024-02-09,2.382,44.35,5.877
1035,2024-02-10,2.487,44.1,5.821
1035,2024-02-11,2.617,43.35,5.752
1035,2024-02-12,2.769,43.77,5.671
1035,2024-02-13,2.946,44.26,5.578
1035,2024-02-14,3.146,44.82,5.472
1035,2024-02-15,3.369,45.44,5.354
1035,2024-02-16,3.616,46.13,5.223
1035,2024-02-17,3.886,46.88,5.08
1035,2024-02-18,4.18,47.7,4.925
1035,2024-02-19,4.497,48.58,4.757
1035,2024-02-20,4.838,49.53,4.577
1035,2024-02-21,5.202,50.54,4.384
1035,2024-02-22,5.59,51.62,4.178
1035,2024-02-23,6.001,52.76,3.961
1035,2024-02-24,6.436,53.97,3.731
1035,2024-02-25,6.895,55.25,3.488
1035,2024-02-26,2.287,41.24,5.861
1035,2024-02-27,2.081,42.51,6.236
1035,2024-02-28,2.195,42.06,6.006
1035,2024-02-29,1.779,40.92,5.788
1035,2024-03-01,1.871,42.63,5.872
1035,2024-03-02,2.206,41.1,6.028
1035,2024-03-03,2.317,43.97,6.181
1035,2024-03-04,1.999,41.27,5.839
1035,2024-03-05,2.241,40.65,6.058
1035,2024-03-06,2.028,42.65,5.752
1035,2024-03-07,2.533,40.97,5.803
1035,2024-03-08,2.571,44.19,5.754
1035,2024-03-09,2.082,41.2,6.02
1035,2024-03-10,2.395,42.04,6.208
1035,2024-03-11,2.356,42.35,5.935
1035,2024-03-12,2.042,42.13,5.943
1035,2024-03-13,2.323,40.9,6.047
1035,2024-03-14,2.357,43.52,5.933
1035,2024-03-15,2.225,41.82,5.794
1035,2024-03-16,1.999,42.06,6.127
1035,2024-03-17,2.276,42.21,6.192
1035,2024-03-18,2.346,41.4,5.859
1035,2024-03-19,2.165,44.42,6.116
1035,2024-03-20,2.279,42.27,5.86
1035,2024-03-21,2.237,42.76,5.975
1035,2024-03-22,2.09,40.37,5.953
1035,2024-03-23,2.647,41.74,5.914
1035,2024-03-24,2.278,42.85,6.044
1035,2024-03-25,2.169,42.93,5.742
1035,2024-03-26,2.447,41.68,5.992
1035,2024-03-27,2.089,41.98,6.065
1035,2024-03-28,2.385,43.12,5.972
1035,2024-03-29,1.581,42.95,6.061
1035,2024-03-30,2.379,42.0,6.264
1035,2024-03-31,2.319,41.22,5.919
1035,2024-04-01,2.038,42.27,5.763
1035,2024-04-02,2.257,42.75,5.986
1035,2024-04-03,2.59,42.59,6.083
1035,2024-04-04,2.228,42.96,5.756
1035,2024-04-05,2.446,42.4,5.909
1035,2024-04-06,2.397,41.22,5.832
1035,2024-04-07,1.934,41.91,5.806
1035,2024-04-08,2.194,43.68,6.211
1035,2024-04-09,1.907,40.7,5.706
1035,2024-04-10,1.888,42.4,6.062
1035,2024-04-11,2.202,43.66,6.07
1035,2024-04-12,2.367,43.06,6.02
1035,2024-04-13,1.939,45.16,5.826
1035,2024-04-14,2.052,39.81,5.697
1035,2024-04-15,2.792,42.71,5.573
1035,2024-04-16,2.082,41.13,5.754
1035,2024-04-17,2.036,42.12,5.958
1035,2024-04-18,1.783,42.85,5.746
1035,2024-04-19,2.621,43.27,5.951
1035,2024-04-20,2.169,41.93,5.821
1035,2024-04-21,,,
1035,2024-04-22,2.234,39.19,6.035
1035,2024-04-23,1.923,42.92,5.913
1035,2024-04-24,2.318,42.79,6.083
1035,2024-04-25,2.053,41.92,5.778
1035,2024-04-26,1.81,41.42,5.914
1035,2024-04-27,2.249,40.34,5.723
1035,2024-04-28,2.138,42.67,5.9
1035,2024-04-29,2.075,40.63,5.727
1035,2024-04-30,2.122,42.65,6.053
1035,2024-05-01,2.19,41.19,5.699
1035,2024-05-02,2.445,42.89,5.907
1035,2024-05-03,1.951,41.88,5.945
1035,2024-05-04,2.506,43.59,6.201
1035,2024-05-05,2.247,42.01,6.029
1035,2024-05-06,2.211,42.87,5.908
1035,2024-05-07,2.006,42.8,5.796
1035,2024-05-08,2.589,42.62,6.058
1035,2024-05-09,2.21,40.86,6.26
1035,2024-05-10,2.268,43.0,6.067
1035,2024-05-11,2.321,40.62,6.121
1035,2024-05-12,2.015,42.09,5.893
1035,2024-05-13,2.246,42.57,5.8
1035,2024-05-14,1.94,42.72,6.022
1035,2024-05-15,1.934,40.48,6.125
1035,2024-05-16,2.446,42.78,5.937
1035,2024-05-17,1.835,42.53,5.975
1035,2024-05-18,2.168,41.21,6.042
1035,2024-05-19,,,
1035,2024-05-20,2.686,39.95,5.877
1035,2024-05-21,2.178,40.55,6.003
1035,2024-05-22,2.404,43.42,5.872
1035,2024-05-23,2.215,40.63,6.038
1035,2024-05-24,2.341,43.06,6.149
1035,2024-05-25,2.486,39.73,6.12
1035,2024-05-26,2.21,43.32,5.991
1035,2024-05-27,2.235,41.88,5.946
1035,2024-05-28,1.929,40.15,6.077
1035,2024-05-29,1.771,42.42,6.201
1035,2024-05-30,1.975,42.5,5.888
1035,2024-05-31,2.04,41.52,6.106
1035,2024-06-01,2.428,42.72,6.02
1035,2024-06-02,2.258,41.06,6.21
1035,2024-06-03,2.061,44.91,5.99
1035,2024-06-04,2.225,42.69,5.96
1035,2024-06-05,2.118,42.6,5.831
1035,2024-06-06,2.1,41.26,6.071
1035,2024-06-07,2.496,43.2,6.048
1035,2024-06-08,2.453,43.8,6.273
1035,2024-06-09,,,
1035,2024-06-10,,,
1035,2024-06-11,2.379,43.07,6.262
1035,2024-06-12,2.422,43.1,5.949
1035,2024-06-13,2.25,42.27,5.978
1035,2024-06-14,1.922,44.71,5.925
1035,2024-06-15,2.183,41.64,6.165
1035,2024-06-16,1.851,42.51,5.998
1035,2024-06-17,2.18,41.85,5.957
1035,2024-06-18,1.91,40.26,6.231
1035,2024-06-19,2.39,41.69,6.005
1035,2024-06-20,1.96,42.68,5.976
1035,2024-06-21,1.952,40.1,6.158
1035,2024-06-22,2.231,43.35,6.119
1035,2024-06-23,2.341,42.55,6.021
1035,2024-06-24,2.001,43.69,6.016
1035,2024-06-25,1.998,42.82,5.88
1035,2024-06-26,2.217,42.2,5.989
1035,2024-06-27,1.898,43.22,5.81
1035,2024-06-28,2.247,43.01,5.563
1035,2024-06-29,2.164,41.78,6.135
1035,2024-06-30,2.299,41.79,5.85
1035,2024-07-01,2.311,42.44,5.849
1035,2024-07-02,2.341,41.85,6.141
1035,2024-07-03,2.161,41.11,6.191
1035,2024-07-04,2.389,42.61,5.816
1035,2024-07-05,2.023,44.19,6.069
1035,2024-07-06,2.348,41.89,6.164
1035,2024-07-07,2.078,41.68,5.917
1035,2024-07-08,2.299,41.66,6.058
1035,2024-07-09,2.136,42.48,5.773
1035,2024-07-10,2.334,43.55,5.994
1035,2024-07-11,2.412,42.52,5.934
1035,2024-07-12,2.169,40.95,6.143
1035,2024-07-13,2.598,41.5,6.053
1035,2024-07-14,2.069,42.58,5.807
1035,2024-07-15,2.249,42.37,5.918
1035,2024-07-16,2.148,41.43,5.884
1035,2024-07-17,2.217,41.78,5.932
1035,2024-07-18,2.012,42.2,6.057
1035,2024-07-19,2.456,40.6,5.85
1035,2024-07-20,2.346,42.29,5.469
1035,2024-07-21,2.201,41.74,5.839
1035,2024-07-22,2.328,42.4,6.183
1035,2024-07-23,2.346,41.72,5.901
1035,2024-07-24,2.302,41.68,5.894
1035,2024-07-25,1.907,43.77,6.085
1035,2024-07-26,1.965,41.78,6.121
1035,2024-07-27,2.365,41.53,5.938
1035,2024-07-28,2.339,41.59,6.104
1035,2024-07-29,2.367,41.2,5.783
1035,2024-07-30,2.084,42.67,6.223
1035,2024-07-31,2.537,42.07,6.002
1035,2024-08-01,2.136,41.36,5.675
1035,2024-08-02,2.498,41.7,6.209
1035,2024-08-03,1.978,42.28,5.893
1035,2024-08-04,2.178,43.0,5.822
1035,2024-08-05,2.475,42.1,5.836
1035,2024-08-06,2.373,41.62,6.151
1035,2024-08-07,1.963,40.48,5.796
1035,2024-08-08,2.209,41.5,5.971
1035,2024-08-09,1.845,41.6,5.895
1035,2024-08-10,2.244,41.18,6.083
1035,2024-08-11,2.296,42.24,5.986
1035,2024-08-12,2.394,41.16,6.043
1035,2024-08-13,2.46,44.04,6.008
1035,2024-08-14,2.249,42.69,6.097
1035,2024-08-15,,,
1035,2024-08-16,2.592,42.26,6.04
1035,2024-08-17,2.063,42.23,6.047
1035,2024-08-18,2.094,44.18,5.993
1035,2024-08-19,1.853,42.38,6.024
1035,2024-08-20,2.006,43.23,6.048
1035,2024-08-21,2.08,42.16,5.846
1035,2024-08-22,2.251,42.05,5.869
1035,2024-08-23,2.421,43.41,6.072
1035,2024-08-24,2.319,41.68,6.099
1035,2024-08-25,2.285,40.35,6.161
1035,2024-08-26,2.076,41.28,5.744
1035,2024-08-27,2.477,42.45,6.023
1035,2024-08-28,2.004,41.68,6.092
1035,2024-08-29,2.094,42.94,6.01
1035,2024-08-30,2.092,41.92,5.818
1035,2024-08-31,2.077,42.86,6.101
1035,2024-09-01,2.162,42.65,6.007
1035,2024-09-02,2.419,39.25,5.898
1035,2024-09-03,1.987,43.26,6.081
1035,2024-09-04,2.436,40.79,6.103
1035,2024-09-05,1.995,43.8,5.951
1035,2024-09-06,2.337,43.49,5.897
1035,2024-09-07,1.916,41.42,5.852
1035,2024-09-08,2.236,41.83,5.966
1035,2024-09-09,2.209,43.09,6.17
1035,2024-09-10,2.161,40.36,5.904
1035,2024-09-11,2.268,42.69,5.83
1035,2024-09-12,2.551,43.4,6.288
1035,2024-09-13,2.137,41.91,5.779
1035,2024-09-14,2.284,42.53,6.225
1035,2024-09-15,2.247,42.66,6.069
1035,2024-09-16,1.911,41.53,5.965
1035,2024-09-17,1.901,42.37,6.099
1035,2024-09-18,2.008,42.76,5.669
1035,2024-09-19,2.025,41.43,5.797
1035,2024-09-20,2.179,41.7,5.746
1035,2024-09-21,,,
1035,2024-09-22,2.376,42.21,5.999
1035,2024-09-23,1.878,42.48,5.821
1035,2024-09-24,1.999,40.84,6.1
1035,2024-09-25,2.371,43.7,5.992
1035,2024-09-26,2.218,42.04,6.039
1035,2024-09-27,2.154,41.35,5.842
1035,2024-09-28,2.359,43.03,5.771
1035,2024-09-29,2.274,39.99,6.026
1035,2024-09-30,2.019,41.55,5.863
1035,2024-10-01,2.08,41.2,5.968
1035,2024-10-02,2.117,40.45,5.814
1035,2024-10-03,2.244,44.07,5.86
1035,2024-10-04,2.332,43.37,6.15
1035,2024-10-05,,,
1035,2024-10-06,2.1,43.68,5.804
1035,2024-10-07,2.343,43.31,5.763
1035,2024-10-08,2.013,42.09,6.119
1035,2024-10-09,2.103,42.34,5.727
1035,2024-10-10,2.306,42.1,6.181
1035,2024-10-11,2.078,40.12,5.847
1035,2024-10-12,2.181,41.32,6.093
1035,2024-10-13,2.071,42.77,6.137
1035,2024-10-14,2.444,44.49,6.102
1035,2024-10-15,2.117,43.53,6.314
1035,2024-10-16,2.323,41.61,5.985
1035,2024-10-17,,,
1035,2024-10-18,2.207,42.54,5.739
1035,2024-10-19,2.284,44.16,5.751
1035,2024-10-20,1.986,42.28,6.001
1035,2024-10-21,2.119,42.76,5.96
1035,2024-10-22,1.8,43.56,6.074
1035,2024-10-23,2.204,42.24,5.751
1035,2024-10-24,1.974,43.7,6.118
1035,2024-10-25,2.065,42.68,6.138
1035,2024-10-26,2.088,42.23,6.052
1035,2024-10-27,1.791,41.23,5.748
1035,2024-10-28,2.015,43.26,6.06
1035,2024-10-29,1.901,40.8,6.169
1035,2024-10-30,2.181,43.55,5.871
1035,2024-10-31,2.423,42.21,6.168
1035,2024-11-01,2.307,41.02,5.801
1035,2024-11-02,2.392,43.36,6.207
1035,2024-11-03,2.444,41.72,6.017
1035,2024-11-04,2.295,42.04,6.129
1035,2024-11-05,1.921,41.12,5.82
1035,2024-11-06,2.044,41.86,6.08
1035,2024-11-07,1.756,41.56,5.883
1035,2024-11-08,1.972,41.81,5.921
1035,2024-11-09,2.255,42.82,5.917
1035,2024-11-10,2.466,42.55,6.027
1035,2024-11-11,,,
1035,2024-11-12,2.357,41.95,5.995
1035,2024-11-13,2.036,43.35,6.206
1035,2024-11-14,2.354,42.01,5.795
1035,2024-11-15,2.251,42.49,5.996
1035,2024-11-16,2.107,40.8,6.061
1035,2024-11-17,2.275,42.88,5.91
1035,2024-11-18,2.139,43.25,6.017
1035,2024-11-19,2.236,43.19,5.87
1035,2024-11-20,2.133,43.13,5.957
1035,2024-11-21,1.912,40.02,6.082
1035,2024-11-22,2.138,41.08,5.933
1035,2024-11-23,2.012,44.58,6.126
1035,2024-11-24,2.294,41.29,5.994
1035,2024-11-25,2.476,40.8,6.117
1035,2024-11-26,2.28,42.75,5.849
1035,2024-11-27,2.315,41.92,6.006
1035,2024-11-28,1.983,42.9,6.0
1035,2024-11-29,2.186,43.71,5.821
1035,2024-11-30,2.138,41.9,6.325
1035,2024-12-01,1.94,41.93,6.17
1035,2024-12-02,2.447,40.1,5.747
1035,2024-12-03,1.931,42.56,5.784
1035,2024-12-04,2.029,42.22,6.241
1035,2024-12-05,2.263,41.63,6.141
1035,2024-12-06,2.303,42.43,6.124
1035,2024-12-07,2.317,42.57,5.974
1035,2024-12-08,2.345,43.16,5.93
1035,2024-12-09,2.209,43.39,6.007
1035,2024-12-10,2.288,43.06,6.128
1035,2024-12-11,1.929,42.82,6.079
1035,2024-12-12,2.214,42.91,6.052
1035,2024-12-13,1.897,42.39,6.242
1035,2024-12-14,2.34,42.02,5.969
1035,2024-12-15,1.99,44.18,5.886
1035,2024-12-16,2.084,41.98,6.072
1035,2024-12-17,2.399,42.23,6.146
1035,2024-12-18,1.93,43.14,6.16
1035,2024-12-19,2.384,43.21,5.971
1035,2024-12-20,2.292,42.19,5.853
1035,2024-12-21,2.098,40.94,6.177
1035,2024-12-22,1.796,40.18,5.823
1035,2024-12-23,2.648,41.86,5.903
1035,2024-12-24,1.968,40.63,6.228
1035,2024-12-25,,,
1035,2024-12-26,1.823,41.54,6.137
1035,2024-12-27,2.646,41.43,5.749
1035,2024-12-28,1.989,40.83,6.06
1035,2024-12-29,1.909,40.05,5.882
1035,2024-12-30,2.136,41.39,5.977
1035,2024-12-31,2.019,40.59,5.562
1035,2025-01-01,2.169,42.9,5.977
1035,2025-01-02,2.226,43.09,6.008
1035,2025-01-03,1.914,40.96,6.196
1035,2025-01-04,2.689,41.38,5.853
1035,2025-01-05,2.059,42.19,5.669
1035,2025-01-06,2.363,42.24,6.088
1035,2025-01-07,2.115,41.89,6.211
1035,2025-01-08,1.995,43.49,5.748
1035,2025-01-09,1.519,42.57,5.971
1035,2025-01-10,2.478,41.95,5.965
1035,2025-01-11,1.853,43.29,6.123
1035,2025-01-12,2.185,43.33,5.755
1035,2025-01-13,2.324,41.61,5.809
1035,2025-01-14,2.243,41.83,6.266
1035,2025-01-15,2.36,40.81,5.895
1035,2025-01-16,2.398,43.53,6.083
1035,2025-01-17,2.102,42.49,5.76
1035,2025-01-18,1.987,41.08,6.093
1035,2025-01-19,2.311,42.8,5.841
1035,2025-01-20,1.76,42.5,6.022
1035,2025-01-21,2.697,41.41,5.944
1035,2025-01-22,2.173,41.87,6.161
1035,2025-01-23,2.147,41.9,5.962
1035,2025-01-24,1.948,42.03,5.986
1035,2025-01-25,2.289,43.45,6.127
1035,2025-01-26,2.136,40.69,5.905
1035,2025-01-27,2.47,43.48,6.068
1035,2025-01-28,2.103,41.61,5.846
1035,2025-01-29,2.34,41.54,5.834
1035,2025-01-30,2.264,42.09,6.055
1035,2025-01-31,2.277,42.25,6.059
1035,2025-02-01,2.454,42.18,6.216
1035,2025-02-02,2.419,41.65,5.844
1035,2025-02-03,2.017,41.91,5.697
1035,2025-02-04,2.485,42.31,6.087
1035,2025-02-05,2.417,41.56,6.214
1035,2025-02-06,2.271,41.44,5.826
1035,2025-02-07,2.068,42.1,6.133
1035,2025-02-08,2.509,44.17,6.066
1035,2025-02-09,1.981,41.28,5.871
1035,2025-02-10,2.412,42.37,6.125
1035,2025-02-11,2.276,41.98,5.832
1035,2025-02-12,2.329,42.59,5.951
1035,2025-02-13,2.198,40.47,6.016
1035,2025-02-14,2.049,40.47,5.82
1035,2025-02-15,2.396,42.05,5.97
1035,2025-02-16,1.893,44.52,5.835
1035,2025-02-17,2.136,41.15,6.115
1035,2025-02-18,2.408,41.57,6.044
1035,2025-02-19,1.873,41.77,6.181
1035,2025-02-20,2.18,41.96,6.113
1035,2025-02-21,2.134,41.58,6.072
1035,2025-02-22,2.096,42.99,6.284
1035,2025-02-23,2.325,43.29,6.054
1035,2025-02-24,2.235,41.96,6.198
1035,2025-02-25,1.759,43.0,6.391
1035,2025-02-26,1.996,41.77,5.653
1035,2025-02-27,2.359,41.64,5.906
1035,2025-02-28,2.168,43.9,5.971
1035,2025-03-01,2.267,43.47,5.85
1035,2025-03-02,2.39,42.8,5.96
1035,2025-03-03,2.597,42.28,6.096
1035,2025-03-04,2.299,40.73,5.993
1035,2025-03-05,2.076,42.19,5.891
1035,2025-03-06,2.217,41.06,6.063
1035,2025-03-07,2.189,42.91,5.991
1035,2025-03-08,2.041,41.3,5.831
1035,2025-03-09,1.683,41.1,5.849
1035,2025-03-10,1.954,43.53,6.187
1035,2025-03-11,2.284,42.67,5.712
1035,2025-03-12,2.081,41.1,6.093
1035,2025-03-13,2.147,42.1,5.993
1035,2025-03-14,2.392,41.11,5.885
1035,2025-03-15,2.266,43.51,6.223
1035,2025-03-16,2.049,42.27,5.913
1035,2025-03-17,2.034,42.09,6.147
1035,2025-03-18,2.237,42.41,5.669
1035,2025-03-19,2.182,44.41,5.749
1035,2025-03-20,2.266,42.28,6.072
1035,2025-03-21,2.05,40.78,5.854
1035,2025-03-22,2.337,44.28,5.935
1035,2025-03-23,1.919,43.17,6.118
1035,2025-03-24,2.434,42.4,5.919
1035,2025-03-25,1.925,42.81,5.816
1035,2025-03-26,2.646,41.36,5.793
1035,2025-03-27,1.922,42.27,6.073
1035,2025-03-28,2.252,41.97,6.212
1035,2025-03-29,2.081,42.29,5.877
1035,2025-03-30,2.298,42.77,5.985
1035,2025-03-31,2.5,43.78,6.11
1035,2025-04-01,2.297,42.39,5.897
1035,2025-04-02,2.484,43.19,5.73
1035,2025-04-03,,,
1035,2025-04-04,,,
1035,2025-04-05,2.228,42.24,6.132
1035,2025-04-06,2.506,42.27,5.917
1035,2025-04-07,2.666,43.99,6.082
1035,2025-04-08,1.893,42.23,6.114
1035,2025-04-09,2.222,42.41,6.059
1035,2025-04-10,,,
1035,2025-04-11,2.076,42.38,6.019
1035,2025-04-12,2.193,40.97,6.016
1035,2025-04-13,2.035,40.76,5.967
1035,2025-04-14,2.096,39.55,5.725
1035,2025-04-15,2.111,42.67,5.893
1035,2025-04-16,1.996,40.66,5.914
1035,2025-04-17,2.02,41.78,6.166
1035,2025-04-18,2.46,40.94,6.309
1035,2025-04-19,2.627,41.4,6.122
1035,2025-04-20,2.142,43.0,6.197
1035,2025-04-21,2.255,41.17,6.236
1035,2025-04-22,2.218,41.89,5.95
1035,2025-04-23,2.266,41.19,5.919
1035,2025-04-24,2.206,42.88,6.222
1035,2025-04-25,1.8,43.59,6.226
1035,2025-04-26,2.247,43.53,5.874
1035,2025-04-27,2.256,42.87,6.206
1035,2025-04-28,1.999,42.42,5.893
1035,2025-04-29,2.311,42.89,6.003
1035,2025-04-30,,,
1035,2025-05-01,2.009,42.03,6.04
1035,2025-05-02,2.015,41.1,6.036
1035,2025-05-03,2.289,41.54,5.986
1035,2025-05-04,1.978,41.37,6.059
1035,2025-05-05,,,
1035,2025-05-06,2.135,44.32,6.048
1035,2025-05-07,2.495,41.68,5.983
1035,2025-05-08,2.172,40.86,5.693
1035,2025-05-09,2.383,42.88,5.984
1035,2025-05-10,2.038,44.96,6.261
1035,2025-05-11,1.871,41.31,5.798
1035,2025-05-12,2.464,42.47,6.114
1035,2025-05-13,2.241,41.46,5.777
1035,2025-05-14,2.043,41.73,6.333
1035,2025-05-15,2.267,42.08,5.682
1035,2025-05-16,2.265,43.14,5.762
1035,2025-05-17,2.025,43.05,5.816
1035,2025-05-18,1.991,43.71,6.194
1035,2025-05-19,2.408,41.3,6.075
1035,2025-05-20,2.165,42.58,6.073
1035,2025-05-21,2.125,41.99,5.915
1035,2025-05-22,2.126,43.39,6.076
1035,2025-05-23,2.07,42.68,6.012
1035,2025-05-24,2.303,43.28,6.164
1035,2025-05-25,1.836,40.28,5.869
1035,2025-05-26,2.326,41.5,5.849
1035,2025-05-27,1.985,41.77,5.942
1035,2025-05-28,2.198,43.57,6.063
1035,2025-05-29,2.006,40.58,5.678
1035,2025-05-30,1.783,40.91,5.925
1035,2025-05-31,2.082,41.1,5.924
1035,2025-06-01,2.078,42.95,6.092
1035,2025-06-02,2.087,44.08,5.905
1035,2025-06-03,1.897,41.31,6.093
1035,2025-06-04,2.573,42.14,5.942
1035,2025-06-05,1.948,43.49,5.902
1035,2025-06-06,,,
1035,2025-06-07,2.275,41.51,5.822
1035,2025-06-08,1.971,43.48,5.854
1035,2025-06-09,2.127,43.37,5.884
1035,2025-06-10,2.38,42.26,6.181
1035,2025-06-11,2.451,44.11,6.07
1035,2025-06-12,2.038,41.02,6.065
1035,2025-06-13,2.43,42.75,5.89
1035,2025-06-14,2.203,42.14,5.614
1035,2025-06-15,2.082,41.31,5.991
1035,2025-06-16,2.162,42.96,5.747
1035,2025-06-17,2.253,42.95,6.022
1035,2025-06-18,2.353,40.19,5.902
1035,2025-06-19,2.551,41.78,5.867
1035,2025-06-20,2.062,41.87,5.956
1035,2025-06-21,2.472,40.43,5.876
1035,2025-06-22,2.228,39.44,5.804
1035,2025-06-23,2.243,42.84,5.86
1035,2025-06-24,2.283,42.07,6.308
1035,2025-06-25,2.147,41.52,6.07
1035,2025-06-26,2.14,40.74,5.701
1035,2025-06-27,2.055,40.77,6.072
1035,2025-06-28,1.84,41.55,5.944
1035,2025-06-29,,,
1035,2025-06-30,2.253,41.21,5.6
1035,2025-07-01,2.1,41.9,6.024
1035,2025-07-02,2.274,41.1,6.055
1035,2025-07-03,2.193,44.44,5.933
1035,2025-07-04,2.499,41.42,6.055
1035,2025-07-05,2.218,41.87,5.955
1035,2025-07-06,1.986,41.91,5.991
1035,2025-07-07,2.678,41.82,5.92
1035,2025-07-08,2.232,42.69,5.994
1035,2025-07-09,2.296,45.73,6.013
1035,2025-07-10,2.024,42.64,5.921
1035,2025-07-11,1.963,43.84,5.94
1035,2025-07-12,2.565,41.53,6.089
1035,2025-07-13,2.349,43.04,5.873
1035,2025-07-14,2.062,40.76,5.948
1035,2025-07-15,2.245,39.5,6.005
1035,2025-07-16,2.617,41.08,6.109
1035,2025-07-17,2.398,42.63,5.794
1035,2025-07-18,2.302,42.69,6.079
1035,2025-07-19,1.921,41.64,5.974
1035,2025-07-20,1.943,41.14,6.111
1035,2025-07-21,1.762,40.29,5.937
1035,2025-07-22,1.985,41.89,6.181
1035,2025-07-23,2.173,42.96,5.82
1035,2025-07-24,2.249,42.78,6.143
1035,2025-07-25,2.087,41.68,6.049
1035,2025-07-26,1.836,40.38,5.886
1035,2025-07-27,2.129,43.25,6.045
1035,2025-07-28,2.376,41.4,6.009
1035,2025-07-29,1.965,41.72,5.942
1035,2025-07-30,2.137,41.73,5.776
1035,2025-07-31,2.342,41.4,6.051
1035,2025-08-01,2.037,41.3,5.957
1035,2025-08-02,2.189,43.25,6.102
1035,2025-08-03,1.864,44.17,6.011
1035,2025-08-04,2.053,43.47,6.077
1035,2025-08-05,2.136,42.56,5.99
1035,2025-08-06,2.367,41.45,6.016
1035,2025-08-07,2.822,40.7,5.786
1035,2025-08-08,2.071,42.37,5.78
1035,2025-08-09,2.068,41.28,6.093
1035,2025-08-10,2.155,39.59,5.891
1035,2025-08-11,2.043,41.33,5.942
1035,2025-08-12,1.946,41.64,6.152
1035,2025-08-13,1.971,42.25,5.829
1035,2025-08-14,,,
1035,2025-08-15,2.378,41.24,6.037
1035,2025-08-16,1.948,41.55,5.937
1035,2025-08-17,2.491,42.07,6.194
1035,2025-08-18,2.043,41.58,6.075
1035,2025-08-19,2.428,41.77,5.902
1035,2025-08-20,2.69,41.11,6.07
1035,2025-08-21,2.354,43.08,5.77
1035,2025-08-22,1.841,42.16,5.855
1035,2025-08-23,2.036,41.94,5.757
1035,2025-08-24,1.915,43.39,5.997
1035,2025-08-25,2.354,43.77,5.911
1035,2025-08-26,2.153,43.14,6.044
1035,2025-08-27,2.079,42.27,6.022
1035,2025-08-28,,,
1035,2025-08-29,2.28,43.22,6.013
1035,2025-08-30,2.492,43.38,6.012
1035,2025-08-31,2.242,43.31,5.932
1035,2025-09-01,1.925,43.62,5.861
1035,2025-09-02,2.057,42.11,6.008
1035,2025-09-03,1.8,41.8,5.986
1035,2025-09-04,2.247,41.88,5.918
1035,2025-09-05,2.62,42.06,6.099
1035,2025-09-06,2.488,40.92,6.087
1035,2025-09-07,2.637,41.88,6.117
1035,2025-09-08,2.003,42.27,5.84
1035,2025-09-09,2.356,42.53,6.243
1035,2025-09-10,2.466,41.54,6.015
1035,2025-09-11,2.166,42.7,6.002
1035,2025-09-12,2.199,40.54,5.949
1035,2025-09-13,1.822,39.95,5.958
1035,2025-09-14,2.225,44.68,6.004
1035,2025-09-15,2.701,41.3,6.119
1035,2025-09-16,2.324,41.34,6.138
1035,2025-09-17,2.481,41.14,5.833
1035,2025-09-18,1.987,41.42,5.989
1035,2025-09-19,2.286,43.23,5.92
1035,2025-09-20,1.936,41.23,5.749
1035,2025-09-21,2.282,41.52,5.937
1035,2025-09-22,2.116,41.66,6.001
1035,2025-09-23,2.535,43.03,5.992
1035,2025-09-24,2.289,42.14,5.796
1035,2025-09-25,2.426,43.43,5.96
1035,2025-09-26,1.892,41.15,5.874
1035,2025-09-27,2.135,42.44,6.174
1035,2025-09-28,2.181,43.37,6.078
1035,2025-09-29,1.842,42.03,6.07
1035,2025-09-30,1.99,41.51,5.868
1035,2025-10-01,2.233,42.88,6.114
1035,2025-10-02,2.15,41.77,6.11
1035,2025-10-03,2.101,42.96,6.056
1035,2025-10-04,2.218,41.47,6.16
1035,2025-10-05,2.537,42.38,5.878
1035,2025-10-06,2.297,41.04,6.062
1035,2025-10-07,2.604,42.49,6.027
1035,2025-10-08,1.913,42.14,6.056
1035,2025-10-09,1.894,40.52,6.027
1035,2025-10-10,2.381,40.92,5.661
1035,2025-10-11,2.147,42.27,6.075
1035,2025-10-12,1.968,42.32,5.96
1035,2025-10-13,,,
1035,2025-10-14,2.308,42.39,5.881
1035,2025-10-15,2.346,40.28,5.968
1035,2025-10-16,2.07,42.36,6.084
1035,2025-10-17,1.984,42.88,6.037
1035,2025-10-18,1.974,41.45,6.071
1035,2025-10-19,1.666,40.37,5.99
1035,2025-10-20,2.102,41.92,5.773
1035,2025-10-21,2.319,43.91,5.982
1035,2025-10-22,2.044,42.16,5.859
1035,2025-10-23,1.838,41.56,6.109
1035,2025-10-24,2.291,42.94,6.235
1035,2025-10-25,2.16,44.54,6.06
1035,2025-10-26,2.155,42.97,5.826
1035,2025-10-27,2.596,42.19,5.893
1035,2025-10-28,2.265,41.8,5.949
1035,2025-10-29,2.386,42.57,6.22
1035,2025-10-30,2.334,42.64,5.82
1035,2025-10-31,2.359,42.4,5.583
1035,2025-11-01,2.014,41.73,6.128
1035,2025-11-02,1.986,41.18,6.062
1035,2025-11-03,2.182,41.86,6.127
1035,2025-11-04,2.124,41.82,5.961
1035,2025-11-05,2.173,42.73,5.877
1035,2025-11-06,2.488,42.31,6.125
1035,2025-11-07,2.301,40.96,5.948
1035,2025-11-08,2.124,41.22,5.95
1035,2025-11-09,2.051,42.24,6.182
1035,2025-11-10,2.386,44.07,5.588
1035,2025-11-11,1.895,42.99,6.052
1035,2025-11-12,2.204,40.83,6.16
1035,2025-11-13,2.306,42.79,5.857
1035,2025-11-14,1.98,42.6,5.952
1035,2025-11-15,1.849,41.87,5.614
1035,2025-11-16,2.035,40.05,6.085
1035,2025-11-17,2.494,43.6,6.104
1035,2025-11-18,2.262,41.26,5.981
1035,2025-11-19,1.828,42.45,5.72
1035,2025-11-20,2.684,41.42,5.99
1035,2025-11-21,2.207,40.4,6.024
1035,2025-11-22,2.403,42.15,6.045
1035,2025-11-23,2.209,42.35,5.939
1035,2025-11-24,2.346,43.11,5.992
1035,2025-11-25,2.257,43.05,5.84
1035,2025-11-26,2.419,42.23,5.81
1035,2025-11-27,2.527,43.41,5.987
1035,2025-11-28,2.313,41.83,5.856
1035,2025-11-29,1.894,42.1,5.9
1035,2025-11-30,1.999,42.78,6.202
1035,2025-12-01,2.375,40.73,5.916
1035,2025-12-02,2.133,42.01,5.992
1035,2025-12-03,2.528,43.2,5.94
1035,2025-12-04,2.388,41.42,6.056
1035,2025-12-05,2.554,42.42,5.873
1035,2025-12-06,2.131,41.84,6.03
1035,2025-12-07,2.374,40.48,5.998
1035,2025-12-08,2.174,42.99,6.225
1035,2025-12-09,2.044,43.48,6.165
1035,2025-12-10,2.312,42.25,5.924
1035,2025-12-11,2.287,42.64,5.956
1035,2025-12-12,2.212,42.37,6.198
1035,2025-12-13,2.19,44.4,5.894
1035,2025-12-14,2.435,41.97,6.053
1035,2025-12-15,2.001,42.82,6.065
1035,2025-12-16,2.028,41.8,5.839
1035,2025-12-17,2.214,40.7,5.896
1035,2025-12-18,2.108,41.4,5.937
1035,2025-12-19,2.1,42.2,5.894
1035,2025-12-20,1.969,41.25,6.26
1035,2025-12-21,1.978,40.89,6.06
1035,2025-12-22,2.305,40.4,5.948
1035,2025-12-23,2.197,41.21,6.16
1035,2025-12-24,2.051,41.39,6.23
1035,2025-12-25,2.377,43.33,5.851
1035,2025-12-26,2.11,42.92,5.784
1035,2025-12-27,2.34,41.94,6.202
1035,2025-12-28,2.326,41.14,5.755
1035,2025-12-29,2.326,42.84,5.855
1035,2025-12-30,2.228,40.83,6.064
1035,2025-12-31,2.03,41.97,5.647
1036,2024-01-01,2.615,43.65,6.133
1036,2024-01-02,2.557,43.02,6.37
1036,2024-01-03,2.755,41.81,6.258
1036,2024-01-04,2.712,43.65,6.38
1036,2024-01-05,2.636,45.87,6.31
1036,2024-01-06,2.575,44.56,6.195
1036,2024-01-07,2.327,43.08,6.062
1036,2024-01-08,2.835,42.06,6.202
1036,2024-01-09,2.642,42.79,6.204
1036,2024-01-10,2.46,41.9,6.127
1036,2024-01-11,2.252,41.63,6.099
1036,2024-01-12,2.545,42.3,6.482
1036,2024-01-13,2.642,42.42,6.115
1036,2024-01-14,2.716,45.37,6.335
1036,2024-01-15,2.513,41.87,6.043
1036,2024-01-16,2.597,45.23,6.123
1036,2024-01-17,2.607,43.8,5.972
1036,2024-01-18,2.893,42.0,6.206
1036,2024-01-19,2.347,43.07,6.332
1036,2024-01-20,2.706,44.17,6.12
1036,2024-01-21,2.657,43.74,6.165
1036,2024-01-22,2.664,44.04,6.038
1036,2024-01-23,2.703,43.77,6.17
1036,2024-01-24,2.301,42.93,6.377
1036,2024-01-25,2.38,43.32,6.483
1036,2024-01-26,2.369,42.47,6.13
1036,2024-01-27,2.62,42.04,6.089
1036,2024-01-28,2.515,42.6,5.974
1036,2024-01-29,2.76,42.26,6.031
1036,2024-01-30,2.356,43.51,6.381
1036,2024-01-31,2.685,43.17,6.169
1036,2024-02-01,2.963,42.43,6.059
1036,2024-02-02,2.591,42.73,6.335
1036,2024-02-03,2.337,42.94,6.178
1036,2024-02-04,2.508,42.71,6.173
1036,2024-02-05,2.262,44.01,6.315
1036,2024-02-06,2.653,43.98,6.205
1036,2024-02-07,2.809,43.36,6.432
1036,2024-02-08,2.676,42.87,6.375
1036,2024-02-09,2.504,41.83,6.011
1036,2024-02-10,2.504,43.65,6.251
1036,2024-02-11,2.585,43.72,6.045
1036,2024-02-12,2.526,43.85,6.39
1036,2024-02-13,2.378,42.79,6.342
1036,2024-02-14,2.561,43.69,6.238
1036,2024-02-15,2.345,43.52,6.228
1036,2024-02-16,2.717,43.53,6.405
1036,2024-02-17,2.197,42.76,6.343
1036,2024-02-18,2.589,44.51,5.872
1036,2024-02-19,2.641,43.23,6.542
1036,2024-02-20,2.781,43.62,6.157
1036,2024-02-21,2.42,44.06,6.291
1036,2024-02-22,2.754,43.4,6.249
1036,2024-02-23,2.564,43.83,6.247
1036,2024-02-24,2.615,43.73,6.191
1036,2024-02-25,2.7,44.15,6.2
1036,2024-02-26,2.82,43.91,6.207
1036,2024-02-27,2.973,44.33,6.213
1036,2024-02-28,3.16,44.85,6.198
1036,2024-02-29,3.381,45.46,6.033
1036,2024-03-01,3.637,46.16,6.158
1036,2024-03-02,3.926,46.96,6.134
1036,2024-03-03,4.25,47.85,6.081
1036,2024-03-04,4.607,48.84,6.077
1036,2024-03-05,4.999,49.92,6.045
1036,2024-03-06,5.425,51.09,6.009
1036,2024-03-07,5.884,52.36,5.971
1036,2024-03-08,6.378,53.72,5.93
1036,2024-03-09,6.906,55.18,5.886
1036,2024-03-10,7.468,56.73,5.839
1036,2024-03-11,8.064,58.37,5.789
1036,2024-03-12,8.694,60.11,5.737
1036,2024-03-13,9.358,61.94,5.682
1036,2024-03-14,2.63,42.81,6.229
1036,2024-03-15,2.48,43.9,6.361
1036,2024-03-16,2.813,43.92,6.084
1036,2024-03-17,2.676,42.62,6.586
1036,2024-03-18,2.625,44.21,6.249
1036,2024-03-19,2.434,44.01,6.378
1036,2024-03-20,,,
1036,2024-03-21,2.599,43.04,6.054
1036,2024-03-22,2.892,41.88,6.231
1036,2024-03-23,2.51,45.37,6.212
1036,2024-03-24,2.755,43.02,6.201
1036,2024-03-25,2.484,44.38,6.214
1036,2024-03-26,2.577,44.48,6.283
1036,2024-03-27,2.274,42.76,6.214
1036,2024-03-28,2.866,43.85,6.163
1036,2024-03-29,2.407,42.53,6.394
1036,2024-03-30,2.243,42.22,6.005
1036,2024-03-31,2.292,42.62,6.32
1036,2024-04-01,2.321,43.4,6.514
1036,2024-04-02,2.832,44.14,6.101
1036,2024-04-03,2.59,43.3,6.333
1036,2024-04-04,2.506,42.48,6.305
1036,2024-04-05,2.518,41.64,6.403
1036,2024-04-06,2.384,43.3,6.452
1036,2024-04-07,2.595,46.78,6.168
1036,2024-04-08,2.543,44.15,5.965
1036,2024-04-09,2.954,43.07,6.288
1036,2024-04-10,2.35,43.13,6.37
1036,2024-04-11,2.572,44.22,6.446
1036,2024-04-12,2.74,42.57,6.543
1036,2024-04-13,3.0,41.8,6.111
1036,2024-04-14,2.612,43.81,6.173
1036,2024-04-15,2.385,43.65,6.167
1036,2024-04-16,2.45,45.35,6.058
1036,2024-04-17,2.807,43.03,6.158
1036,2024-04-18,2.818,44.04,6.052
1036,2024-04-19,2.361,43.34,6.198
1036,2024-04-20,2.763,43.19,6.09
1036,2024-04-21,2.388,43.25,6.305
1036,2024-04-22,2.394,42.89,6.291
1036,2024-04-23,2.695,42.85,6.207
1036,2024-04-24,2.655,44.49,6.112
1036,2024-04-25,2.317,43.54,6.317
1036,2024-04-26,2.586,42.68,6.189
1036,2024-04-27,2.688,42.67,6.257
1036,2024-04-28,2.701,43.6,6.173
1036,2024-04-29,2.642,42.74,6.233
1036,2024-04-30,2.994,43.1,6.374
1036,2024-05-01,2.353,43.44,6.371
1036,2024-05-02,2.299,42.61,6.126
1036,2024-05-03,2.338,42.24,6.245
1036,2024-05-04,2.224,42.58,6.004
1036,2024-05-05,2.529,44.43,6.41
1036,2024-05-06,2.693,42.5,6.335
1036,2024-05-07,2.473,44.06,6.277
1036,2024-05-08,2.418,43.83,6.437
1036,2024-05-09,2.879,43.61,6.259
1036,2024-05-10,2.53,44.72,6.433
1036,2024-05-11,2.564,44.82,6.302
1036,2024-05-12,2.546,42.64,6.374
1036,2024-05-13,2.57,44.63,6.283
1036,2024-05-14,2.439,42.71,6.377
1036,2024-05-15,2.573,43.04,6.186
1036,2024-05-16,2.247,44.52,6.413
1036,2024-05-17,2.802,43.16,6.319
1036,2024-05-18,2.764,41.15,6.208
1036,2024-05-19,2.549,42.69,6.1
1036,2024-05-20,2.749,41.72,6.329
1036,2024-05-21,2.391,42.71,6.382
1036,2024-05-22,2.761,42.73,6.147
1036,2024-05-23,2.453,43.93,6.599
1036,2024-05-24,2.771,42.84,6.05
1036,2024-05-25,2.415,42.71,6.061
1036,2024-05-26,2.583,42.12,6.352
1036,2024-05-27,2.523,43.69,6.188
1036,2024-05-28,2.925,42.98,6.186
1036,2024-05-29,2.632,42.35,6.11
1036,2024-05-30,2.635,43.28,6.143
1036,2024-05-31,2.732,44.58,5.944
1036,2024-06-01,2.421,41.79,6.278
1036,2024-06-02,,,
1036,2024-06-03,2.332,43.95,6.413
1036,2024-06-04,2.591,42.28,6.286
1036,2024-06-05,2.442,42.66,6.236
1036,2024-06-06,2.601,42.24,6.213
1036,2024-06-07,2.659,43.58,5.994
1036,2024-06-08,2.35,43.63,6.267
1036,2024-06-09,2.819,43.9,6.429
1036,2024-06-10,2.519,44.25,6.258
1036,2024-06-11,2.447,42.22,6.19
1036,2024-06-12,2.938,44.42,6.192
1036,2024-06-13,2.411,41.25,6.085
1036,2024-06-14,2.883,43.86,6.443
1036,2024-06-15,2.541,42.45,6.341
1036,2024-06-16,2.762,41.9,6.266
1036,2024-06-17,2.246,44.1,6.303
1036,2024-06-18,2.474,43.75,5.962
1036,2024-06-19,2.718,42.02,6.188
1036,2024-06-20,2.666,42.43,6.091
1036,2024-06-21,2.476,43.22,6.449
1036,2024-06-22,2.435,44.05,6.271
1036,2024-06-23,2.357,45.21,6.328
1036,2024-06-24,2.455,42.43,6.146
1036,2024-06-25,2.788,42.72,6.197
1036,2024-06-26,2.454,42.56,6.222
1036,2024-06-27,2.794,44.55,6.002
1036,2024-06-28,2.666,42.94,6.397
1036,2024-06-29,2.605,42.95,6.165
1036,2024-06-30,2.241,42.31,6.009
1036,2024-07-01,2.8,41.09,6.238
1036,2024-07-02,2.841,43.03,6.494
1036,2024-07-03,2.405,42.74,6.161
1036,2024-07-04,2.237,43.64,6.22
1036,2024-07-05,2.396,40.88,6.246
1036,2024-07-06,2.655,42.61,6.472
1036,2024-07-07,2.594,42.64,6.249
1036,2024-07-08,2.888,43.2,6.424
1036,2024-07-09,2.617,43.55,6.044
1036,2024-07-10,2.605,42.69,6.342
1036,2024-07-11,2.504,43.01,6.283
1036,2024-07-12,2.592,40.34,6.083
1036,2024-07-13,,,
1036,2024-07-14,2.492,43.41,6.235
1036,2024-07-15,2.536,42.82,6.112
1036,2024-07-16,2.681,42.12,6.326
1036,2024-07-17,2.808,43.43,6.21
1036,2024-07-18,2.708,43.07,6.017
1036,2024-07-19,2.547,43.94,6.152
1036,2024-07-20,2.705,42.52,6.386
1036,2024-07-21,2.347,41.94,6.649
1036,2024-07-22,2.675,44.74,6.397
1036,2024-07-23,2.672,44.26,6.307
1036,2024-07-24,2.611,42.81,6.412
1036,2024-07-25,2.516,43.37,6.337
1036,2024-07-26,2.326,42.56,5.862
1036,2024-07-27,2.689,42.88,5.965
1036,2024-07-28,2.444,41.47,6.445
1036,2024-07-29,2.537,44.84,6.373
1036,2024-07-30,2.491,42.7,6.302
1036,2024-07-31,2.712,41.73,6.694
1036,2024-08-01,2.712,43.54,6.328
1036,2024-08-02,2.46,43.24,6.304
1036,2024-08-03,2.504,42.9,6.336
1036,2024-08-04,2.722,44.44,6.118
1036,2024-08-05,2.752,41.36,6.143
1036,2024-08-06,2.467,43.42,6.129
1036,2024-08-07,2.569,43.16,6.019
1036,2024-08-08,2.594,43.18,6.239
1036,2024-08-09,2.588,43.87,6.059
1036,2024-08-10,2.647,43.39,6.1
1036,2024-08-11,2.71,43.57,6.089
1036,2024-08-12,2.801,43.8,5.998
1036,2024-08-13,2.913,44.16,5.888
1036,2024-08-14,3.045,44.42,5.758
1036,2024-08-15,3.198,44.8,5.608
1036,2024-08-16,3.37,45.24,5.437
1036,2024-08-17,3.564,45.73,5.247
1036,2024-08-18,3.777,46.27,5.037
1036,2024-08-19,4.011,46.86,4.806
1036,2024-08-20,4.265,47.51,4.556
1036,2024-08-21,4.539,48.2,4.285
1036,2024-08-22,4.834,48.95,3.995
1036,2024-08-23,5.149,49.74,3.684
1036,2024-08-24,5.485,50.59,3.354
1036,2024-08-25,5.84,51.49,3.003
1036,2024-08-26,6.216,52.45,2.632
1036,2024-08-27,6.613,53.45,2.242
1036,2024-08-28,2.314,43.17,5.998
1036,2024-08-29,2.853,42.85,6.214
1036,2024-08-30,2.911,41.73,6.302
1036,2024-08-31,2.223,43.86,6.569
1036,2024-09-01,2.454,45.21,6.268
1036,2024-09-02,2.394,43.22,6.201
1036,2024-09-03,2.934,42.11,6.324
1036,2024-09-04,2.191,44.6,6.46
1036,2024-09-05,2.364,43.61,6.19
1036,2024-09-06,2.685,42.77,5.845
1036,2024-09-07,2.383,44.04,6.581
1036,2024-09-08,2.691,45.29,6.202
1036,2024-09-09,2.725,42.23,6.145
1036,2024-09-10,2.21,40.79,6.339
1036,2024-09-11,2.114,41.52,6.179
1036,2024-09-12,2.637,43.61,6.406
1036,2024-09-13,2.543,43.54,6.366
1036,2024-09-14,2.501,40.37,6.387
1036,2024-09-15,2.655,41.82,6.201
1036,2024-09-16,2.686,42.76,6.052
1036,2024-09-17,2.443,40.89,6.186
1036,2024-09-18,2.28,43.94,6.52
1036,2024-09-19,2.811,43.24,6.314
1036,2024-09-20,2.377,42.4,6.224
1036,2024-09-21,2.524,41.59,6.06
1036,2024-09-22,2.484,42.6,6.19
1036,2024-09-23,,,
1036,2024-09-24,2.208,43.4,6.134
1036,2024-09-25,2.44,42.3,6.225
1036,2024-09-26,2.575,43.84,6.489
1036,2024-09-27,2.395,43.42,6.271
1036,2024-09-28,2.618,41.52,6.28
1036,2024-09-29,2.432,42.88,6.421
1036,2024-09-30,2.851,43.33,6.223
1036,2024-10-01,2.836,43.86,6.252
1036,2024-10-02,2.406,43.48,6.237
1036,2024-10-03,2.518,41.31,6.485
1036,2024-10-04,2.79,42.04,6.235
1036,2024-10-05,2.39,43.71,6.305
1036,2024-10-06,2.376,41.42,6.263
1036,2024-10-07,2.531,43.81,6.105
1036,2024-10-08,2.507,43.44,6.182
1036,2024-10-09,2.267,42.46,6.558
1036,2024-10-10,2.52,43.58,6.361
1036,2024-10-11,2.589,43.22,6.301
1036,2024-10-12,2.927,43.82,6.089
1036,2024-10-13,2.621,43.38,6.35
1036,2024-10-14,2.734,43.65,6.212
1036,2024-10-15,2.436,42.13,6.178
1036,2024-10-16,2.4,42.4,6.405
1036,2024-10-17,2.378,43.78,6.151
1036,2024-10-18,2.426,42.86,6.19
1036,2024-10-19,2.379,42.14,6.361
1036,2024-10-20,2.699,43.37,6.383
1036,2024-10-21,2.356,42.38,6.292
1036,2024-10-22,2.562,44.44,6.403
1036,2024-10-23,2.768,42.61,5.877
1036,2024-10-24,2.219,43.61,6.303
1036,2024-10-25,2.355,42.86,6.252
1036,2024-10-26,2.974,44.02,6.204
1036,2024-10-27,2.778,42.72,6.211
1036,2024-10-28,2.512,43.65,6.085
1036,2024-10-29,2.788,43.45,6.21
1036,2024-10-30,2.407,43.08,6.201
1036,2024-10-31,2.427,42.82,6.362
1036,2024-11-01,2.743,41.83,6.432
1036,2024-11-02,2.413,42.49,6.236
1036,2024-11-03,2.531,42.28,6.132
1036,2024-11-04,2.585,42.59,6.245
1036,2024-11-05,2.591,43.57,6.32
1036,2024-11-06,2.469,45.41,6.011
1036,2024-11-07,2.613,44.28,6.315
1036,2024-11-08,2.729,43.02,6.134
1036,2024-11-09,2.284,44.2,6.444
1036,2024-11-10,2.87,44.51,6.254
1036,2024-11-11,2.573,42.99,6.405
1036,2024-11-12,2.547,43.16,6.147
1036,2024-11-13,2.564,43.22,6.188
1036,2024-11-14,2.615,43.39,6.24
1036,2024-11-15,2.699,43.69,6.183
1036,2024-11-16,2.818,44.11,6.214
1036,2024-11-17,2.97,44.64,6.194
1036,2024-11-18,3.156,45.29,5.888
1036,2024-11-19,3.375,46.06,6.142
1036,2024-11-20,3.629,46.95,6.101
1036,2024-11-21,3.916,47.96,6.072
1036,2024-11-22,4.237,49.09,6.03
1036,2024-11-23,4.592,50.33,5.984
1036,2024-11-24,4.981,51.7,5.934
1036,2024-11-25,5.404,53.18,5.879
1036,2024-11-26,5.86,54.78,5.82
1036,2024-11-27,6.35,56.5,5.757
1036,2024-11-28,6.874,58.34,5.689
1036,2024-11-29,7.432,60.3,5.617
1036,2024-11-30,8.024,62.37,5.54
1036,2024-12-01,8.649,64.57,5.459
1036,2024-12-02,9.308,66.88,5.374
1036,2024-12-03,,,
1036,2024-12-04,2.301,42.99,6.323
1036,2024-12-05,2.373,45.78,6.208
1036,2024-12-06,2.744,42.81,6.273
1036,2024-12-07,2.033,42.33,6.187
1036,2024-12-08,2.657,44.78,6.401
1036,2024-12-09,2.778,42.44,6.23
1036,2024-12-10,2.566,43.3,6.504
1036,2024-12-11,2.698,41.79,6.204
1036,2024-12-12,2.491,41.52,6.164
1036,2024-12-13,2.414,43.0,6.216
1036,2024-12-14,2.376,43.2,6.084
1036,2024-12-15,2.828,45.05,6.01
1036,2024-12-16,2.448,44.5,6.189
1036,2024-12-17,2.515,43.25,6.199
1036,2024-12-18,2.64,42.54,6.112
1036,2024-12-19,2.688,44.17,6.202
1036,2024-12-20,2.559,42.69,6.255
1036,2024-12-21,2.566,41.79,6.075
1036,2024-12-22,2.408,44.35,6.132
1036,2024-12-23,2.855,40.81,6.266
1036,2024-12-24,2.568,44.92,6.296
1036,2024-12-25,2.888,43.74,6.052
1036,2024-12-26,2.794,43.33,6.163
1036,2024-12-27,2.6,43.7,6.166
1036,2024-12-28,2.396,42.73,6.466
1036,2024-12-29,2.635,43.79,6.231
1036,2024-12-30,2.486,44.35,6.651
1036,2024-12-31,2.259,42.7,6.144
1036,2025-01-01,2.666,43.64,6.087
1036,2025-01-02,2.322,44.12,6.252
1036,2025-01-03,2.613,43.93,6.339
1036,2025-01-04,2.591,42.99,6.088
1036,2025-01-05,2.394,43.5,6.099
1036,2025-01-06,2.658,41.28,6.12
1036,2025-01-07,2.638,43.45,5.964
1036,2025-01-08,2.756,43.27,6.319
1036,2025-01-09,2.88,41.76,6.192
1036,2025-01-10,2.525,42.28,6.165
1036,2025-01-11,2.417,41.44,6.291
1036,2025-01-12,2.995,43.32,6.213
1036,2025-01-13,2.674,44.5,6.398
1036,2025-01-14,2.633,44.12,6.184
1036,2025-01-15,2.83,41.45,6.444
1036,2025-01-16,2.102,43.12,6.028
1036,2025-01-17,2.493,43.19,6.264
1036,2025-01-18,2.663,41.94,6.092
1036,2025-01-19,2.594,43.93,5.999
1036,2025-01-20,2.838,42.0,6.405
1036,2025-01-21,2.571,41.28,6.323
1036,2025-01-22,2.35,43.26,5.978
1036,2025-01-23,2.725,41.39,6.401
1036,2025-01-24,2.312,41.12,6.113
1036,2025-01-25,2.768,44.66,6.333
1036,2025-01-26,,,
1036,2025-01-27,2.28,42.86,6.285
1036,2025-01-28,2.507,43.51,5.999
1036,2025-01-29,2.793,43.64,6.16
1036,2025-01-30,2.383,44.6,6.329
1036,2025-01-31,2.442,42.65,6.089
1036,2025-02-01,2.578,41.51,5.991
1036,2025-02-02,2.499,41.76,6.169
1036,2025-02-03,2.405,43.15,6.343
1036,2025-02-04,2.434,43.62,6.383
1036,2025-02-05,2.38,43.38,6.107
1036,2025-02-06,2.644,44.09,6.01
1036,2025-02-07,2.856,41.29,6.218
1036,2025-02-08,2.586,43.54,6.419
1036,2025-02-09,2.792,43.42,6.194
1036,2025-02-10,2.08,42.92,6.542
1036,2025-02-11,2.812,43.88,6.262
1036,2025-02-12,2.601,43.25,6.226
1036,2025-02-13,2.613,44.09,6.179
1036,2025-02-14,2.744,42.08,6.221
1036,2025-02-15,2.727,43.58,6.019
1036,2025-02-16,2.469,41.02,6.48
1036,2025-02-17,2.615,42.23,6.126
1036,2025-02-18,2.702,43.26,6.206
1036,2025-02-19,2.634,43.17,6.291
1036,2025-02-20,2.558,45.38,6.271
1036,2025-02-21,2.387,45.36,6.093
1036,2025-02-22,2.616,43.74,6.541
1036,2025-02-23,2.363,44.31,6.228
1036,2025-02-24,2.208,42.75,6.127
1036,2025-02-25,2.56,43.4,6.33
1036,2025-02-26,2.563,44.34,6.535
1036,2025-02-27,2.491,45.25,6.39
1036,2025-02-28,2.726,42.72,6.447
1036,2025-03-01,2.542,42.74,6.127
1036,2025-03-02,2.778,42.8,5.932
1036,2025-03-03,2.429,44.21,6.015
1036,2025-03-04,2.572,42.94,6.276
1036,2025-03-05,2.492,42.95,5.967
1036,2025-03-06,2.189,41.62,6.277
1036,2025-03-07,2.448,42.72,5.981
1036,2025-03-08,2.373,43.14,6.132
1036,2025-03-09,2.782,43.57,6.101
1036,2025-03-10,,,
1036,2025-03-11,2.53,41.17,6.105
1036,2025-03-12,2.578,43.28,6.286
1036,2025-03-13,2.6,43.25,6.298
1036,2025-03-14,2.527,44.21,6.454
1036,2025-03-15,2.532,42.71,6.152
1036,2025-03-16,2.593,41.37,6.37
1036,2025-03-17,2.669,40.72,6.233
1036,2025-03-18,2.286,43.45,6.136
1036,2025-03-19,2.389,42.23,6.124
1036,2025-03-20,2.018,42.38,6.162
1036,2025-03-21,2.213,43.12,6.005
1036,2025-03-22,2.693,42.35,6.222
1036,2025-03-23,2.801,42.38,6.301
1036,2025-03-24,2.871,43.1,6.093
1036,2025-03-25,,,
1036,2025-03-26,2.602,43.11,6.369
1036,2025-03-27,2.462,42.95,6.181
1036,2025-03-28,2.435,43.92,6.182
1036,2025-03-29,2.599,43.62,6.092
1036,2025-03-30,2.823,42.16,6.396
1036,2025-03-31,2.505,43.04,6.208
1036,2025-04-01,2.562,43.52,6.482
1036,2025-04-02,2.636,41.98,6.367
1036,2025-04-03,2.506,44.71,6.248
1036,2025-04-04,2.295,42.66,6.051
1036,2025-04-05,2.373,42.95,6.283
1036,2025-04-06,2.601,44.07,6.326
1036,2025-04-07,2.334,42.72,6.14
1036,2025-04-08,2.293,43.99,6.043
1036,2025-04-09,2.419,42.86,6.098
1036,2025-04-10,2.332,43.63,6.201
1036,2025-04-11,2.816,42.15,6.568
1036,2025-04-12,2.668,42.0,6.318
1036,2025-04-13,2.522,42.95,6.191
1036,2025-04-14,2.399,42.58,5.912
1036,2025-04-15,2.841,42.67,6.462
1036,2025-04-16,2.467,42.3,6.128
1036,2025-04-17,2.278,42.53,6.199
1036,2025-04-18,2.549,43.82,6.169
1036,2025-04-19,2.541,42.54,6.452
1036,2025-04-20,2.855,43.24,6.349
1036,2025-04-21,2.572,44.85,6.147
1036,2025-04-22,2.493,42.9,6.666
1036,2025-04-23,2.723,44.26,6.337
1036,2025-04-24,2.716,43.16,6.249
1036,2025-04-25,2.56,43.18,6.24
1036,2025-04-26,2.585,43.26,6.159
1036,2025-04-27,2.712,43.39,6.108
1036,2025-04-28,2.749,44.5,6.101
1036,2025-04-29,2.786,44.16,6.017
1036,2025-04-30,2.891,44.11,5.915
1036,2025-05-01,3.015,44.45,5.795
1036,2025-05-02,3.159,44.84,5.656
1036,2025-05-03,3.321,45.29,5.498
1036,2025-05-04,3.503,45.79,5.322
1036,2025-05-05,3.703,46.35,5.128
1036,2025-05-06,3.923,46.95,4.915
1036,2025-05-07,4.162,47.61,4.683
1036,2025-05-08,4.42,48.33,4.433
1036,2025-05-09,4.697,49.09,4.164
1036,2025-05-10,4.993,49.91,3.877
1036,2025-05-11,5.309,50.78,3.571
1036,2025-05-12,5.643,51.7,3.247
1036,2025-05-13,5.997,52.68,2.904
1036,2025-05-14,6.369,53.71,2.543
1036,2025-05-15,2.443,46.32,6.309
1036,2025-05-16,2.484,43.43,6.173
1036,2025-05-17,2.419,43.0,6.023
1036,2025-05-18,2.543,44.31,6.153
1036,2025-05-19,2.43,44.6,6.08
1036,2025-05-20,2.404,41.72,6.358
1036,2025-05-21,2.526,42.24,6.095
1036,2025-05-22,2.513,44.36,6.342
1036,2025-05-23,2.568,41.62,6.377
1036,2025-05-24,2.277,43.44,6.238
1036,2025-05-25,2.587,42.39,6.322
1036,2025-05-26,2.458,41.81,6.43
1036,2025-05-27,2.517,44.22,6.281
1036,2025-05-28,2.598,43.25,6.434
1036,2025-05-29,2.46,43.08,6.222
1036,2025-05-30,2.727,44.12,6.299
1036,2025-05-31,2.788,42.13,6.138
1036,2025-06-01,2.474,43.85,6.308
1036,2025-06-02,2.331,42.16,6.224
1036,2025-06-03,2.17,41.69,6.096
1036,2025-06-04,2.599,43.15,6.178
1036,2025-06-05,2.411,44.51,6.157
1036,2025-06-06,2.528,43.68,6.27
1036,2025-06-07,2.685,42.65,6.089
1036,2025-06-08,2.52,42.49,6.131
1036,2025-06-09,2.736,42.28,5.83
1036,2025-06-10,2.107,43.4,6.313
1036,2025-06-11,2.482,44.1,6.02
1036,2025-06-12,2.743,41.93,6.219
1036,2025-06-13,2.736,43.44,6.315
1036,2025-06-14,2.147,43.73,6.324
1036,2025-06-15,2.374,44.28,6.368
1036,2025-06-16,2.592,43.57,6.212
1036,2025-06-17,2.641,43.32,6.172
1036,2025-06-18,2.161,43.57,6.353
1036,2025-06-19,2.468,42.59,6.165
1036,2025-06-20,2.46,42.8,6.177
1036,2025-06-21,2.766,43.25,6.254
1036,2025-06-22,2.476,40.21,6.242
1036,2025-06-23,2.508,43.32,6.269
1036,2025-06-24,2.755,42.69,6.266
1036,2025-06-25,2.684,44.73,6.322
1036,2025-06-26,2.277,42.06,6.34
1036,2025-06-27,2.567,42.41,6.368
1036,2025-06-28,2.545,42.16,5.911
1036,2025-06-29,2.821,43.58,6.092
1036,2025-06-30,2.788,44.63,6.099
1036,2025-07-01,2.378,42.78,6.473
1036,2025-07-02,2.887,42.44,6.279
1036,2025-07-03,2.444,43.2,6.082
1036,2025-07-04,2.861,44.69,6.082
1036,2025-07-05,2.685,42.81,6.167
1036,2025-07-06,2.405,41.92,6.197
1036,2025-07-07,2.38,42.72,6.521
1036,2025-07-08,2.536,43.79,6.471
1036,2025-07-09,2.72,45.54,6.136
1036,2025-07-10,2.286,43.42,6.411
1036,2025-07-11,2.414,42.62,6.325
1036,2025-07-12,2.88,42.75,6.163
1036,2025-07-13,2.722,42.87,6.195
1036,2025-07-14,2.72,42.67,5.989
1036,2025-07-15,2.682,43.87,6.115
1036,2025-07-16,2.67,42.92,6.434
1036,2025-07-17,2.481,43.02,6.164
1036,2025-07-18,2.62,43.71,6.461
1036,2025-07-19,2.283,41.78,6.393
1036,2025-07-20,2.514,41.98,6.147
1036,2025-07-21,2.65,42.57,6.306
1036,2025-07-22,2.575,42.8,6.597
1036,2025-07-23,2.646,44.03,6.415
1036,2025-07-24,2.488,42.76,6.216
1036,2025-07-25,2.773,42.73,6.524
1036,2025-07-26,2.467,41.17,6.227
1036,2025-07-27,2.982,42.78,6.198
1036,2025-07-28,2.552,43.85,6.318
1036,2025-07-29,2.676,43.06,6.35
1036,2025-07-30,2.82,44.35,6.16
1036,2025-07-31,2.611,42.13,6.143
1036,2025-08-01,2.26,44.52,6.517
1036,2025-08-02,2.545,43.51,6.116
1036,2025-08-03,2.484,44.37,6.186
1036,2025-08-04,2.335,43.49,6.106
1036,2025-08-05,2.515,44.7,6.205
1036,2025-08-06,2.386,44.03,6.188
1036,2025-08-07,2.543,43.88,6.433
1036,2025-08-08,2.322,42.62,6.177
1036,2025-08-09,2.661,42.68,6.488
1036,2025-08-10,2.46,43.67,6.215
1036,2025-08-11,2.788,41.03,6.347
1036,2025-08-12,2.233,43.6,6.249
1036,2025-08-13,2.484,43.7,5.853
1036,2025-08-14,2.433,44.19,6.237
1036,2025-08-15,2.421,42.75,6.379
1036,2025-08-16,2.306,42.22,6.402
1036,2025-08-17,2.08,42.61,6.337
1036,2025-08-18,2.765,44.35,6.332
1036,2025-08-19,2.99,44.0,6.419
1036,2025-08-20,2.513,44.46,6.11
1036,2025-08-21,2.546,43.43,6.131
1036,2025-08-22,,,
1036,2025-08-23,2.425,42.19,6.351
1036,2025-08-24,2.609,43.19,6.421
1036,2025-08-25,2.859,42.17,6.243
1036,2025-08-26,2.526,42.68,6.118
1036,2025-08-27,2.534,41.81,6.169
1036,2025-08-28,2.842,42.49,6.19
1036,2025-08-29,2.791,44.69,6.115
1036,2025-08-30,2.263,42.96,5.932
1036,2025-08-31,2.293,42.28,6.139
1036,2025-09-01,2.758,43.25,6.095
1036,2025-09-02,2.456,43.83,6.343
1036,2025-09-03,2.095,44.33,6.116
1036,2025-09-04,2.697,41.1,6.456
1036,2025-09-05,2.587,42.74,6.063
1036,2025-09-06,2.506,43.86,6.228
1036,2025-09-07,2.378,43.61,6.049
1036,2025-09-08,2.389,42.49,6.346
1036,2025-09-09,2.528,42.48,6.282
1036,2025-09-10,2.945,42.49,6.362
1036,2025-09-11,2.561,42.89,6.362
1036,2025-09-12,2.997,43.58,6.538
1036,2025-09-13,2.6,42.99,6.069
1036,2025-09-14,2.731,44.65,6.287
1036,2025-09-15,2.544,42.89,6.173
1036,2025-09-16,2.694,41.85,6.226
1036,2025-09-17,2.318,42.83,6.305
1036,2025-09-18,2.686,43.64,6.277
1036,2025-09-19,2.294,41.22,5.923
1036,2025-09-20,2.405,44.95,6.171
1036,2025-09-21,2.451,42.49,6.497
1036,2025-09-22,2.267,41.05,6.303
1036,2025-09-23,2.401,44.01,6.395
1036,2025-09-24,2.417,44.38,6.142
1036,2025-09-25,2.61,40.83,6.135
1036,2025-09-26,2.656,44.53,6.291
1036,2025-09-27,2.642,42.99,6.408
1036,2025-09-28,2.155,43.77,6.078
1036,2025-09-29,2.543,43.35,6.277
1036,2025-09-30,2.628,44.17,6.407
1036,2025-10-01,2.297,43.46,6.419
1036,2025-10-02,2.508,41.48,6.166
1036,2025-10-03,2.477,42.59,6.22
1036,2025-10-04,3.017,42.44,6.017
1036,2025-10-05,2.488,43.31,6.066
1036,2025-10-06,2.466,42.84,6.301
1036,2025-10-07,2.253,43.66,6.165
1036,2025-10-08,2.144,42.5,6.126
1036,2025-10-09,2.615,41.7,5.982
1036,2025-10-10,2.389,43.49,6.269
1036,2025-10-11,2.578,43.98,6.319
1036,2025-10-12,2.499,43.32,6.267
1036,2025-10-13,2.354,44.48,5.85
1036,2025-10-14,2.292,43.64,6.47
1036,2025-10-15,2.88,44.27,6.016
1036,2025-10-16,2.64,44.25,6.234
1036,2025-10-17,2.422,42.36,6.231
1036,2025-10-18,2.414,45.45,6.697
1036,2025-10-19,2.166,42.98,6.362
1036,2025-10-20,2.301,43.57,6.117
1036,2025-10-21,2.23,41.47,6.565
1036,2025-10-22,2.171,42.8,6.516
1036,2025-10-23,2.444,41.97,6.186
1036,2025-10-24,2.51,42.88,5.994
1036,2025-10-25,2.931,42.1,6.152
1036,2025-10-26,2.641,43.25,6.216
1036,2025-10-27,2.729,43.53,6.508
1036,2025-10-28,2.647,44.23,6.26
1036,2025-10-29,2.279,41.81,6.185
1036,2025-10-30,2.275,44.21,6.109
1036,2025-10-31,2.515,44.19,6.389
1036,2025-11-01,2.689,43.26,6.287
1036,2025-11-02,2.817,43.21,6.123
1036,2025-11-03,2.612,43.32,6.436
1036,2025-11-04,2.732,43.61,6.442
1036,2025-11-05,2.59,43.16,6.098
1036,2025-11-06,2.672,43.26,6.243
1036,2025-11-07,2.584,44.71,5.992
1036,2025-11-08,2.726,43.36,6.193
1036,2025-11-09,2.693,43.52,6.15
1036,2025-11-10,2.775,44.31,6.095
1036,2025-11-11,2.876,43.97,6.028
1036,2025-11-12,2.995,44.54,5.948
1036,2025-11-13,3.132,44.6,5.856
1036,2025-11-14,3.287,44.99,5.751
1036,2025-11-15,3.46,45.42,5.634
1036,2025-11-16,3.652,45.89,5.505
1036,2025-11-17,3.862,46.41,5.364
1036,2025-11-18,4.09,46.97,5.21
1036,2025-11-19,4.337,47.58,5.045
1036,2025-11-20,4.601,48.24,4.866
1036,2025-11-21,4.885,48.94,4.676
1036,2025-11-22,5.186,49.69,4.473
1036,2025-11-23,5.505,50.48,4.258
1036,2025-11-24,5.843,51.31,4.031
1036,2025-11-25,6.199,52.19,3.791
1036,2025-11-26,2.671,42.46,6.298
1036,2025-11-27,2.468,42.95,6.008
1036,2025-11-28,2.418,41.67,6.235
1036,2025-11-29,2.612,41.31,6.238
1036,2025-11-30,,,
1036,2025-12-01,2.556,43.18,6.239
1036,2025-12-02,2.762,43.24,6.211
1036,2025-12-03,2.624,43.33,6.163
1036,2025-12-04,2.683,43.47,6.096
1036,2025-12-05,2.759,45.35,6.01
1036,2025-12-06,2.853,43.87,5.904
1036,2025-12-07,2.963,44.12,5.78
1036,2025-12-08,3.09,44.42,5.636
1036,2025-12-09,3.234,44.75,5.474
1036,2025-12-10,3.395,45.13,5.292
1036,2025-12-11,3.573,45.54,5.091
1036,2025-12-12,3.769,46.0,4.871
1036,2025-12-13,3.981,46.49,4.632
1036,2025-12-14,4.21,47.02,4.374
1036,2025-12-15,4.456,47.59,4.096
1036,2025-12-16,4.719,48.21,3.8
1036,2025-12-17,4.998,48.86,3.484
1036,2025-12-18,5.295,49.55,3.149
1036,2025-12-19,5.609,50.28,2.795
1036,2025-12-20,5.94,51.05,2.422
1036,2025-12-21,2.599,43.59,6.17
1036,2025-12-22,2.644,43.55,6.348
1036,2025-12-23,2.471,43.84,6.067
1036,2025-12-24,2.773,43.88,6.226
1036,2025-12-25,2.613,43.14,6.093
1036,2025-12-26,2.603,42.64,6.407
1036,2025-12-27,2.617,42.13,6.341
1036,2025-12-28,2.883,44.83,6.171
1036,2025-12-29,2.638,44.01,6.151
1036,2025-12-30,2.518,43.12,6.274
1036,2025-12-31,2.356,43.14,5.924
